32768
8889
6972
4859
2859
5332
9529
3018
2650
6423
7329
7094
1126
4744
2304
7413
4958
3504
697
8421
1359
3073
3341
8582
168
8588
7679
2282
4840
6628
3155
7412
2839
4444
6961
6955
3441
4595
624
7557
492
6101
9696
1143
4137
8877
1993
6666
238
228
3717
2146
7839
4767
2782
6984
2098
3392
7591
1336
1885
2700
4709
7151
5477
6827
1431
1590
7208
9240
22
2667
3489
1021
1409
8232
6867
8933
2742
3815
1021
3349
8115
614
515
623
2710
8240
3599
8345
1469
411
1563
5871
1445
7549
4168
676
8919
967
7787
8274
6815
2379
9050
4535
5261
446
2844
3888
4345
1060
8466
8772
7381
3562
3486
5090
483
5883
4100
598
6781
5457
4217
804
1172
9924
9770
7827
1452
8582
4147
6660
1395
5670
4445
617
8047
5522
949
7349
5851
631
7470
9531
43
392
3897
4668
93
1537
3154
8440
9831
7604
2093
6313
8076
5506
2239
8156
5638
3757
5240
3660
1828
2184
220
6676
9809
6638
7694
2914
1490
2889
4311
7864
9708
7377
1253
8377
4879
1688
2208
8386
2814
1252
3637
8657
5620
6509
6624
6672
352
4842
6210
2480
2459
623
4890
7116
8657
1732
9443
8091
9543
3224
3588
4996
2570
8706
5521
1649
1172
7405
6367
7994
6777
6816
2497
6751
6760
3900
6733
4365
333
7958
8909
2189
5256
1279
4511
2677
5752
9117
6491
1228
9045
5899
4493
6490
2769
9093
8434
3837
880
4871
9900
5318
2596
2831
108
7945
8493
3806
3015
8032
6418
7194
3028
1471
8868
2086
141
5987
5217
7309
5077
6239
3642
4650
5016
9698
2399
7905
9545
1641
1850
7003
9719
9159
2773
5184
1241
8378
2787
7428
7657
8096
6582
266
5693
9672
7621
1488
2590
1887
4889
6535
7127
9060
3215
9309
3122
3484
8678
9892
8835
3962
8858
4483
1494
5039
8739
2512
7169
657
6839
388
1108
4539
6733
7515
2392
4086
3621
1366
1592
9869
2428
4786
3293
2894
8584
1542
5036
2134
7548
2910
2974
8239
8894
1363
7684
5075
2576
2271
7670
5857
3539
7563
3130
7717
4407
798
4485
3989
3320
7944
9499
5721
4261
7361
3843
7304
585
9307
538
2304
5466
9053
4009
4835
4915
3859
4491
2340
9411
5924
6213
8484
973
2805
2732
3629
4815
6523
3262
6952
4360
8011
7905
6200
100
479
7332
1082
4267
2553
9205
4233
4525
7751
2124
4337
8759
5838
4725
9778
3931
4846
8737
7710
1342
9173
451
8652
7224
2212
8228
1890
4653
2425
5322
4230
3421
4640
6806
6575
2927
1383
6137
1957
5807
4369
7296
9371
6261
2250
5186
96
5133
2650
4641
2180
4928
6106
7802
2360
8553
5331
9088
3385
8879
4108
1614
9027
5821
2572
6942
3811
5785
9419
6336
5722
7151
4996
5391
2596
1885
6711
6612
3208
6200
4069
6022
8757
3840
7972
3320
4731
6611
4611
1260
7119
3227
2869
3015
7469
4840
5940
1983
4523
7714
9209
6949
756
3025
1176
4929
4293
4061
6981
7205
6808
155
6597
9163
1801
5841
1984
3675
6510
6447
2008
3824
7569
1707
8778
5733
8847
85
4629
9633
3664
9876
2587
1597
2828
3986
355
3608
7528
3831
6277
1148
9575
1006
4114
4171
820
418
2271
7794
8561
8498
4490
134
2713
3676
2315
1276
3424
6968
7860
6583
286
696
3066
7095
785
8651
1606
5070
4902
5755
2239
2952
2911
7958
6687
3290
3490
5434
7708
6031
7586
410
1859
7101
1607
704
9675
2352
6352
2496
2519
9710
8767
9750
126
4230
8870
4438
2066
3673
7737
7108
1308
5815
5346
2705
7194
4611
7537
5845
5316
3989
381
5640
4022
4928
9351
2643
8841
5911
5271
3916
1130
4084
1549
6567
2258
8598
394
3748
2009
6987
6573
3426
7626
3427
9239
9408
5711
9108
4925
8276
4189
5009
8938
6805
1038
3921
2359
6113
5257
2715
8841
5929
643
8051
6839
6359
8974
8501
4021
5301
6758
2184
9403
9399
4541
7040
79
9166
6275
1622
2037
875
8109
1197
3345
414
8563
6095
5149
8570
1566
3244
234
7061
1804
699
3906
3073
1481
5801
4394
9976
3925
6363
7168
9146
9959
6035
981
5881
5865
437
4870
4673
938
6228
1855
578
4377
4253
8537
9374
3769
548
2241
8333
9686
9740
7127
3594
3072
1925
2985
8749
4311
1163
2226
6720
8493
9043
9922
7784
8478
5962
7144
959
2064
3792
5845
9686
726
1821
5565
3372
7211
4668
9049
7975
4711
7154
9316
976
7403
7123
2479
5630
557
2459
1605
8284
9003
2227
6619
4782
0
761
5527
9056
606
2690
5605
1765
1982
3703
7573
2988
7794
1152
282
6070
7649
210
8470
368
8873
8996
6675
4858
8127
3501
4758
4013
1182
516
1000
7302
2452
8570
9282
5183
7321
1450
474
1909
5818
3549
9913
744
1893
5731
2118
1010
4547
4327
2757
3439
9435
1105
7632
2502
9131
2169
6661
7410
221
1483
940
8347
7792
1926
6768
4625
2078
1418
8617
5657
8978
8825
7854
4078
1705
7479
3345
4495
6662
9095
8838
6802
1168
4122
5378
5338
2442
384
8357
9655
8984
6789
4149
4225
2639
234
2872
6372
7493
9832
503
5023
4008
9621
4433
3485
3851
1210
3593
9019
9946
8047
383
3233
745
4358
7930
9966
8532
6581
9298
4675
3659
4114
7228
9328
9905
1776
7321
8411
6748
9729
7222
1739
2498
190
4435
3867
9944
747
7899
7338
699
4027
2941
8855
9655
4819
4441
9974
2155
9186
6699
2728
5189
4028
9227
1544
9347
7579
484
6939
3882
3486
1755
6134
9082
9002
3599
91
390
8714
3584
8431
8389
93
4466
1724
1578
4611
5654
209
1191
6675
4008
411
5668
2118
6487
438
7505
3594
1711
8912
5464
1139
3989
6575
3929
6291
3721
2953
4609
6770
4343
9312
4040
7857
8109
9125
7763
1231
8223
2852
5405
856
1028
3671
1905
3013
1259
2664
5012
7273
7606
8679
6300
895
623
5017
8685
6027
7093
5173
262
6222
6434
1247
8969
247
3546
88
6220
1832
2072
7468
4553
5597
144
8172
8189
4583
8785
7284
4420
3799
6763
8836
9622
6423
221
1474
9575
7814
7768
4051
4071
2780
8302
7328
9036
4087
1267
4364
2939
6543
1622
2284
362
6015
3642
1522
6062
8583
9164
2511
7152
5373
9048
4791
8812
5789
6256
3540
97
4851
5750
2848
5305
3080
593
8198
2195
8902
1842
5809
8360
6339
7488
1432
8601
3295
5293
4144
4456
9413
6492
6694
1315
2567
3328
9767
7344
964
6469
1510
6580
6132
1232
5832
877
3942
8322
7744
2819
1059
6653
312
2287
3205
7653
1357
160
6876
1153
1235
6696
528
497
5079
6603
9731
8864
2381
7264
6837
1587
7617
9569
5600
565
8150
7837
1015
9144
8090
4064
9945
6671
1551
7144
6730
1498
2113
7836
5942
60
8264
366
7867
8846
453
6617
3046
9299
6586
7226
693
9877
2015
6646
8545
8481
4494
2747
8826
3974
2466
7085
4002
5817
8379
6904
6235
6232
4996
7529
3308
6908
9229
7500
3449
1974
4
7806
4098
3799
8445
1111
5810
7878
8332
3931
9158
9029
4411
8219
3467
2821
700
3166
7387
7524
5475
9808
2410
6397
5560
2348
2195
99
2929
3931
8106
134
5524
5427
6201
8865
6076
3542
3138
6098
4759
867
4254
142
9753
9020
7742
926
1723
4659
2877
6898
8414
3908
9675
1824
9982
9751
8533
2202
8196
5297
3513
3942
9983
5747
8301
1367
446
4370
2673
9597
4569
2028
8840
8807
3353
8863
132
1104
2929
4279
3312
3200
748
3968
9788
1304
4448
7517
6096
7553
2226
1077
3953
5568
7443
2008
799
9099
2391
3368
9172
2479
3301
157
457
4873
9077
5693
5662
496
79
9542
37
3682
8406
67
9689
698
616
9878
6726
4276
6382
4028
1401
1430
31
3718
3536
3424
834
8767
8794
5107
1561
1552
2319
3046
5627
1962
5563
8211
9341
92
1214
6895
5372
4649
619
9485
5142
831
9862
8501
1246
6218
1729
6635
2767
2425
8954
731
8314
3424
8771
8418
4957
8161
5738
1564
9898
6217
2800
5430
347
7589
5229
3906
1722
2372
6402
9659
3715
6695
9262
1307
2003
7029
8067
4430
2459
8653
134
1396
3361
2789
7947
1025
8636
2406
70
4229
9723
4436
1298
1926
1801
527
2425
4535
779
4765
6809
8495
6118
6616
5674
8116
911
9679
6136
1295
4689
954
4291
2453
7880
7924
9178
1508
9162
6685
2487
5843
5527
2430
247
1698
8048
4206
2875
3459
7327
8075
3486
4973
1145
3287
6497
3319
8948
3278
1242
9589
62
9090
9414
2119
454
9130
6454
2508
7337
3924
8498
3476
9747
212
827
8127
6236
7999
6243
7295
2474
354
5605
1051
7167
2852
3780
193
8421
2564
1196
4999
4089
9398
6227
9041
7819
6327
3738
6217
268
3622
6959
3378
3860
4242
781
5640
2020
4740
1549
396
6950
4906
5889
4507
2548
6063
6168
5409
2978
832
507
1467
9197
5045
8302
7778
531
5489
1576
3877
4006
1497
1063
8044
4966
7185
4855
9451
612
5489
5770
7488
2148
7085
8045
5291
2585
4582
1913
6446
5148
3705
4417
9244
7460
3149
9621
8167
5265
2087
988
5169
3738
901
1919
915
6739
7972
1481
5832
9084
5744
8642
8527
6473
86
4584
4375
2987
9895
8815
655
5048
7636
7467
5806
8310
3161
6173
8349
5157
630
5291
3344
5142
2634
646
9142
5508
1823
1403
8114
9077
3159
543
8067
4111
2198
8106
2508
2997
6351
8374
2266
9595
4526
171
3787
1564
7451
4945
8243
5637
9092
6652
7349
286
6547
6975
2046
3401
6295
8429
6985
4496
8979
2770
8563
7673
468
5242
8780
7367
954
4576
8332
6793
1024
7850
3447
2098
6727
8790
7001
5683
4529
3619
7979
3611
3210
2501
8953
8052
5461
3081
275
1277
1122
3549
8976
6329
3672
6899
4341
4821
7389
7341
4346
174
9659
898
643
4231
7647
6800
690
2860
544
4070
6173
4497
1260
5947
6149
266
1736
5464
1561
2677
2372
9365
181
7405
2902
3370
6052
6639
3113
2425
4747
8925
4809
1597
4231
2432
4371
4930
8814
2211
6975
3067
2425
4020
4724
5275
4070
5650
3549
6107
5818
5767
9201
5428
2717
4957
677
3599
2498
2522
3518
7362
9729
7136
4542
7882
6010
1834
6350
6885
2494
6580
624
1943
5174
7389
7685
9071
8610
1371
3164
3290
6381
5622
6336
3826
5378
8498
7813
6384
2870
8035
8113
8849
4482
7509
2601
1953
9001
2926
6244
8099
9958
322
5888
4234
3261
3722
751
1418
1572
9729
4121
9982
2153
6944
464
1497
1501
8410
5854
7837
2243
539
4739
8519
3138
8864
9244
6947
3048
1951
9505
2732
8478
2183
6794
271
8519
2985
6646
6063
6788
2307
3312
6250
1863
6066
2416
2240
9239
5326
8388
4466
5409
9609
3264
8213
2960
7768
3215
9182
212
6271
5944
1263
1863
4641
5270
5340
1327
278
59
772
270
3988
1453
6789
272
4302
3309
1960
7951
8381
6690
4350
8745
7569
2999
7883
1216
6736
5626
589
1450
6458
8413
7604
7943
6073
24
5739
3720
1659
1229
6154
3941
9965
6021
3209
7319
9796
1380
2903
615
6512
2666
8654
3580
5744
1264
3952
417
1019
9400
7257
4554
4067
4137
6810
5150
7358
7167
4266
1319
2630
4687
1666
504
210
9570
1080
7379
1005
8921
6150
6936
5798
9831
7760
9930
2596
5742
2880
3684
2843
6540
5129
5347
4681
8107
5434
1105
1181
2381
7275
956
6373
1410
7279
7621
1654
1138
7645
9
942
4457
566
3482
9158
4490
2132
9434
37
3812
3501
9076
1851
9185
3823
549
4213
7387
35
7271
8331
8049
1229
6078
5355
2080
6275
3233
4962
2858
8920
2270
6364
5922
3371
4472
780
5196
7912
6002
7970
3316
1174
7096
3800
700
8461
4957
7976
7393
7455
3406
4864
4927
298
5364
3663
988
368
1738
2060
4376
5864
5483
5030
1399
5282
3799
7041
960
6549
7057
4391
6255
7058
3855
7534
9572
6886
3637
1175
432
8252
2457
5479
9223
7378
7573
1048
2676
4892
2633
532
4110
6680
3376
6691
202
9457
7764
7234
994
1427
5913
1323
6834
7179
8372
1301
136
8968
5039
3762
9660
3004
9703
4292
7254
2931
2254
6429
7110
3121
3345
3104
2825
729
7946
9112
6854
8579
8367
7805
1620
841
1715
1195
6200
8656
1890
1398
157
6177
3733
8531
915
2450
5526
1881
4325
5377
6120
4927
2199
8585
7303
7092
563
7417
3306
5349
1728
9963
3895
6040
3070
1903
2344
8980
1178
4350
4068
116
9886
2494
2220
8139
3559
4669
8056
6976
834
833
2865
1569
2402
6193
8713
5088
7601
8667
6078
3316
9656
9856
834
8007
8288
1581
4846
4336
4871
4589
2881
3338
7477
5977
2581
4407
7836
1048
3411
4166
5173
4196
4162
4120
3473
5617
3710
3629
7890
619
3311
6006
9613
2026
3178
9934
8787
6307
8180
9000
1716
1687
9859
2869
9014
417
5307
421
7472
9043
7349
1734
7152
1942
4568
7000
8003
314
8203
4145
2756
209
3201
8907
578
9713
914
3801
9300
8543
8753
1975
5068
645
4916
2062
5892
7581
4594
4156
6734
3905
9371
2051
1451
5433
5892
1839
5848
9561
7772
2605
457
9891
2899
4742
5657
739
5802
1054
1341
7286
6811
6331
4783
291
6055
8616
9363
8190
7276
6688
8381
9518
7585
2810
9147
2798
4525
9050
1269
9834
4779
3573
3046
2962
7964
737
8688
6190
8720
5148
1195
6039
5647
3575
7902
9964
723
804
3517
9145
7222
8939
8651
1596
2193
1132
7603
3284
6382
3180
6220
6847
4459
1568
9357
9889
8735
6820
4915
399
875
3156
3956
5871
8897
7208
6803
4182
5209
6138
1586
7331
9417
4591
6277
7299
7652
6502
6397
6099
9419
615
8616
2005
8885
6964
4745
2085
1691
6749
5986
5813
4958
128
981
2054
536
1486
7867
3183
4485
9214
4506
9230
2718
5630
8879
4844
8537
4543
2396
3974
2335
8613
2416
5120
2160
3460
1015
8606
4096
9851
7355
3650
2200
9936
3964
7303
8999
910
5424
4341
4542
2856
6048
8953
8408
6904
7281
9069
3879
8243
4650
2981
3161
9925
9397
9210
6054
5285
5590
2702
3778
1828
679
4530
2961
9884
8312
6082
1768
756
2106
6064
9707
4747
1567
1754
333
1239
9106
542
6390
1235
9280
8324
9695
9812
579
7441
6496
6831
9620
9064
6932
269
822
4914
6475
9909
9534
4351
5344
3609
9823
36
5201
8307
3716
963
7617
785
6506
8104
7148
1753
1254
8248
3515
9041
5194
5152
4647
8217
2174
597
3273
9896
5989
9836
1276
6219
3887
1607
6196
4635
2551
6961
7815
4963
1708
9929
844
2659
379
6472
9944
8184
1814
6170
7675
6832
6319
9898
2524
2329
4777
2045
8135
6628
3929
8922
9476
8898
2155
4349
4665
3225
6032
949
325
7696
5320
4189
9093
3775
5628
8073
7622
573
2963
8327
5765
3699
9739
3456
6402
6333
4262
6120
4519
9930
4829
6816
9775
3675
4083
5826
9711
4916
8211
6490
3417
5115
7484
7004
8902
9638
4032
7833
7597
321
5888
4649
899
4865
7746
3703
7655
6033
5290
8204
3116
7006
1184
2140
9010
1102
1133
9211
1053
7476
2098
5687
3280
2075
5910
1935
9975
2758
9203
2483
3934
1931
6506
8117
7516
9766
3054
6760
9846
781
3770
3005
4302
8101
9109
7858
2978
7371
857
7503
3260
8214
8920
2011
8442
6137
503
9175
4207
5026
932
4958
7899
2073
1249
2744
889
8558
9766
4550
6062
3494
7547
5512
1748
3226
8630
9731
3216
5901
4218
5848
3792
7620
4252
3392
5884
4549
4068
1935
8789
82
7161
3042
3505
3738
5668
659
4593
9189
9455
9837
6526
1456
2824
4272
7211
3880
9888
9542
7307
5694
9165
3315
7938
5295
5547
9280
1917
5468
9854
1482
750
741
4035
5317
289
9067
3384
6909
6932
6800
9774
2987
648
4657
4129
7237
7508
7979
7928
6906
9355
5662
2274
7212
9462
7865
610
4264
961
1095
3591
756
4276
6880
6758
5851
8154
8410
3411
958
5123
719
3477
4756
2252
227
9551
7346
3494
9964
3733
3816
671
690
3982
128
2474
3343
2054
927
3765
353
7109
202
2759
2301
7485
7908
70
7830
1190
9853
6407
4194
2264
5289
7850
7939
6188
2904
9467
1910
8424
5712
9014
9760
7165
3962
7654
8246
5270
4892
186
1796
8508
3878
4655
7101
1745
1839
6374
9946
1233
5840
8472
8726
2085
5294
2640
3504
5517
3849
8311
5427
4008
3357
8636
8448
8702
2027
7569
4955
8080
1761
9621
1079
9553
6904
5328
6092
3356
279
440
7310
3939
2265
7696
3020
2885
9969
4156
605
6582
4660
1555
3432
1281
480
2826
4487
3197
4969
6285
7817
8112
4057
7559
6559
6647
417
4342
4646
9411
9825
6337
4702
6604
8912
4234
1755
3791
7212
8151
2276
2149
8143
1624
2332
6230
9364
6227
7711
5908
1620
6266
4262
2194
2410
8597
5111
6578
363
7800
3545
5854
3975
9544
7268
140
8980
2322
6772
5853
3504
8
10
4924
5633
7940
5491
3806
6494
9452
8000
8646
6167
7951
993
9662
7464
1778
9834
1586
9383
7213
1701
8733
4151
1077
8288
1800
230
7290
125
6737
5631
5245
8390
8328
9905
8099
8042
9904
5367
5920
737
7906
6341
7500
3419
6965
5540
6226
9164
1127
1971
6268
7635
8785
9160
9106
2590
9174
9090
1342
6932
1075
8940
2180
6857
687
9440
1675
6822
5275
9701
2811
8077
3177
525
7656
2020
6091
9518
3992
8148
1139
7733
3328
851
5937
2781
8206
9031
82
9385
2108
1732
7851
5417
1846
7674
6082
1856
3143
5982
2512
7945
5870
1726
9805
8911
1712
3754
3004
5195
3230
3236
5139
1354
9480
7914
2393
8927
9339
1318
9758
7802
1253
6038
5953
3887
7990
7503
6785
6368
690
9332
9677
2626
4960
573
3636
9669
7700
1903
8192
9033
7786
5829
2675
1782
2889
5287
2065
423
272
8352
2603
5755
534
4196
1460
4122
3684
2954
1489
7194
9738
9576
464
8143
9409
8999
1176
4449
763
2025
5320
8260
9102
7982
5918
3872
848
6488
3338
2921
9744
7476
3191
4456
8844
1852
1813
4661
8491
8577
8611
4220
4593
4314
7014
6955
8577
539
6460
6460
2749
4853
8081
2880
5096
842
1517
6398
7488
2325
6050
3670
3396
2482
9368
405
2889
9573
9991
6885
6127
952
1980
3541
5408
4411
3309
1019
7329
5569
4831
6542
8508
6207
3948
9550
6334
9359
3368
6991
7205
5511
9323
1012
2672
4160
7463
7186
8262
8958
9057
3007
6570
4969
9333
15
9324
4419
4085
7084
2448
7559
7335
1646
1168
4964
9797
8080
3077
6302
7946
3444
6367
7737
6511
4659
9002
6639
303
5420
2601
8926
8613
1343
4320
1445
1709
1392
2064
1098
9221
6598
5922
6292
696
1982
9494
7238
7006
4585
7408
6472
7547
8108
1085
3905
5034
8794
1862
453
7110
832
807
1952
2192
8125
499
7232
6190
1735
3311
5370
2975
3352
6972
7917
2546
3606
8698
5218
8365
6388
6041
6568
7822
3647
3371
3016
3577
974
5368
6621
9039
2053
4983
5264
4840
8811
6809
4459
6000
4455
2932
6304
5967
2865
4017
4557
2588
6056
5395
1035
9529
8350
5392
657
2230
3311
4994
5472
3245
106
4284
1651
1096
7938
4655
3702
2699
4344
7596
349
9610
1730
9454
8310
7312
5200
1880
149
4241
5537
1291
3969
793
5686
8254
1576
9848
4200
5721
9498
5091
6151
1630
173
5836
8497
2865
2011
6880
8228
4173
3988
6990
8363
4970
5658
8339
5196
6885
7541
7673
3243
3343
43
3610
8022
7463
5349
1989
9089
6049
1180
3339
4998
7346
6049
552
7772
5827
1316
1216
5874
49
2742
5025
4766
5698
7023
1929
5457
8080
8501
8774
2944
9288
1772
5296
6862
5111
3498
7409
9685
1361
9840
3132
8540
4759
2872
1824
2421
6928
1744
9971
4441
2164
5612
9580
8966
6347
4170
8724
2859
5660
4362
2557
4030
3986
7027
2673
7465
9227
7026
9949
3217
3497
8864
5055
2177
9261
4752
5755
7406
4414
1948
7791
2055
5075
8802
7760
6771
8845
3389
5763
900
838
4373
3547
2788
811
2085
6988
5778
4734
5311
1662
7400
4895
6219
9658
9219
2475
1171
9533
6233
4737
5851
3893
4568
5576
9018
2082
106
6187
5579
8376
4169
83
8998
2107
6787
2099
1158
9028
2324
9627
2500
275
5082
5055
5839
7408
6480
6317
168
4430
7109
8333
5845
1962
248
5819
5223
5480
5872
1739
3305
1950
486
652
6379
7841
6341
5703
3568
6834
5727
3709
1818
5512
3520
1045
5319
8550
8841
7114
2908
5370
1539
7993
9214
9010
2836
4608
1786
4871
4405
1999
4306
4512
9745
9143
1283
4998
7914
2343
6945
122
307
2774
6822
7235
8985
3207
7773
3665
7359
5286
4671
5633
6634
8613
1376
6214
4521
6842
5119
7947
4193
2897
9319
6378
5709
7930
6881
781
8259
5307
7146
703
1596
1138
6659
7157
2347
8716
1275
344
8877
1056
7903
4777
4481
4119
8741
3328
839
6575
7734
2630
4727
1270
5269
3353
4615
6512
7516
6404
1301
4540
2166
3902
2872
2104
2785
2665
5612
6602
558
5434
8990
8126
2735
4173
1168
6472
3391
6911
5569
6054
1683
2689
2515
6969
9558
209
6442
1284
1262
1277
3845
8647
7210
8629
4146
9832
3384
2633
5136
7296
111
3237
3813
340
380
4384
87
6207
9214
9996
1518
481
8342
8637
9537
84
9864
3994
6829
1834
9092
9745
4356
2594
1552
9583
7271
9924
57
8504
5116
5055
2190
9076
2222
6966
5098
8817
8479
3424
2671
8506
2054
4498
1940
3131
6174
7073
2727
5609
7690
2369
6782
8580
1206
7472
9882
6750
3578
4796
4928
7159
3190
2941
200
8539
2629
6633
3609
188
2672
3712
1854
3846
2599
2728
2602
1684
8290
8865
603
476
8398
8356
1182
2813
4293
8894
8420
1473
8350
6157
5023
9451
5647
3508
9248
3670
434
5207
4530
6204
9869
8422
5173
1981
7600
6721
6197
764
9002
1910
515
8665
8181
4858
6507
5793
9431
9664
7863
2672
2164
2322
4534
3716
9687
2826
1296
4527
7119
7392
8007
2715
294
277
4758
9769
334
8208
2832
4257
6248
3407
6829
8765
1746
516
5594
7975
5864
7013
8898
2649
2998
6204
1036
5892
2680
2219
2733
4053
1311
7880
7230
6136
467
5068
6328
6354
4819
8720
1610
2490
9143
6717
5952
3117
8044
4839
5625
3945
5438
356
6774
1820
1084
2951
8814
9777
3495
5115
4425
6478
3786
8165
2670
8422
1593
2717
6058
8306
7754
5515
837
38
4328
4672
6290
384
3273
8083
52
7886
8170
7896
3107
3322
3599
7397
540
4777
1146
8924
7403
9535
2278
6659
7126
1487
3409
760
2638
2748
4857
9768
6362
6445
3759
4153
887
334
6399
5064
9966
1864
5951
858
1962
2799
8839
7855
911
824
3945
3510
2391
3398
4727
1841
8660
2570
7171
1716
9191
4838
3432
8329
1163
2598
2629
4798
4571
3935
2668
4743
2813
7659
5972
3084
733
59
3812
9270
4088
1476
1578
2551
1897
4646
832
2077
9130
7867
6325
6148
8225
1792
9064
6842
1721
9199
8875
871
2628
7838
5567
6621
985
9445
6640
3590
7203
8007
3917
8491
3457
9715
9047
9492
5987
8920
4974
7086
5680
966
6299
7684
984
3857
5345
2747
4023
959
9939
3421
3990
1436
7257
3885
9521
3670
5853
1262
4186
3624
123
5876
7498
5730
9885
6597
6446
5361
633
6131
3145
7979
1959
4454
2146
8313
4333
2625
6746
3785
8173
2263
5943
1557
3400
3111
574
1969
3606
8920
7749
2689
7394
305
4811
1454
223
3297
713
7061
1515
573
7600
5557
2863
7114
4944
5764
1437
4685
8047
3558
431
9102
5416
4585
5625
9568
1313
543
1006
2730
2938
9967
6625
8700
7647
3498
3712
8943
7929
3552
5743
3578
4982
2153
9908
4662
8880
9542
6711
8306
5417
9520
3711
2447
1530
1634
7570
1665
2912
5959
3369
102
8376
3927
6273
7454
1428
6044
68
8552
1864
5682
2850
5559
4041
1904
7720
1821
3926
8380
1411
3554
1885
2315
630
4767
1328
2008
9532
9844
2474
7688
9763
7639
9983
4609
169
90
41
4118
5080
4384
8747
3738
7672
8881
2106
3
1374
2193
2412
7497
3703
7972
7746
1962
1962
8335
2950
4405
1086
1936
9522
672
3401
677
3041
990
9423
769
6727
7644
5232
5933
5420
2868
5785
551
5897
3649
2144
2643
6013
1116
7322
5519
98
2493
4175
7109
2126
3680
1647
5071
8664
5336
8503
4655
1476
3861
5863
7627
3093
2728
4293
3765
8837
1278
8363
1356
7236
3127
3281
2880
8440
3825
7188
599
8828
2730
1180
2031
6465
9281
1363
7544
4821
8289
7731
7511
4396
8618
6412
1080
105
7893
7824
3758
8400
7427
9600
7701
65
7123
119
4287
2810
6678
2442
6913
536
4185
8690
7749
4768
7471
216
4368
9370
4113
6841
8915
3624
165
6183
8666
2188
9220
727
5723
7205
8715
3509
9707
6878
6580
9227
3518
5496
9961
4196
8349
1719
3066
6826
8309
2095
4152
1190
6168
2982
4109
424
2291
572
9572
1238
3267
1358
1005
4204
3960
4390
1614
8525
5173
4402
4423
7857
4221
3287
4833
4576
8313
127
2111
9954
4091
9692
4028
9457
2267
864
3455
3391
8318
3844
4050
6184
1318
9490
1782
2946
9008
6055
8972
5334
1886
8262
5619
1965
9418
2604
8591
8402
2668
4437
1002
3618
3749
7879
6946
8618
5796
952
802
4006
3303
3299
3710
997
752
6201
9576
1308
9696
2929
2410
9362
7758
698
2029
9859
8169
8948
7986
9380
7793
5619
2553
9949
2330
2141
1540
5163
1851
4236
4532
2879
3266
2933
4282
3499
5468
9652
9150
9123
4046
4721
2348
9780
2490
8930
1635
8663
5313
2990
6267
9682
1669
6824
3206
6851
1014
9968
7474
5176
2213
465
7525
8649
6561
4055
1256
6059
4930
8427
3700
5824
5834
1221
7170
4076
7273
836
5389
1855
426
57
1329
3720
8344
1836
4771
5398
6560
3287
6156
7633
2013
8007
9180
4711
301
2504
8790
9645
1094
5499
4579
2855
6929
2185
5098
830
2409
3351
840
3306
6718
5460
5483
9965
9019
6627
8924
9092
3727
3422
5237
9420
57
3095
4446
5024
1445
3459
1271
8269
5184
1366
3656
5979
7232
2660
1652
2649
4496
7510
2051
9482
7447
6791
4846
4932
1094
7759
9618
7167
6265
9118
3249
2892
2435
205
1815
7566
8141
1283
2958
8231
8148
4198
5654
4615
5693
4381
2178
5223
4308
1718
9418
7043
2505
1886
8646
6103
7014
9105
9546
5876
3825
6281
4153
121
1243
7353
3395
6176
3199
7424
1118
3015
3013
1837
7063
9731
8655
367
9164
3817
2966
615
9753
9039
9807
4825
5328
6481
1315
987
8782
9508
693
4566
1694
4250
8944
2889
9930
3321
2095
1581
3687
150
7073
8706
9873
8296
8588
706
6193
8930
2348
2547
8277
9023
4050
2047
1213
1941
1930
4247
5724
2088
8823
8131
5301
4408
9938
173
8048
3963
8042
6221
8510
6982
2241
3654
4394
4653
6525
4675
638
2425
7250
7138
3953
3423
1218
9288
5730
1446
5664
3263
5388
132
5145
5714
8868
1360
8635
2828
3425
3805
4339
8560
9510
3248
8656
4619
2387
4903
7090
2464
368
4908
776
1301
7136
6500
9461
9917
7411
8470
1093
5451
849
2237
5937
4262
3546
9444
8311
9421
1981
9926
3303
1478
5055
8846
6627
2219
5468
4407
3769
1186
9580
5291
3508
5494
4597
9654
9639
2354
2301
8805
6933
6495
3634
5680
4082
2096
786
5924
7823
3765
7877
5303
2409
8971
6767
1849
4149
9542
4895
3195
3959
9813
6558
3819
5856
4693
6196
4294
9293
9440
1685
1180
6951
320
2665
9224
6250
702
4417
8952
2151
2676
3094
2495
1218
5497
850
29
4640
9966
9827
6709
3508
1898
9353
4173
506
6221
3678
729
3009
1329
6929
3778
8628
5266
4169
7000
6430
765
4287
1735
9710
7199
6730
2419
3130
4118
2908
794
9455
4861
8414
9885
8245
6392
8046
141
600
5008
6177
9881
1213
1750
8962
2432
1106
5623
2109
1328
6163
416
6851
5156
2589
5614
2892
2868
6148
4568
4539
6199
4275
236
4936
663
9620
3042
7100
9590
5343
5376
2805
1625
6002
9413
1344
7608
7090
6490
3552
4784
8813
8161
4890
7615
1640
4662
9037
9077
5903
5330
5030
6979
8508
589
7774
2603
1121
7242
3971
556
7554
5792
7212
7391
3228
5565
6291
5969
3512
7582
4776
2716
560
1364
5669
4715
5956
7879
9228
3159
3801
7504
9901
5132
273
3833
8325
6837
9274
5993
3918
9922
6312
2626
5140
4321
7393
8719
2013
5693
5049
4964
2329
3453
6455
9916
4691
3837
5439
4665
4153
6710
638
6773
8232
1188
9681
1602
502
4282
1119
5567
9496
1977
3068
4042
7624
2764
1933
6804
7952
758
5130
3614
5483
848
9523
3177
1276
5209
4445
9966
86
432
3047
6761
4172
3202
7175
3043
4866
1553
355
989
436
6993
5580
5537
8018
3545
5187
4126
3452
5937
601
5224
6828
9118
995
5758
844
2465
2581
1463
2830
9208
4945
9184
2571
2967
2270
9640
4258
7148
2049
1522
484
9774
2299
3309
6040
8618
9519
6143
1127
8175
3661
450
1004
597
310
3828
7819
2878
8367
7189
1985
5406
4069
8764
5179
3557
9084
3632
5997
9525
2855
7655
5047
8806
4330
34
9893
3741
2201
9662
7320
2231
4500
9100
4919
2835
9398
3876
9061
7423
4987
5783
2449
3726
6998
274
889
5122
9816
177
8820
1233
3530
5633
8050
1659
8575
5743
2976
2643
5308
945
4153
7942
7213
2677
5050
8131
1194
3128
8130
4562
5990
9457
3582
2476
1468
549
5210
5750
9196
4520
4527
5366
9615
6799
56
5367
4895
737
7266
3737
3338
8454
3372
4910
4525
3379
6596
3322
4326
9959
9288
6735
6326
6413
6311
7405
9977
8169
2222
6269
8102
3913
9508
8674
5517
9009
681
9158
7082
6902
3681
6799
9027
1599
7308
4479
4202
454
8436
6110
710
5931
7879
4580
9717
1927
7329
8773
1204
1019
5808
1685
7988
1114
1553
3835
2689
8577
4179
7664
4204
7290
9320
1168
6771
5617
4319
6889
2336
6611
1153
684
1594
7822
614
3601
1263
1779
1875
9207
6637
4123
9560
4529
9563
6986
1672
7139
3577
2908
3834
9345
3418
4422
168
9827
4143
4432
4140
8355
5507
1409
4960
6688
7854
741
3617
406
3133
5551
2381
7442
6185
9598
8055
6069
8474
5379
7158
4533
8552
9312
531
6640
3133
5765
4877
1312
8752
8670
944
9285
1019
9168
5936
4362
7282
5542
8911
8269
1077
7047
3676
275
5630
7938
8165
3578
3184
5880
48
3594
9798
9493
6211
1969
7593
6515
17
4387
9870
9479
1855
3194
6271
5886
8355
8346
2644
1121
2716
4824
3240
9708
5876
1747
5101
7852
922
4659
9133
9022
4673
8892
142
7730
176
1844
9082
3815
9277
4870
1706
4411
8526
3913
9086
2027
7706
6802
893
974
1071
9798
6989
6147
8111
2950
2059
4818
6461
5729
9653
4045
1299
1735
1021
5999
9837
3630
9402
9970
1199
6338
2754
6314
9507
8540
4583
6801
3194
1674
7008
9854
4543
9684
6191
8039
5780
7842
3066
5280
7773
1412
4576
4425
7611
8902
9470
8479
2492
6954
5172
8588
5096
1291
2834
3163
5867
5139
5520
7562
2782
1847
6906
4853
3145
4905
2339
5163
5309
6247
4714
9476
3822
281
3443
684
3923
3793
5152
2188
2552
2680
5925
303
9976
680
3708
2125
6929
6463
4522
5304
7135
6544
1220
8344
8242
3283
4380
9032
3880
8511
446
2197
9898
7588
1720
9952
909
4181
8972
7653
6335
2437
6153
1382
9449
6590
763
2337
705
9595
3375
7609
9805
3769
4889
4135
8144
4946
8146
4655
5079
5790
1818
7029
3043
5416
7873
9148
3800
773
5807
8822
5632
5166
7871
5711
8707
9268
6560
4418
6804
3876
2563
231
6699
1055
7179
7816
3512
5059
5975
2480
1785
4596
3897
1622
9632
1680
3643
2449
4213
7977
6103
5687
522
7853
6874
4469
2749
7900
9672
1401
9849
9413
223
2633
2988
5936
5851
477
3850
8404
4435
2599
3965
7846
2380
4487
9984
8948
6405
6030
8621
1829
1480
7045
1327
8073
2483
9467
7564
3612
5137
7797
2559
9919
6604
5279
9639
8123
5719
9005
3944
3161
254
7925
7937
4722
294
8464
9910
5951
2873
6110
8944
1029
3397
6137
7792
5619
6702
1700
7801
3152
4712
7244
6187
5007
6036
4227
9845
5883
4253
7135
383
3630
2386
7028
810
6244
4030
2959
7643
7732
2579
8711
8266
7759
4416
199
5587
108
7589
3938
6637
4635
2486
3287
1208
6397
6795
73
3943
4828
3790
9835
2714
7280
147
4542
1131
7763
5284
6135
9273
7518
4984
5469
9546
5446
7078
8071
9530
7935
3037
4937
2234
585
6215
7240
1015
2628
100
4672
235
1454
4521
3519
6126
6633
2194
2703
2145
6641
1257
3901
5204
5792
938
8231
9569
7332
566
9758
6262
5573
4954
6243
8924
3373
6363
7036
4198
5856
8112
9848
5076
7509
3111
7353
5976
4834
2739
2976
7291
9652
4488
6665
1653
2979
9631
352
5713
7877
7557
3204
6136
1301
1170
6144
380
9106
8580
3842
9244
7634
3484
3502
3303
4047
4738
1167
1010
7662
2658
642
1315
2315
9663
2419
8279
8817
3170
5541
8446
5634
1109
8922
3540
2828
3540
1681
9230
7474
7406
4199
2021
2592
923
20
9236
6817
504
6138
5193
4274
2107
879
5855
4018
7416
1448
3035
9094
5552
3584
1450
2009
4576
2546
9133
4200
6238
6052
9127
5798
6855
8826
1342
8873
7862
1889
3957
5973
6069
8080
9388
1928
5897
2897
964
8142
7021
2447
2671
5251
4245
7543
6149
6052
3900
3853
3658
9534
6845
2386
2086
8908
7642
3193
8328
8122
147
7468
7460
7706
8809
2626
2540
2560
7263
9617
1245
1075
7085
4880
7401
9314
3110
7804
1502
1486
6793
9001
2961
946
2433
8452
2393
8301
4623
6139
551
4206
3037
3121
7668
3105
1046
1492
2550
4123
2127
7936
9316
8242
5573
6701
7507
6614
1540
8432
3933
3335
6892
6883
9992
3483
7196
22
4935
3472
894
6177
1112
5337
7155
5241
8748
9445
5367
4770
1383
7905
8577
7752
121
3171
923
7497
1697
4362
215
9321
6406
4268
3555
1224
7154
5091
8584
3976
2791
4228
3123
2547
2024
821
4222
5526
5094
785
6642
3572
774
6906
2640
3643
1884
960
8430
4691
1370
4165
7982
159
1335
590
1203
4889
6900
7275
7678
2182
4753
2295
3605
5952
2790
4369
3140
1500
3121
529
51
7766
2340
3632
1246
6350
2023
508
9200
9635
495
2993
936
3355
6598
4352
9828
8987
4319
8738
2648
4393
135
2953
5625
4924
9680
2060
7336
4258
4755
3263
3049
9408
5237
1694
3795
1656
2393
1689
7394
9794
4960
4283
8038
6196
5683
6955
514
6149
2995
3035
3483
8854
5665
2787
3459
3626
6736
3741
8317
9251
12
7431
6195
8143
6912
4202
9500
2676
6593
3877
8320
8348
9523
5357
5410
8362
9712
5073
3943
4561
8690
1483
4892
5503
4898
1149
4367
7515
452
4759
1607
8232
3854
4009
3252
574
5780
663
7575
1502
6577
4514
4030
7617
9658
9429
6493
3621
1441
5538
7725
4058
1861
4642
9292
664
5340
5716
9757
1421
8740
7813
1109
903
1274
5748
1731
796
942
2376
5322
201
3609
3651
7466
8986
7592
3866
5819
5875
3657
6930
9207
3838
5207
395
8696
2864
2073
532
4777
8844
3923
2856
7830
3692
2880
859
6249
1226
7036
4541
6338
3925
2998
3584
6767
5942
6807
3254
7853
2625
3006
3094
9186
4362
7879
8140
8071
8299
4885
8204
547
6761
4691
8818
9064
6231
9000
832
9245
1971
5208
2002
7179
4779
5598
1288
9551
158
7655
6203
548
8094
7112
9732
3610
745
408
5850
7345
7429
1778
700
1664
1956
8477
6469
8529
7391
3704
8784
9579
5444
4561
7143
4649
9977
2078
4211
168
7596
7390
2496
483
5347
2307
3046
9526
3271
136
503
4611
9681
6078
2579
903
4992
3600
6947
7411
3262
9221
4852
5064
1237
2876
9122
3574
1205
6556
321
6522
7182
353
6762
2280
5645
4149
4966
6532
4223
7512
5694
9470
1547
5874
8538
8698
8891
1073
3213
4630
1836
207
8474
9032
9614
6032
130
325
5433
3060
3898
2428
7824
9968
4465
4046
9016
374
368
8889
2550
5887
4222
7911
830
5307
8766
3083
223
2364
7820
6789
7705
1306
3622
708
8082
6896
9987
3110
7132
2320
9585
9167
371
2145
3490
7000
981
3828
9839
7048
4458
7765
7999
9817
5365
1876
3488
3361
7318
129
8282
2141
230
8077
2643
1373
540
6424
3007
1253
4763
8717
2169
7693
9920
7303
8416
1669
8763
1154
228
2809
4030
6961
3117
4452
9008
841
677
8361
8963
5617
83
996
9736
2970
2992
8155
2316
2262
4061
54
5889
908
901
6111
1763
8990
1234
9371
4828
5451
2594
2520
1849
9564
9311
9610
7188
9517
35
2228
8787
4792
5339
485
7868
328
5815
158
9592
6863
3487
4233
7950
4274
5926
7747
982
3795
8408
3274
4069
9238
3592
1768
7379
9524
4746
8118
2995
9972
5647
6041
8478
4108
7463
7476
6150
1531
869
3273
5617
3622
2684
4126
8091
847
9313
3621
5291
9287
7954
1908
231
6220
4223
2306
2092
6378
4690
8372
7755
3624
4964
178
2726
437
887
2883
3334
562
6194
5496
7934
4792
1937
8077
5499
2602
8699
761
2488
2955
7286
4781
5134
7421
9627
9004
4212
8221
1742
7682
5720
6304
8891
9806
8951
5817
9606
2190
7933
3219
5113
9749
8063
448
7910
8708
5019
7989
648
4339
7168
8306
3004
4513
82
4101
4063
5178
4703
9621
3556
8548
9898
4615
8223
8219
8522
4270
2934
8
2350
253
9873
1396
5775
4228
9561
7778
995
5115
9930
1334
3806
9798
8170
1992
5453
5338
2416
4527
241
3086
2351
8520
9254
5115
9114
7545
7782
4876
4089
9768
5273
9888
452
3095
7609
7746
1287
2685
5543
1503
6117
7324
4948
2158
1643
7449
7438
5106
2179
592
1918
6390
4182
9723
6468
5823
639
4941
8377
5484
7550
2691
5852
9388
3873
6971
103
726
1231
3944
6564
9663
3627
3051
3410
3862
3430
2054
7481
6776
4987
7553
8766
3376
3271
1073
8801
9526
7738
3422
2303
3310
7775
36
5134
3904
3803
8007
7810
1407
586
7805
6724
4884
3356
7470
499
3233
2663
5024
3977
8797
5060
674
7884
247
6213
5714
5002
6251
8655
5422
1255
7144
8158
2077
4282
7002
4690
5255
221
8965
1343
4978
6016
9564
6453
2594
9032
5330
8274
7898
8616
3056
7111
5738
8975
120
8191
9573
8257
3843
3104
1179
9044
8001
8714
9248
7276
3548
9112
1859
1360
1037
606
5765
7781
967
2665
9321
5576
3552
2225
7370
7307
5807
3566
8434
1417
3180
4585
2803
6259
8978
5348
7479
6300
2122
1562
8029
7696
795
8505
5490
7780
1358
1014
3777
5497
2403
4745
7799
2397
7460
6067
3966
628
9919
1456
3073
8515
287
1008
4222
8998
8685
5752
1646
507
1157
3691
6665
1838
9941
9452
8705
4682
777
8574
1222
4401
6690
9983
5
256
6772
4234
7522
876
9925
487
9871
5912
1534
7402
3956
4079
3612
3942
1659
9130
2856
9077
9375
5849
5941
3724
4696
3395
4067
4787
56
7458
8159
6866
1606
3440
4725
8952
5720
8854
4513
57
8755
739
7985
3767
3095
104
7441
1310
8478
9071
7038
4459
8552
6627
1180
4157
9283
740
5340
7850
9804
382
670
1784
9763
2808
7328
1910
8865
9811
6099
6821
567
3304
567
7133
2201
2379
3818
4725
3730
9855
366
2956
6988
5080
8935
5121
6806
6679
8328
6368
6935
1551
1620
1337
4390
6894
7982
4935
5373
2945
6631
9279
660
3908
3440
4049
2739
1619
3708
3974
9370
2170
8294
3470
2854
5467
9907
8868
2501
7820
9891
8401
8
1060
2297
6749
3528
7801
9743
794
5298
3555
3352
7160
308
2476
6154
5537
589
7918
462
3560
3511
2909
454
1676
8088
8395
5320
2129
227
5717
9603
5608
3165
9380
453
365
5052
9059
1604
9488
5793
3184
481
5317
5883
2452
4316
5650
587
8254
1666
4926
5020
9454
3060
2295
2681
5036
3040
8927
8385
9668
1307
7038
7734
1341
9191
7813
1105
776
8782
3128
7409
9804
6740
3680
1845
9525
4435
8229
4312
3944
9187
1435
2516
8274
3325
8752
9717
1023
5051
6629
3326
3026
7815
7149
6772
8255
4661
373
187
3106
7055
5252
1025
7710
6835
1237
785
7283
1635
8204
3092
6849
4844
744
6132
6108
9135
8860
6145
2780
3505
3618
2843
2674
3432
7645
3699
9435
8624
9688
288
8185
7005
4466
2873
2096
4330
8679
7416
3517
1828
4911
6760
177
2870
543
4826
8621
8044
721
6107
6648
5317
4228
2601
2646
1361
3843
7524
2035
5016
3732
6706
9054
4044
1673
4860
558
2002
2353
7518
6578
787
6805
4606
2474
3649
4407
7139
1363
2888
5977
1722
7204
5009
4973
9941
6324
8963
8712
6861
2756
2947
5969
1514
5264
9717
6442
3826
9105
4640
3848
705
7650
4848
9118
2126
5853
8848
5555
2596
5528
4942
7377
6622
2416
3132
778
3343
6918
105
9744
2191
2188
8889
362
9561
7342
9713
6697
4709
2367
9211
6190
3557
9784
7680
9557
5839
8449
6949
1462
9886
8287
7622
3689
8353
4195
9008
7765
4540
8030
9355
5769
8884
1939
3137
907
3974
234
7479
4467
3611
4620
1327
425
5080
3203
1911
6888
9197
221
3489
3754
666
8429
4765
1491
57
354
3088
6936
5948
3769
4800
8592
292
3818
4115
3062
600
5247
3085
5047
8226
2363
254
5391
8573
3445
6550
1754
2547
4467
7115
8627
4324
7341
4994
6106
8216
1559
8600
4647
4526
8148
3162
1761
6419
3108
1659
4879
2622
9763
7600
1963
4054
2328
6871
5539
8437
8769
2118
2161
6961
3734
7521
1902
5958
5248
666
5629
8327
2681
6993
1903
9564
3680
8848
4292
5634
9702
3400
7447
8778
4116
8308
6193
5272
4341
1802
8281
3146
1481
3763
2899
7472
2219
6227
634
3498
4697
9474
833
6488
4601
5971
2605
2881
4226
1738
7469
8991
2414
5465
8331
3314
6360
6597
1425
4467
9132
5833
5178
4797
5569
6823
6333
6277
4292
815
1320
2715
343
7459
3944
9410
2932
8475
7789
1
3
5502
9328
6750
448
7697
3155
4738
304
3423
1685
5321
7375
2583
8406
9245
2153
8612
4687
7843
7728
1592
3050
6998
4729
5574
7309
3578
6074
1825
2225
2675
7807
4880
5257
4765
6272
3628
3953
4584
5009
2091
8811
9268
4688
2754
976
1580
9632
2322
8535
5588
7672
2785
6219
4722
1367
9984
2316
7261
608
6088
719
7374
599
6743
5846
3952
7007
6545
8762
9613
4656
6546
1062
7057
6559
7647
3588
2597
4014
4650
1411
7573
8611
8332
2266
1145
8238
6650
2936
8273
62
2986
8729
7139
1231
3738
2380
9675
8511
9899
2133
1508
4117
2644
7053
3551
7658
5559
8144
1412
4791
3266
3878
4999
986
5535
2242
7782
812
6378
9901
203
6107
3318
9248
4893
3051
2371
4446
7371
4701
4936
6371
5841
9047
89
7676
8013
6121
3863
1193
1276
9714
5595
3419
3870
6202
232
8318
9926
2329
5289
6062
9563
2370
524
1230
2629
1046
4429
5651
8822
8256
9571
7639
4753
1223
2245
8517
1487
2492
3354
5316
7473
8123
2954
3894
6644
5062
8862
805
3645
5858
2015
3102
3041
1535
1611
7867
6412
5695
8763
8417
9640
1703
2952
939
4723
9622
2410
2172
2231
8526
3489
6022
3623
5173
257
8749
9669
6040
169
5722
1768
1329
2761
5837
9851
3896
3672
4463
2359
7902
7841
6149
4210
7193
7353
8533
5086
6176
2516
7355
7482
1898
6869
8332
4918
9951
6993
6822
7603
5176
5648
4937
7105
2200
9233
1112
447
2190
4112
664
3546
1594
9223
4277
4069
9940
4992
6583
4580
9438
5917
6824
563
7699
3059
2596
4176
3560
8836
3806
2253
8457
4743
7761
210
608
8246
1795
9220
6253
4695
8103
2040
193
7413
7515
1310
541
8379
5436
36
771
884
6429
3420
3812
9121
4206
3922
9595
4679
7497
4855
1573
1505
8209
71
2549
2158
9141
1153
543
6586
1924
707
6084
5840
4083
7190
5349
4084
3574
2954
212
5100
1167
962
477
9187
999
3458
261
9257
9821
7571
4551
1557
6315
1142
3885
7142
6898
8148
3957
6771
767
6111
5644
8478
8959
3936
6152
1919
1639
7720
2124
5752
3773
1720
8049
9535
3197
1255
6628
8378
6039
9308
4130
5501
7286
9289
2254
4002
8753
8468
4235
3957
8302
2047
8083
4347
1470
8713
2039
6066
5296
1693
6677
8586
8595
5987
9217
5016
9965
4670
5626
8755
5165
6683
40
7348
3756
9301
7316
5210
2478
2063
3384
6403
1650
4911
5566
4426
8156
7020
1438
624
4984
3643
6354
5372
70
9606
7180
4521
6463
7744
2097
8180
2864
8137
6611
7203
6551
4312
7599
3845
8281
5934
857
8735
3923
8397
7801
822
7959
1624
4016
3974
3962
9218
66
6113
3055
7886
2047
4850
7153
4381
4873
4353
4050
3666
1698
9139
8455
6039
4635
2509
6106
2151
7147
7992
3264
5994
1506
7853
6383
1013
5944
249
5109
5254
8473
5949
2989
9163
1857
7854
6752
8341
5389
1071
2220
2850
1411
804
3381
6667
8306
7604
6775
9898
7416
440
3352
7650
8773
1551
8210
2322
163
1702
8205
4514
2286
876
9201
5960
7033
51
9249
3262
5223
1047
9976
3347
2512
3665
4178
6793
7494
6047
7162
86
2107
8173
9256
3658
3318
5120
434
1845
6660
9917
3725
114
2282
3274
9350
3971
5735
9981
2277
5687
1295
3419
5317
172
2194
4703
654
3167
499
6977
7319
8689
7124
1046
2734
5080
2536
2386
1951
6366
5616
9065
9872
2228
4461
8678
1217
8643
5444
306
3238
7163
3007
9006
809
3495
3794
1415
7012
7318
7560
432
296
1867
3600
7228
7145
5277
2178
7879
4373
6175
3134
6458
8417
9296
3308
8564
1350
4265
1367
9634
3824
7059
6623
6484
4171
2536
9645
2494
7727
9489
9251
7716
3782
8814
1509
715
9659
3136
7682
7195
4060
2918
7832
8594
4344
1371
140
8051
8227
4729
4235
6363
983
1176
5704
3785
7145
2858
6274
9680
5342
666
9393
9053
5746
1159
200
4063
3206
404
2117
5636
5453
1670
8530
8459
1895
9780
4799
496
478
3684
2690
1251
8750
2084
2541
3389
36
7212
6096
4189
4571
5692
4230
1018
6479
6377
1360
397
842
942
1976
9528
8241
5363
4959
5952
1074
5346
5347
965
8665
4798
5846
2810
9416
904
617
7958
8524
7268
2698
8649
3672
9323
8731
7863
6900
8460
3370
1490
9061
8150
3843
1968
2126
7495
218
8190
7965
466
4307
2450
1369
4295
5453
9359
3314
6452
1255
735
4538
9583
9708
3208
4298
7762
912
3878
7808
6301
1703
4293
9750
1544
1070
3638
8940
7969
8073
5368
3382
3442
2821
3529
7577
586
6420
5977
2085
3468
8680
1615
9967
5157
1912
8453
681
1157
2569
8864
1668
1302
611
252
151
4374
9390
9911
5504
9248
5019
9496
8209
2500
8637
5754
7542
3408
9203
7378
7053
9535
4692
8909
8605
7265
1199
5483
9773
4129
4169
856
2740
3414
1955
8642
9743
8800
7413
562
4231
5784
1317
7919
4409
5988
5499
2410
7573
8780
9522
2275
1285
161
266
2263
3899
6437
2433
4590
3861
3594
6750
3786
8062
1880
279
9435
4758
3564
5278
6097
9661
4942
2178
4950
5844
869
2477
7937
627
545
4118
2233
6671
8827
1952
338
8060
4066
1155
5569
2867
772
3616
2040
7109
487
2979
8736
2551
6521
4054
2058
3054
5870
3400
7551
9764
7046
6856
5722
5932
543
8475
5822
8402
9408
952
7734
2092
6315
9590
7734
6068
185
9230
3770
6083
4195
6053
8966
2020
6144
3320
2048
1891
5542
1161
5815
8068
5253
5011
3582
9202
5968
3344
7290
5181
4398
593
7625
6377
8110
2894
7754
3535
2853
5201
9648
4789
9408
2137
7734
1990
4190
1059
3350
6291
8320
9131
2030
736
8292
3269
4763
4360
2849
7795
4294
6426
6083
5600
8463
6938
2897
5785
6551
5825
7368
900
1029
9163
9457
958
4511
7787
4120
3873
3866
2449
4799
1322
3179
5130
1019
1159
6934
3257
7573
2240
37
5248
6042
9040
8741
5456
7166
7084
4353
8719
8363
7242
697
6173
112
3022
8345
1960
269
9173
5112
3791
6240
225
6966
5521
2275
8316
4369
5602
1301
9480
4596
8381
6095
2817
3991
4357
469
4712
5740
6951
8589
6757
8401
753
5016
8258
3260
988
6188
4844
8249
3766
3786
8637
1534
619
4159
3161
3179
4976
8032
4917
7991
8545
6238
5479
6458
6904
3624
2762
3293
1192
7732
3620
7462
4247
9871
3406
3427
6402
5140
1463
7198
2640
8174
5297
2452
4180
3208
2275
7814
664
5888
4855
8351
3529
6725
2833
1702
3868
5048
1204
8478
5335
8671
1624
5955
6130
3190
8242
2669
1053
8998
5025
3805
7126
2822
1580
5486
980
6745
3762
2801
3671
5700
4864
367
7601
8453
2002
9877
3877
4489
9842
9394
1742
74
8133
5663
8678
7030
561
9524
6973
4142
4893
5157
1111
3120
5070
7091
2990
4579
2933
9075
8124
3248
3013
8870
6579
2677
9874
187
2641
1246
7288
1119
3504
2703
3324
5351
8057
2926
9010
4711
6281
8115
7520
4075
9323
7380
2868
6953
7915
9261
6848
5951
7294
9559
3557
4163
7438
3452
5792
4181
5822
3219
3026
6941
7329
814
7736
7326
9132
2941
6320
9123
1814
1670
54
6186
3198
624
4087
8797
3223
129
5265
3078
3532
9002
3467
4483
8659
1351
7242
3618
6753
2221
9758
2172
8910
4559
8899
2735
5916
6639
553
3574
8308
3413
7322
2913
6095
6890
8273
2922
4053
2624
9591
5931
6183
4945
7388
4764
7415
8723
7506
3712
9770
1889
5453
1421
3874
1452
395
6890
1262
681
2536
922
6080
7875
4804
3807
4046
9613
7541
9378
6295
1018
5887
5410
3706
9089
646
768
9813
6306
4494
4966
647
4935
5991
1384
8076
6599
2094
8471
5172
1990
5740
8788
440
2587
4847
4741
4591
2842
6927
1875
5640
2710
3626
6094
4764
959
7498
9273
1813
2449
8571
4860
269
64
7147
2031
8239
461
4112
3917
6238
9975
765
9939
4077
7546
5367
104
4800
6962
6217
9342
5240
1424
8427
739
5591
6247
6332
2371
291
1107
6293
5566
4595
808
1731
3042
2126
3614
4584
4933
5575
5447
4801
2711
454
7851
7348
3647
2745
99
4238
3001
3185
7456
9536
3901
3699
6420
921
659
7174
8154
4222
8993
9427
4392
4613
6385
679
8225
3239
8610
5314
6476
3289
6478
5430
4288
6901
6951
8714
9525
7659
6522
7201
2210
4179
4611
2268
4321
9335
3033
2719
9686
139
102
5024
8331
4290
2701
6252
5866
601
5081
8342
5836
6777
6332
2610
5382
3538
4838
3318
434
1782
1380
1628
8793
5543
2222
3276
6954
105
9809
8266
6447
215
617
8782
207
6426
6207
7566
2243
3572
5256
1178
6516
9071
113
8755
7346
4997
4361
1964
1547
2921
5372
4126
5292
8451
3271
7711
1290
5026
2918
4637
7218
6637
5594
505
8173
5221
1780
2947
4689
1957
364
6865
3810
2065
2889
5383
5927
3486
5752
378
9629
6010
8497
1473
1072
7819
9497
2115
4239
7733
5980
3805
4573
399
2696
9980
5634
317
8234
2977
1101
1390
4430
7251
651
4155
9137
8480
880
8630
7752
2903
7189
826
1828
9784
9008
7671
9633
8470
7704
4580
2774
6628
5114
6342
8344
3039
4160
6269
1255
5690
683
5145
2526
3039
3544
1338
4844
2165
664
7829
8334
4099
5961
6646
7530
3113
8913
6832
1504
3899
5565
7255
5499
1884
7792
9556
6272
5772
3106
1089
9639
6669
571
3837
3698
294
1843
61
1264
9945
3628
8764
6537
251
3382
4135
1117
6495
1832
3098
9002
2391
5315
7844
2091
2777
2463
624
9691
5577
5432
3547
8705
7971
9966
6979
8911
2098
821
3819
6076
3362
3996
6828
323
6991
7064
6874
7972
3382
3364
6397
2135
4642
7422
196
1114
4433
4861
8550
4382
6876
4828
9119
4676
5426
8427
8604
9698
8531
6390
1662
5550
7228
7812
8302
8587
9016
7620
2037
8038
1342
932
7037
3135
2830
4288
5682
7319
8247
4257
8292
544
5787
2689
84
8976
4106
6922
3930
8144
3777
4962
387
780
5426
1000
8788
4450
6383
4374
5568
5286
8213
7397
6302
7895
3885
3337
1299
9835
8056
5595
7299
9221
1128
9836
9726
2404
7302
3571
1202
5355
6371
2941
3800
6084
5516
8573
8680
2560
2068
1506
2468
4542
3919
1936
6148
8670
1078
9008
1930
9728
1745
5365
8724
852
5808
242
384
9428
5205
1260
9748
4795
3340
8195
2842
8591
645
4032
7964
4668
2798
5202
8004
88
3539
1963
7262
8599
9841
5941
3542
1023
8069
9600
64
1056
5048
3340
2565
8900
2516
5111
7647
8029
2693
1405
2247
2725
1317
906
9725
476
4089
2085
9848
6073
5131
5563
4631
8290
469
8295
6389
2983
357
3939
3455
4321
8081
5771
896
7594
669
7477
1828
7126
5676
4914
7827
7859
7470
329
3198
7490
5745
7555
4636
6815
6284
7478
6846
722
5538
8399
4268
6750
7866
9511
7674
8424
6135
4041
473
6673
4152
7697
2013
4328
4170
3201
9188
1007
7125
3657
6268
6774
2221
3213
3252
2859
9867
2336
2042
5426
6297
8299
3679
2059
1434
2246
3569
7739
6689
803
7897
5467
4790
7691
1
5647
3828
8225
999
5814
1309
9816
935
6177
3611
5196
7609
2859
4731
8107
836
4919
6769
8197
2510
3081
6048
1857
6023
2098
4980
7830
4166
8544
708
5769
9728
4739
2290
116
1453
4895
7957
7788
812
6853
8055
5282
3648
5166
2120
7754
6875
1485
9144
5935
2712
8742
6275
2623
7918
8839
90
2052
6994
399
8861
3037
6894
379
394
1729
5207
6501
8455
7486
2425
7174
2692
3573
5237
9727
1691
7212
4498
9119
519
9723
7187
8024
6440
5552
644
2300
3126
6849
6169
4509
7254
3232
9848
2394
9521
5934
1533
8733
9087
3957
3892
5707
7118
4618
6680
4627
1935
5039
2486
3455
6021
5059
6662
144
6464
8545
6923
8924
5587
272
2889
2488
9522
1344
9814
4292
6626
1540
3732
1236
7846
6495
9067
7758
7561
6325
1857
9959
1245
1005
4029
7855
4578
9304
8196
194
7355
1168
7219
9905
8206
9656
9994
8368
2318
4394
6513
7412
9796
4938
6045
7859
6501
9130
2074
2091
5646
1634
7592
8951
364
7179
6613
3726
7469
9322
9686
5880
7238
8471
3947
476
5003
5002
5563
506
5937
9264
8525
4286
5582
9782
9219
9289
179
8279
935
794
1208
6276
6915
7885
2169
9664
5309
950
8619
3008
2401
9160
7857
4581
9475
6586
1057
7454
2894
2217
9171
6086
8435
554
21
1474
7661
6903
2740
8548
6860
5893
6378
6747
948
851
1592
2319
9019
28
5557
2474
2758
7885
9533
6202
7154
4253
2089
9516
6890
6448
442
9670
8368
77
2339
550
147
5141
5688
5056
6235
6187
1217
8723
9895
3433
6252
8556
4371
2795
5907
2927
1585
6866
7778
7136
5108
3460
9519
9201
8401
4864
5197
5705
3734
4061
912
4620
7372
4983
448
7356
3936
322
1057
2272
2014
6636
3416
8633
6020
1082
600
4435
2470
6474
3837
6844
2659
6431
7094
3097
2499
1972
1614
6600
4283
4628
9876
3432
9203
4064
4385
1910
1667
2854
9381
2911
4332
4801
7451
8666
6515
2582
5954
9265
4289
6804
2056
6518
6445
5298
2169
3880
8036
9903
7928
9153
6139
6628
5281
4499
2417
3537
7144
8803
626
5319
2769
7499
6080
6201
1348
4067
4502
9934
3778
7097
6250
5177
4228
495
649
9968
4578
4708
9908
6078
5987
8188
7700
6266
5671
1645
5032
1301
6975
2822
2203
6900
1991
6197
2830
8668
2814
5651
3315
1702
9200
1681
5095
4389
3128
5556
3022
2742
5177
7581
3308
6525
4423
3397
3584
5
859
7969
6227
2294
8010
6131
8818
6038
9726
2163
5859
814
652
3289
3564
4910
6981
8440
9295
206
9636
2425
9268
9898
4674
4940
8594
4403
8437
9411
2762
4842
9461
681
1128
9639
4347
6802
1209
8375
6407
9992
1404
1009
4565
6822
9845
5953
909
5466
6153
3464
828
8193
4520
2377
3993
6953
7721
4783
5534
8322
3526
2109
8478
5247
2388
1086
4323
3359
7711
4856
1841
4906
2938
7737
473
382
9615
3818
3360
6951
9703
7746
8436
8096
8932
5716
3117
459
7709
233
7461
8798
3132
872
6506
3906
5225
5709
5455
2841
4714
2685
1990
4954
1056
5406
8241
3300
205
3085
8516
5597
4341
3298
4743
5509
3600
7990
2991
3828
258
4029
741
3351
302
976
110
3005
8188
237
5752
1932
2681
9993
9949
3880
6021
20
7537
1186
4820
6204
9300
4414
7836
2772
4073
3397
1129
1174
731
9755
4675
6204
9492
9258
6568
8419
1449
6931
8833
5808
5346
7041
9122
7369
9514
9554
1545
5192
1345
8574
7279
2729
7403
5762
978
2696
5045
1329
8993
8326
6177
7360
8552
3643
3733
8459
1144
8704
3525
6049
6183
740
4542
4396
7805
8121
2498
3989
2053
5438
981
3573
1588
3488
6939
5015
7644
4707
7773
388
982
8443
792
7944
9115
2997
92
604
4518
8029
6786
3707
6534
3844
7937
2244
9474
3895
3184
2839
9998
1598
1149
4174
2205
3906
3485
794
965
9662
8340
5149
9857
1321
5726
5555
9624
844
4860
9922
3555
5990
5090
6855
1395
4953
3747
6915
3391
4042
847
1375
8191
6744
5029
6553
2959
5292
1646
4318
6098
8202
5612
3732
2058
6871
4960
1737
7959
7743
254
9118
9928
4528
1209
7766
8807
7194
8145
4448
8178
4593
9989
4808
3685
6914
922
5517
5443
8026
367
9215
5460
8325
4894
2233
2800
5499
2932
792
390
2254
1278
1898
3805
1844
9866
4862
1505
3702
789
925
6440
7921
6330
4775
3634
4274
6866
8374
2046
7308
6728
193
2409
7983
2818
2985
6115
9466
4079
7988
181
1582
6948
3878
2346
3715
8277
2958
4076
1688
3636
2871
2055
7458
1440
5554
3196
7049
7230
1907
7503
3749
8136
9481
8257
3608
3406
3998
6851
1776
4673
1088
1160
7986
2551
6409
2940
1112
7197
1132
5143
7713
2024
345
5019
553
9962
2958
6047
5256
8485
1400
7599
4
7361
3157
3290
9600
1345
8900
1195
7938
5926
6667
7501
611
3016
4220
1586
3141
2108
4421
5970
194
7386
8344
1489
1310
9591
1965
3383
5861
1273
8035
7623
4943
6537
2457
8895
9442
4183
7045
7568
583
891
328
7728
1841
5337
7887
4243
2290
3599
797
8136
2339
8577
7474
3066
1175
2859
2888
7680
3086
7931
5264
3809
953
8281
1779
4520
3976
8247
1713
8430
73
7414
7798
6010
8318
5960
7265
8697
1291
1878
6313
5579
4543
235
1142
4856
5399
3008
1582
4092
6677
7484
7276
8265
6599
6868
8210
2609
6486
5866
8838
1636
9490
9134
3215
1658
4300
8513
6499
8327
7577
3979
228
3519
3757
6705
9558
3020
5759
8058
3403
5261
6672
8364
7768
9959
7781
2568
1459
7155
9587
2722
3779
4182
7752
7596
6762
9114
6201
6274
7937
4876
5853
8606
5807
6199
4773
1668
7684
5581
5974
5648
2128
8540
2510
9559
5519
9176
9233
632
7497
2992
7226
2424
9691
3042
4660
8215
591
7160
526
1889
9826
9404
2369
1715
1512
1683
5275
1305
95
308
778
9339
5524
288
5927
1236
5095
2401
6861
5929
7881
9520
6494
8390
1826
1446
1134
6281
7528
3131
5860
9553
4161
427
2500
2813
6682
1658
8975
7867
3190
7172
7045
6352
1196
7556
2786
280
4930
4063
9213
3971
102
555
5827
1434
8837
9353
5971
5892
1162
5916
1826
5566
6706
1756
2944
4342
1624
8124
9583
1335
3733
1389
2494
9718
408
6999
2788
2491
5766
6694
6429
7510
662
9957
2384
766
6572
8344
9622
6426
1584
115
3025
4200
4021
7372
2126
6105
1726
8138
8313
7681
4014
6433
9330
4888
7857
1675
649
989
6334
6071
553
8654
642
5590
7232
5119
3385
294
9530
9652
8612
2345
108
6734
4868
2424
9340
8908
3615
8572
6414
7638
9470
5098
6474
9631
5537
7134
688
2482
6767
1253
6180
1422
6667
8886
7964
1203
7213
4219
3817
1421
2461
4993
4108
519
2976
8510
198
682
3657
8782
705
3912
4442
2644
3894
3816
8389
6524
9431
931
4920
250
1492
7686
2192
3028
8245
4937
8836
444
5908
8329
448
4053
1399
3444
193
7992
8874
6340
7394
4874
1720
6446
2505
4708
671
2619
8940
3366
3973
110
9557
4689
3821
627
2451
1588
1405
3506
4482
3205
9398
3353
5673
4025
8346
8994
5030
1223
5351
4165
3178
5830
6930
8706
7901
2633
1326
1713
5369
760
536
8718
3106
2911
9672
4384
2563
4751
852
4768
6875
5338
4521
4490
8059
4983
4414
5831
4641
6311
5837
2783
8813
5543
8664
6409
8177
2972
9865
1410
2371
4272
5414
6147
426
7490
6380
9130
3112
7922
1956
2721
3658
1897
6628
6494
4093
7527
6809
8279
1542
9591
6147
1358
8483
4278
9574
6749
8036
476
3376
709
6619
2397
5841
2902
4340
4440
5565
3334
8272
8502
7018
5959
8112
9806
8539
7473
4527
2152
2261
2224
8005
3466
7897
2262
7871
7143
1493
6529
9476
6434
7387
9172
3642
7650
1983
5199
5051
5342
848
4455
6795
9105
2804
7629
5381
2186
9885
8557
4834
4915
369
9820
4091
4963
8062
5644
8469
7466
3431
7675
9244
2201
1500
7840
4540
5336
2780
4757
105
6727
5158
2911
5761
5960
9467
3320
8666
8219
8209
2922
7222
1474
9016
4396
2085
8911
3570
1843
4950
5369
6465
733
4555
7015
4984
4400
8072
4867
7512
597
7920
5031
2848
244
3227
3847
4043
8267
6018
1796
6404
7732
6589
5161
7257
4692
4142
5920
328
3312
8124
3108
6654
7014
374
9604
8671
596
2701
1744
345
6758
5101
1997
6382
6325
1166
7418
2627
1069
8857
9494
1179
3995
2671
2857
6858
9903
6840
5645
1483
587
7796
2192
1617
1736
1177
7045
3955
2301
5256
9105
6178
2585
8143
4548
2854
8668
4328
5922
4432
9219
3923
9340
969
5986
3696
7691
9850
3911
4487
146
789
4401
5223
9038
4226
7984
8480
4837
3734
4874
1291
8110
5585
7441
1351
5936
7891
6842
1224
2225
167
7521
3684
3928
9641
5716
2875
3951
9559
1593
2442
8443
8186
8431
3700
7040
5846
3640
388
130
7797
6089
1860
129
6709
2289
940
2212
6275
663
5056
1063
261
3442
4961
436
6995
1051
2687
9738
8492
7517
8491
3677
8698
2924
1219
1570
5092
9867
5350
6831
2119
8205
9256
5977
7832
5931
5843
2617
7727
1315
6633
7817
1906
8475
2534
4289
8220
2389
836
4096
3138
3057
9842
3130
9016
4898
9144
1699
1504
270
7293
9930
8434
217
7211
2843
9438
6960
5958
8146
5495
5583
1433
3885
9152
8236
8174
9512
7647
9796
3330
5166
1305
2363
1309
1668
691
964
9429
855
7289
5239
7660
971
3572
5346
3258
5447
490
9809
7892
7550
3791
5396
1264
5633
883
3111
7587
7557
7231
5483
5789
2581
9743
73
624
3986
7836
1519
9700
3165
7124
1281
7556
8146
2127
4032
1701
2667
592
2982
5783
6373
4533
6545
1457
9827
2746
6178
2005
8886
9323
9863
9180
7845
9170
899
6541
8139
7876
4434
7576
8154
3558
2245
6833
6208
7214
5734
7843
6654
3490
8719
3915
3986
6935
6117
5415
4743
1326
810
6737
8929
6467
5715
6104
6070
8094
9720
4681
501
9034
6938
2407
9
2567
2830
1370
4262
2411
9018
9946
8072
4223
770
8853
4602
9547
2811
3477
2579
448
1753
33
7550
9486
2939
986
4363
4388
9319
4656
3637
108
314
5343
9539
5225
8527
6278
2530
826
1209
9901
3777
764
3929
4185
8865
6808
3099
1082
7300
8397
4448
5573
9040
610
4779
3044
6405
8173
1257
4958
6051
6414
6688
2204
9626
2356
4983
1873
1838
1747
2905
7472
4306
1385
6341
3343
7002
6771
8160
907
2899
3080
7393
3632
4047
4684
6150
129
8584
5693
1299
7821
579
5639
5577
234
3911
9278
9620
3818
2676
2167
4017
5717
4499
5823
1594
7260
4841
3185
2915
6149
2485
2854
2575
6487
2512
3799
408
5889
5748
2749
7359
3631
3297
9949
8877
5337
6956
8149
5073
3624
3848
769
4032
4775
5726
9439
4248
8032
3121
6709
9447
1387
9228
4670
5018
4624
6665
1280
4517
8748
94
5707
9688
4200
7837
583
4190
478
9718
2731
1607
6843
6274
5759
9355
6933
8342
492
292
2856
6416
6211
9869
7770
4443
8703
571
2685
8476
4459
767
3583
3700
9394
2000
431
803
2962
4967
7614
4296
1200
9666
7394
2933
6101
3549
2313
6834
1571
4659
7852
7201
4517
4543
1617
7498
8673
8109
2832
1469
6769
2508
1875
5197
3812
8681
1236
7473
2229
7651
3620
4447
7638
441
9665
6426
3291
6815
3771
2929
8212
6113
3764
7657
8677
8120
5299
1059
741
9223
8723
3778
1263
2884
8731
794
6231
6439
9437
7083
5134
3153
3842
5288
215
3390
8389
1558
1711
8528
1177
5271
591
3862
5391
1530
1472
150
2679
5070
8183
7089
8111
650
1701
4630
2874
7082
2103
7041
357
4323
7407
4169
3487
2402
6627
6883
4712
2699
997
826
7063
8863
6284
8914
4732
2651
8212
1646
4889
46
6969
6610
9709
1039
6559
7984
1428
9622
2560
7523
7477
4043
3880
4902
3083
6527
9712
7705
5857
1245
5095
4474
5171
5124
9761
5646
4100
1203
6382
4905
1289
5273
8728
9055
36
2922
8611
7330
4638
3317
7087
3665
6602
2945
1139
5391
5272
9277
7515
5519
4438
9761
8381
5200
9193
4387
4912
4427
1806
9208
5006
4125
2987
5074
7450
1067
826
2260
7914
8520
237
2592
5825
4582
7122
104
7551
7945
7763
157
9902
5130
6972
2175
6609
3486
2970
6388
280
7819
6165
6175
1983
4672
6739
6940
9326
3956
7646
7839
549
9345
9934
9395
2561
7508
6451
1974
8704
7245
3272
8555
9779
637
618
7410
470
4012
7441
5414
6196
2797
1795
6573
9884
8993
2889
2032
3447
2635
2585
4494
7223
745
3362
5856
8784
960
8703
5434
3373
7358
8201
8795
4787
7953
19
4088
217
2504
1463
8014
7357
4232
7396
2780
3883
4486
7189
8400
1268
9596
1912
2516
1841
5208
5492
3515
23
5044
5337
9786
2275
9865
6821
7992
9058
3308
9519
3808
7749
924
2702
2697
1041
4128
5371
2109
5174
4415
487
845
5011
7533
8616
8809
9755
789
9735
8538
6668
1566
8872
4076
3693
1927
9141
2713
2525
83
9641
8066
377
8473
8620
2993
1484
3976
8266
4039
422
3610
266
8008
5158
90
9892
10
9148
6480
4544
2628
1799
4222
5760
423
7003
473
8598
616
5610
1311
3591
5835
6727
8464
9404
6295
5398
9674
8243
964
3907
9601
8809
3209
2111
7377
7299
5732
3965
9300
2472
7944
4746
2961
8633
8626
1902
5680
1867
5891
600
1263
8878
4519
4399
2246
2048
2383
9187
7462
8020
1089
1748
7295
1687
3435
5262
7550
1415
3706
3633
4958
3370
6767
1560
879
8950
8328
3973
772
4114
5953
5662
5150
9741
8500
9762
2174
9517
554
168
1323
3588
1387
8640
3285
4301
2665
7490
3340
9954
3712
1241
5719
9235
7377
4285
7559
775
1277
8973
3143
2929
5168
1964
4039
8125
9771
3393
1944
9862
8474
8386
2592
8569
5659
5359
1729
4028
6980
8350
3826
7056
227
1713
6388
3014
132
5643
8098
2814
2582
6864
2194
3877
1623
6075
9268
2616
3729
9737
2695
8993
3939
7892
537
6788
6241
431
3140
3175
4940
4829
9653
6183
3933
8638
9973
1273
3078
3435
7239
7720
6707
2669
5834
1341
1646
9918
2711
1920
8235
4199
3081
1027
8769
8133
3336
6510
7484
4962
7372
188
9549
5584
4137
2592
6237
1420
3556
1570
9071
6725
1797
1418
396
3377
9019
6050
746
5713
2611
954
898
9785
6696
5435
2007
6865
3243
8350
2336
4884
7370
5082
1520
6057
9480
4322
3334
4289
1894
8406
6649
754
1728
9310
4397
4394
3422
1814
3016
8302
5081
5038
914
8819
1291
8888
4549
4481
3129
8090
6886
250
6025
892
2022
884
9048
1059
9999
7712
9279
8222
7875
3699
2423
9999
4336
6873
6027
8200
6529
4694
5350
5567
214
3181
3055
5211
6270
3766
8369
8205
4909
2470
5173
9713
951
7794
1611
5248
3950
9688
3922
7342
6518
784
4737
3126
5285
5416
6791
4500
2658
183
5128
2840
9982
3616
8409
5752
1274
8997
6579
5253
8899
3595
217
74
3021
7269
6153
3515
7528
1126
7256
3277
6315
2506
1647
5373
3036
1981
7787
9997
1127
8654
7510
7551
3367
6986
2364
7248
5098
9248
731
6627
4085
353
4475
9094
9783
7058
4803
3773
2513
8840
7242
227
3300
2538
798
6722
650
8007
5109
8645
2464
3128
6284
1286
5260
9342
6527
7940
8588
6066
1729
9700
3707
8638
4195
45
9869
6766
4841
9151
7281
6524
8375
3238
3061
7594
4651
4850
1567
1984
880
6308
5027
4009
6023
8847
4148
5124
9497
7010
9055
3108
8467
4134
2884
6854
6356
7718
659
1883
3425
2077
3391
2626
6025
9329
5310
6765
2735
9644
9295
7800
4156
7495
6304
1176
5157
382
863
4771
4121
4824
7097
4845
4748
983
4448
5965
5830
6967
817
9086
6442
4752
1598
5119
9905
2442
1076
2208
4265
9461
5099
1823
9282
6205
7108
9782
1728
4402
8984
9915
786
5981
2064
4182
4781
6884
4986
5037
3399
5802
8480
6143
3965
3385
9579
5605
226
5094
3606
9385
3416
3870
4792
6462
3363
4961
3012
5842
8712
6542
9621
8344
725
6185
727
4169
835
6871
1404
77
213
183
6217
5242
2165
8469
4796
2987
8140
1641
7813
4081
4813
3373
58
293
4353
6847
2350
2674
3093
3014
2690
4491
5173
469
7531
6390
7380
8699
6635
3080
5313
229
575
6446
7282
364
7356
6365
1271
4588
479
5888
6164
3070
998
7346
9481
8112
2658
9636
9498
9740
6035
3551
5236
9306
4206
1374
1609
2944
3709
9723
7919
8492
9182
5838
9611
6451
9652
6654
9013
4591
4595
3230
6629
4069
1429
5981
8597
8318
3212
9545
2893
9715
1152
7859
2007
2329
859
7863
9279
1711
7603
149
8458
3448
4039
2074
3743
3071
9682
7631
1698
6775
248
7660
7956
7633
1489
3610
8473
5546
5070
3192
45
1454
7970
7640
4358
4283
7519
8639
6667
3845
1203
3830
7437
1025
976
7181
4483
6736
1786
8322
8898
1772
7579
3130
2580
9457
2458
512
3832
8322
6362
8652
7800
7276
643
1949
1358
79
9054
3712
913
8987
1811
4099
7326
9730
3043
1430
6103
8082
4317
4658
5628
9400
7899
1051
4882
7668
9274
5502
1367
1156
6107
7518
8324
6172
8818
5620
1658
8729
630
7027
5635
7786
5912
2513
8441
5491
875
3054
342
5724
575
891
8049
6986
569
2133
4806
1754
6748
5485
5288
1463
6428
1311
5236
6128
6057
7126
8503
302
5388
3261
3865
2360
8598
6063
7969
6799
8023
3350
3239
2850
2762
4921
8633
8957
6052
3920
58
955
9273
6099
2901
553
4872
1838
2983
1566
9265
5258
2612
8480
1238
8970
3733
3620
4749
4936
5898
4362
2745
1699
9765
9993
8427
7611
4111
7745
7479
3194
474
1452
4577
4960
4769
5392
6498
8713
7261
5321
3457
4383
7300
1689
453
5011
3191
1033
294
2775
7451
6807
103
3329
3578
2641
7957
7384
582
9433
4873
8231
4924
9679
1598
5397
7800
2278
5464
3391
5059
6459
972
15
1784
4586
2843
5080
7560
4680
8757
8802
9386
6939
3444
2021
714
5734
4935
3718
7778
5188
5268
9640
5008
3061
7341
6854
7142
2275
9173
1913
2574
342
9949
9158
48
988
5257
8256
8205
9841
526
3763
510
4856
4794
9843
7387
6818
1066
8186
453
8930
6226
2254
9502
738
8048
6751
8617
8344
1295
2515
8326
7116
3665
4050
994
46
2880
5288
7821
5428
9299
5762
1913
8678
9510
6744
6075
9048
2072
5115
2628
9878
1609
5407
8678
9399
8991
4549
8775
6968
9753
4350
9901
9284
7
5673
5849
5021
4390
3815
7079
5115
1787
9155
7663
6416
889
8952
547
1246
4877
6966
1742
8410
7241
6302
3879
6980
7074
252
3659
1702
4705
2066
6923
1418
7052
8291
6707
2525
4755
83
8380
4438
3021
3897
8029
5701
3536
4924
2762
7935
2948
239
6662
6027
7300
2527
6026
9045
2235
3544
5848
2489
8790
6440
4457
7676
3500
6060
4351
4041
4549
4889
3468
9416
3467
5684
1252
364
6184
9750
2826
7201
1970
537
629
5357
5465
2162
9475
8695
6917
3941
1658
5966
1243
7300
3878
8184
1421
2202
2855
6152
8688
4582
7522
1184
2685
447
6
5230
4891
3865
2902
7242
8707
2060
7533
2679
2291
2142
7046
6923
3404
636
6507
9262
341
9473
1796
859
7225
5062
218
197
1098
2774
7671
5348
6098
8522
9826
3637
6131
2039
5322
3748
1168
4180
1081
7639
1876
6398
7
2020
9779
918
4724
8829
2351
739
8993
2141
1867
5794
1395
3527
1369
9494
180
1358
708
3427
6785
5931
8817
2179
1284
6282
4037
1637
7405
8722
7122
8397
2388
9776
8069
179
6506
4302
7515
2183
3194
8657
5504
464
4345
3968
3627
4967
6752
8145
6300
7182
2125
7239
2737
3862
7157
6588
479
5295
5801
8761
9053
5350
887
3174
31
2730
3308
1675
704
6545
6865
4637
389
9991
2804
3199
3446
1171
1556
4535
8694
6276
9795
1727
2518
8359
4086
6040
6207
4245
3145
5395
5502
3160
8017
2164
3237
4839
3283
8119
937
7618
5827
116
4030
171
5897
5114
1664
7444
712
8111
6346
500
3958
6515
5270
9759
2752
7370
4268
5461
917
8723
6180
490
5864
7887
7076
6710
5332
602
3502
7559
482
5370
4171
7114
5124
761
2332
220
9621
9239
1905
303
6272
5573
7350
5094
1687
8451
4679
9762
1029
2498
2506
6406
1179
8224
6056
268
4782
8275
7255
4195
8271
9260
7785
6713
2306
7644
7154
3859
707
2731
7957
6595
2030
5190
4898
4253
9945
6004
6566
7861
2636
7769
5998
5618
4743
8240
4433
3442
6041
5418
8631
2574
7610
8414
4345
2619
236
2643
7157
1127
4975
8461
514
8627
3564
5268
7955
7976
94
3267
4402
7790
8555
9824
8288
9656
4080
133
9484
5867
8731
416
9428
1330
9435
4955
9485
453
8111
4833
6011
6729
4895
4369
3499
198
1191
3412
5680
8156
6667
8681
55
8077
3629
9491
5391
4366
3978
4270
3704
7056
392
4379
4270
5849
368
4242
6825
8266
2962
2365
9001
9419
4013
7502
8658
1410
16
8937
3004
3774
383
497
5111
6929
583
9634
4209
9619
582
1820
2819
4047
6073
808
6538
8085
7761
5748
3119
3203
7521
4418
9101
8146
8094
1885
5627
728
4999
77
2844
4947
705
3022
459
7332
9567
833
3208
5248
3557
5426
5260
4575
8331
7183
8689
1241
4669
7457
6299
7764
1705
831
518
3468
7421
1388
7266
3279
3644
7159
5108
7574
5512
7379
7872
6630
5728
3776
4497
7353
6642
9146
5128
5612
1783
3762
185
2343
7458
2245
2982
4851
3519
2901
1803
4716
1359
3325
736
9681
6870
1712
5080
3829
1819
2857
3365
5091
493
5662
1309
2172
5933
4876
4599
3657
5602
4859
5640
9865
5150
1295
7252
6834
8562
8246
2026
3220
2373
8737
9525
6903
53
9753
427
2855
5815
9606
8578
2000
3068
8722
3842
845
8540
8599
2022
9215
1071
3100
3904
1061
3095
6823
4488
6639
3296
6214
6778
6382
4605
2244
767
1608
8401
6002
4169
1840
3693
4315
822
3158
2820
6456
3879
3734
6564
4443
3443
9213
7736
8032
1549
2348
4088
7770
857
4615
1882
4579
8542
9648
4262
2266
9973
7236
6992
9013
1754
1331
3162
4248
559
6506
1422
8879
9615
9257
2110
2964
5161
4187
7903
4893
7045
6518
3165
1197
2482
6543
5962
6249
8820
207
4568
2777
9628
3171
9140
1263
7306
5106
794
4450
5314
6942
8626
1002
9504
1654
6625
941
3385
7489
8823
7492
5458
68
8241
8167
2859
6315
8987
4842
3488
8902
194
704
505
5863
5428
9047
9050
4556
8815
2198
8548
7888
417
1829
9884
6661
2721
366
516
3942
8477
2056
2063
4975
8655
2451
5090
2102
6529
1123
7970
1280
9512
9327
1844
590
2682
2832
3399
796
7087
4407
4967
8331
3434
9445
7313
8631
7914
872
7813
3288
7108
5362
2687
7861
8971
4041
6461
1819
5179
1652
2495
8399
5677
6392
7064
5712
7931
1535
1991
2621
6038
8618
2347
4222
6325
4968
8600
7444
7737
636
7094
7050
6235
2541
2725
9751
9541
2652
8216
7343
5632
720
2022
6141
4197
6106
6185
9466
5767
5167
5256
4322
2843
3852
3578
7666
8675
9813
4161
206
5757
4263
6735
4664
2680
6906
4253
548
1967
7173
5645
7206
1906
7824
4894
5723
7897
6881
6788
6864
3417
8879
104
8490
5050
3959
1616
8353
7423
8988
1536
1711
3848
8108
3050
1850
8080
5696
8418
4665
8507
8047
1142
3448
9670
3079
8093
5342
4483
8977
861
1428
5410
1685
9904
6991
3368
4418
5834
4526
3433
8950
746
1351
241
1677
14
6851
3550
7182
1383
9313
3917
3575
6967
2802
7292
7993
6837
6635
7707
2252
5995
718
1977
2598
8843
9251
1719
7294
3265
6157
6536
9262
8182
4896
3429
8522
7381
9919
7102
3753
8359
5385
8666
3497
3014
7254
5886
3577
1678
6791
3239
4984
2052
4354
4313
13
9821
262
3280
3143
7340
8735
9651
8468
7107
8835
7511
6902
4124
6087
4424
405
7755
9880
204
4233
1719
2926
4482
9001
5303
7949
6648
9148
6591
7609
507
2860
5276
1618
7434
8129
1946
5234
1331
9208
5631
5912
3163
3884
5972
9537
5046
1047
8498
270
879
9226
9951
9696
1598
4553
3298
8800
1962
6962
7974
3909
4890
2074
6310
8538
608
3707
6077
551
5117
4750
8029
7675
4703
7308
6539
6343
5950
8868
9675
3612
3033
367
4459
4750
7603
4342
6327
4099
8335
6766
4564
744
3545
7381
8083
4685
2162
3165
8056
7284
8953
7369
4491
6712
2527
7752
4095
2127
6689
2674
8763
6403
6800
2989
454
5841
1653
3851
5977
5801
8176
3099
7778
8619
3577
2065
3423
2365
9306
7900
9208
4295
337
2558
8048
8705
4950
458
1582
1207
4998
2029
7337
9842
1957
963
7971
926
514
6850
6859
6911
259
3670
2400
1720
7338
669
9032
3086
6967
5828
9675
1636
6319
4199
5577
9164
4730
7007
1137
1839
572
9127
1391
903
9779
9071
6459
6630
8460
5595
7934
1772
6462
2506
3234
410
9884
8059
6282
2346
4441
3318
45
373
7926
4160
1736
4791
6231
8987
2837
9718
8094
6832
3564
3822
7901
6561
3207
1703
5759
176
8544
7246
6568
3611
9512
3884
2861
3815
5749
9425
7131
1913
6466
3300
5763
8827
1817
8593
9268
1580
634
4202
6143
8217
6421
784
3794
2622
5620
5516
6031
6343
7982
6054
1724
8909
5045
6501
8636
9816
3228
8920
1843
9084
2289
6369
7362
3392
4592
22
8807
9841
8824
5001
1662
2262
5029
6662
4166
9159
2207
1478
9192
2789
4116
6673
5045
454
3972
7577
1307
1509
3401
851
8289
5700
1453
6161
8059
5100
8679
6201
5515
9359
4712
2611
4875
4246
9106
4326
8838
4997
2110
4416
697
8254
9833
9089
8459
284
5983
1431
4221
8588
2525
4431
3575
5204
4930
2249
1855
2360
6518
2146
5444
9203
9243
8183
2303
9071
9137
5915
4098
331
1337
293
6083
1250
5986
8188
2655
5238
3645
7295
5448
458
8099
8248
579
8576
2186
7501
4387
8063
4986
7605
595
490
8393
4468
2621
6761
3807
3634
6902
3666
114
4265
3772
5017
2849
3320
7736
6607
3702
9641
3793
1870
3120
6293
6523
4191
2232
9631
2969
6116
4237
2014
9732
7653
6080
1237
87
4266
9196
3958
8789
4366
7137
3373
2107
5100
2720
8572
8215
2255
7398
4034
8090
2768
8834
7764
3715
437
9181
3601
7399
4201
7175
1943
4999
5293
6107
293
8331
7837
4448
7350
112
1572
4171
5527
2807
611
5289
7490
1492
7270
1937
661
8689
2836
6935
6685
2998
1069
4039
9884
3522
7250
7812
2212
2258
1057
5806
4879
7887
3507
4910
9739
8246
5350
2577
9015
8211
5825
340
6416
7469
8101
6904
6272
5497
4363
1947
8810
9011
4609
6382
118
476
391
8796
5993
2247
4411
3726
7585
581
9896
4149
562
3164
1758
8715
7351
2181
5388
2786
1644
8074
2666
2901
5342
5287
6962
1555
462
2493
7426
6460
2839
281
4840
4122
3746
3889
9437
6977
9515
9822
8709
3148
2611
3948
3389
6802
6816
1369
3988
3055
6337
4065
8056
8701
9959
2309
480
1503
8815
8169
4077
9978
2666
9379
8418
8391
1296
647
6243
3214
8051
5238
6473
1949
8956
7843
2660
2380
3970
6856
3688
1744
2134
74
8866
7117
5802
4363
8988
5136
3795
1585
2510
9754
9235
9926
7017
4551
5447
8255
3451
862
1219
5754
5257
4645
561
6561
3525
6513
8321
5060
4947
3884
3174
9171
2159
2639
8015
377
5337
5944
1250
2722
5353
6776
8580
230
1430
5062
5837
8986
9509
4775
815
6328
5009
6125
6194
9438
216
913
450
6140
1657
4810
4095
8954
4355
4725
4193
8008
1101
8628
1069
4697
1147
4382
2636
7041
2172
6086
2204
8334
519
6693
5608
85
1620
5863
4339
9127
5423
2268
1190
1654
2870
9656
3583
7646
9589
9690
6695
532
322
6579
1409
8614
6104
7798
218
5164
5535
4610
266
3728
3248
9842
501
9406
819
6342
5443
5361
4752
3154
2478
5391
8994
4395
9513
5336
3372
7632
8383
7892
577
9572
684
6375
6395
3965
5001
16
1507
6080
2509
7690
646
2856
5211
2225
4077
5321
2608
5862
4339
6196
5160
7444
4158
1400
5234
7457
5251
7012
5671
5057
70
2500
2085
2796
2363
8184
4007
1703
580
9820
3567
217
2740
9263
7342
7143
3547
5626
9724
6544
3093
3635
8386
4121
9740
9347
981
4137
9307
6731
9867
7116
995
2940
2218
2992
3801
5182
2312
4152
9452
7770
8579
9883
6648
4389
6251
3563
8939
3934
6392
8035
5342
4422
8506
932
5009
2110
6362
5637
1390
1850
9080
9095
4159
9743
9524
4907
8804
4459
495
6889
232
6296
7141
307
5808
896
8407
7372
2374
3696
3208
5479
4489
209
3077
6447
9178
4879
3716
635
3017
4571
3696
526
8473
2715
8777
7684
1537
3816
4833
4652
1358
602
7208
9077
7744
2080
5508
964
646
8996
7417
1288
7324
5151
712
5370
959
1230
1666
2131
234
9976
4529
5706
7866
2157
5953
136
4590
7658
5747
2663
2460
3807
5851
2507
1241
7685
2641
5182
2789
8368
3431
4139
842
5366
6836
8428
7744
8073
7536
4965
9840
7174
3738
4199
4839
4757
9507
3063
2938
8099
1900
2652
4331
9285
892
5171
2359
7619
9120
9403
3573
5821
9740
3357
196
6403
3886
6839
4903
3581
5217
3810
3325
5326
4500
7484
3992
6384
496
4517
8273
8988
4271
145
4415
4102
2486
1786
3639
1478
1585
9173
2894
9545
7721
1994
7139
3896
9659
8966
5129
1294
9204
2185
2556
3414
9755
3674
6092
2971
8078
6938
6692
3157
7422
6892
3344
4379
2656
6173
3015
6651
3286
1498
2024
200
1628
2600
4456
9747
4570
2227
1749
2581
641
9610
6496
8379
1955
105
475
6008
9611
8226
7303
8971
7486
5108
8190
9572
7856
2132
6832
6549
3755
9486
5136
2766
9934
8179
3719
1964
7361
6100
8911
2822
1210
7910
1521
1423
6800
5944
268
3205
2813
2393
9283
9870
5498
6423
5773
9580
5900
1193
5912
7307
1990
3630
1313
9922
1742
8826
8801
4202
3821
1890
7254
9192
115
1102
7980
2524
2100
60
9869
4611
9710
524
5649
8639
3208
7612
1279
5841
7009
9330
4244
5996
49
7839
6108
984
4488
4090
2803
5160
4899
1385
3170
4057
1402
3755
4690
1635
1743
576
69
9811
6779
6253
5437
5149
2203
3388
4400
9723
2260
429
3762
4733
8599
6889
3877
6812
4807
4652
8392
7014
1993
8041
1911
9107
3430
1581
7701
8984
6603
712
3063
2511
3168
9287
4146
5150
500
5720
6160
8210
437
2771
9740
3533
8419
2249
3900
2593
7024
344
5425
2356
3894
9382
8294
4979
799
8868
7485
3549
4205
6962
4073
3468
2516
9600
8908
4776
7691
6486
7055
113
4227
8322
1857
9838
8139
4007
9522
2782
544
4219
5103
803
4854
8774
374
4753
4367
7746
8317
1854
447
7190
510
3864
5606
1589
1788
7337
5566
4868
7696
6835
9996
4383
780
5118
7375
7865
2704
404
1988
6864
653
1862
4879
8447
2160
3841
2168
9604
6082
322
7234
1903
1632
3765
749
6960
771
3502
730
1607
9603
7431
8805
3628
4491
8852
810
3884
1398
4017
9790
4085
6857
7358
1605
5922
3325
8568
501
7282
4519
3428
240
3745
4132
5900
9444
8277
1458
2695
2330
2749
9579
4054
7080
6073
3613
6038
2535
5727
1380
2070
4828
135
9544
8031
483
976
1480
2397
1465
2926
6517
9744
2857
6227
3156
4471
7119
271
8783
1847
7275
1385
828
2820
9455
3784
250
6195
7429
420
2006
5030
477
9640
4239
3406
40
387
2858
7709
8901
8122
5756
4273
6042
9421
3459
9670
5248
6268
3025
6278
8057
4846
5778
6256
2965
3076
6061
3941
3842
3010
1939
7113
4134
346
4036
8554
3267
9980
9082
85
6437
6028
2509
6784
2878
2060
5375
3358
9902
5082
646
3357
6954
1272
4352
6738
6258
5383
7476
1299
753
7525
5594
6098
9992
302
1426
2833
5693
7841
4435
2037
7489
8248
6878
7383
4929
8041
6274
3661
8346
7260
7193
6918
6133
9275
4902
7477
4145
6700
8803
2923
760
6310
4337
3604
6497
4957
7599
5154
1226
5841
1579
3378
7624
1961
4058
9338
9192
4327
7640
5649
8282
1067
1751
6523
8314
1073
255
5017
1346
5531
4343
5930
4253
5640
4020
3802
2283
1229
6883
1160
1833
2686
3197
2841
7577
1846
9330
2949
8648
2627
9791
2438
4103
3881
6082
7213
2113
1780
1326
852
7078
1146
5464
2743
4307
3390
3004
1810
8055
2573
1484
1663
7952
4979
9021
4033
2019
7956
4044
8613
8014
3059
2237
2690
2027
2544
2785
3072
2450
6737
7614
196
2887
463
8152
2543
4059
794
2768
7612
9207
8297
2564
1102
5543
5083
5786
9818
4478
9106
5504
4121
3414
7783
5366
3830
2037
79
9937
4183
6575
2244
7590
4456
6770
6277
7991
859
3353
2530
6765
5391
2697
7700
5383
8280
8803
7042
7628
3758
8731
4855
1834
8342
1295
8594
1695
3318
3661
3777
4128
5209
9840
3085
473
1262
8400
7539
424
3737
8154
2862
8472
467
3230
201
4965
1973
2523
3804
9556
3202
7799
8566
7981
5809
7468
1756
1518
943
9922
7336
7466
9335
6296
3783
2557
2049
1699
4456
3359
908
8627
5708
8233
7165
1023
5978
2125
5334
6970
364
1739
7734
32
588
722
1969
2602
2546
9096
4019
4190
6401
9637
4732
1711
7073
2883
3607
3986
785
4663
2135
4699
2903
6322
4530
439
1702
6091
5220
715
253
6706
8488
9576
3707
5404
8628
4351
9835
6573
9521
4568
4835
7318
208
1598
9387
5791
7022
8249
6398
1667
650
9331
5722
9360
6597
1064
9228
7398
2282
5608
4995
6947
972
6817
9846
2993
5175
6310
7141
5008
3429
6170
1174
8234
2373
4148
7634
9103
9425
3079
7507
5688
7893
4284
519
4328
8774
5840
9308
8468
3048
4084
6312
5840
5706
894
4359
8052
2246
2467
3504
9944
5888
6145
3709
8846
3076
7802
6364
5974
1333
3738
8499
6640
8012
6648
5633
7150
7060
1666
6
7252
6701
3647
6520
3188
9395
7413
9874
2283
6920
2295
2400
8462
5632
5284
970
6460
2096
8408
5052
4256
631
8151
6708
9782
4549
5818
2838
4488
8684
2225
7990
225
939
9044
3868
4605
6934
1647
6634
505
9098
823
7669
9797
7816
8770
1367
1582
7767
1481
48
7090
3808
4249
2162
5686
7802
6787
9723
205
9968
6578
9954
896
5078
6441
1885
8073
1663
877
536
9494
5431
61
8430
455
8946
3473
4664
5328
1197
8821
8186
5710
2473
3001
9905
3181
4859
8173
6407
8181
9084
5255
6408
4682
9402
5249
1280
3758
417
1265
6306
8623
2108
3601
7107
7962
3589
3491
4915
9629
9234
6672
4693
1383
1603
8683
2871
5676
9522
833
7101
9474
9521
2842
6043
9944
3389
2316
699
4969
4907
5977
7180
7758
4532
5404
7130
7878
9156
1498
1892
9017
4432
344
4666
5061
8203
6063
9214
6982
8901
9191
3999
4778
4266
5120
6400
9751
6499
1810
6860
3491
7231
7470
7463
6114
4153
8467
617
6069
1479
8354
1374
7568
2823
4975
2743
4351
2903
3942
1178
5721
8431
8493
7829
1365
2843
3364
6446
9585
3466
2775
906
1407
2539
5930
3848
6175
4282
9422
951
5995
4197
7608
92
4056
109
9065
9533
565
6359
6196
8542
9603
428
434
3755
4457
1653
8598
8947
3439
3279
2512
559
7615
9379
8386
7295
2033
3341
3583
6194
3177
9995
339
3921
8532
6078
8123
6395
152
433
6352
8184
3916
1651
2190
7127
8453
4364
3359
9750
5528
9992
789
7242
6138
2236
684
7417
671
1244
1776
4261
8770
159
2790
5594
3092
2150
1830
7317
5044
9445
7599
8578
3773
1873
9920
6782
8410
4371
2403
3694
1661
6295
8326
1893
8319
3144
4861
4600
8412
4905
8140
7670
1016
6923
3872
8275
2752
3635
7911
9059
697
4961
5063
5885
1678
8949
4140
7939
1374
9151
9615
5048
4660
9776
348
5243
6529
761
5902
7121
249
4181
7756
8694
1664
3051
9738
5708
6088
2452
567
3659
4247
3195
156
2295
8948
4996
2930
4781
3918
8824
9088
4408
9808
4048
8911
3430
9199
2642
313
8399
6407
9411
6596
9687
4031
7712
761
3491
6170
227
881
1378
8422
1775
2628
1563
1011
8065
3892
5361
6170
7210
3928
4962
8359
514
4632
6028
9552
9655
3781
4898
3922
1193
4386
6720
8133
9742
7904
1584
1090
2104
2862
1206
7721
5681
4465
7902
6550
1437
9565
5485
2313
9920
2777
7601
2181
2304
4149
3411
7873
9898
5835
5485
6441
3161
875
5431
7213
9402
7822
3899
949
2057
229
3501
5403
2712
7394
6412
5454
2808
4433
186
2091
531
1529
1332
9933
6318
8396
1402
3692
974
5627
5954
2353
2256
9532
9530
527
8079
1119
3953
8066
6261
857
2338
2456
7179
4922
3203
2287
5192
8693
8380
3503
2459
5772
3815
1844
2813
741
6942
5735
3445
3015
6132
3714
1413
9389
4795
9333
5480
5655
3960
1877
9775
5153
5604
3465
6983
4598
3941
3072
8825
9212
928
2591
1292
9126
6103
1318
1635
2742
1974
977
4288
1986
6620
6172
5879
6857
4130
1740
5642
5277
6495
3397
4262
6857
8709
8009
6831
3841
6769
4141
9842
510
6454
5687
1638
3229
7613
5808
7550
9694
729
7345
1465
42
8313
812
1979
7492
8345
7907
659
8432
1002
863
3061
7983
5680
128
167
4493
6739
3581
7890
1246
3295
9658
1875
9937
2957
6293
8835
7002
5485
8778
8934
301
178
9625
7687
2550
2264
4940
3648
3893
8342
7664
5463
5915
90
7374
1953
3450
7327
7719
8255
575
5934
2218
9458
2422
5528
7781
5112
6673
8296
5784
1153
4143
8570
9266
281
9535
5318
679
3336
8531
8276
210
4817
1691
7081
8206
2286
7808
369
1166
2435
665
643
9103
1588
5734
4885
2252
9910
8548
4157
1952
7748
5184
7366
2626
4533
2046
1389
847
7147
3581
2134
9394
5906
9109
4166
7567
6185
349
9927
8307
4255
9401
1052
6575
3999
14
2008
5574
7757
2553
2191
3016
7212
7391
917
3707
2047
9897
9147
5723
3320
6387
7460
318
5086
2621
1493
5065
6466
4431
2200
4410
7718
4708
6293
265
7432
4878
4974
1148
1288
6829
2524
4058
4065
133
248
5339
8287
5992
7777
1936
7136
3801
7022
9173
6378
3691
6453
1778
4816
6079
1539
7590
8175
174
8340
7598
299
4721
8612
5913
5889
8615
5055
2027
7649
59
2903
9343
6079
1991
3287
9877
8611
5091
7703
9822
7679
7441
6110
7742
3008
3345
9175
6198
6466
9867
606
5110
2926
6895
4556
9914
4664
2254
8080
9424
312
9925
4103
8810
4612
3268
1754
2360
592
8410
5552
1286
3635
7291
2433
5660
6547
986
7514
6230
14
9448
2802
5906
1251
7502
3637
7005
6913
9287
494
6616
7187
4294
3690
7422
8306
6343
714
1645
9472
179
3109
1960
4352
3926
8895
209
558
3571
5060
2064
2148
6904
761
4233
2792
5325
7164
8342
2312
4918
6408
933
800
4758
7324
5777
2246
3988
8354
682
2804
3269
2301
5478
1912
8998
2350
2831
489
2789
7331
180
2380
5844
2847
8647
678
3305
1776
715
9924
2616
7503
8703
2521
5663
8303
5920
3053
8703
6608
6171
8710
2411
8671
6426
9114
9247
7551
8982
2653
662
4083
2948
589
9571
9729
2093
6685
9459
9825
1665
1901
9405
7134
7601
6195
3139
5112
780
5084
5249
582
2667
8388
1221
9354
6076
2578
9773
8573
1229
1913
6219
4977
2282
5215
352
5747
1477
2423
5306
1139
5957
1762
5486
3227
122
4991
5991
466
1115
7307
811
8164
3108
4361
9044
9122
1558
4556
1954
5834
6078
3017
647
4351
1793
486
7238
6279
1530
2693
4218
4861
6936
1930
6645
2505
1089
8530
1742
9403
4935
3513
2565
9006
850
6427
8584
7025
9542
6655
8373
4739
6602
8113
6797
3475
5112
3864
7021
8508
2500
5398
9292
6176
3943
8124
238
7657
5247
4420
1952
4646
4383
7118
2261
9545
1401
9815
7301
3981
9619
3983
5978
1135
6607
556
3873
610
5665
8977
7676
9603
2267
754
5903
7724
1282
92
9687
6099
18
9636
3001
7929
363
2205
3064
4886
9425
3284
1913
5875
6924
1994
2791
3129
7439
1215
3971
9873
5307
4471
6828
5091
9688
9668
6260
9360
7667
5364
4077
8832
7914
5720
4667
1197
4264
93
8063
4663
1175
4177
3688
1652
4757
9975
5552
8886
1156
4178
6817
6324
2894
6005
500
8677
4498
5048
3572
2032
2050
7862
2557
626
6147
6337
3597
7833
5775
6426
5992
1969
9827
3998
6785
659
6955
8236
880
7163
6035
5667
8255
5688
733
1089
9000
4808
3625
9505
7787
9292
788
4541
2876
4990
8482
1152
8175
3427
7341
1249
5662
6619
6347
9497
1688
9144
8436
6747
1845
2910
5770
8495
8545
6754
9620
5671
4812
9819
8900
5051
903
3291
2980
2251
2501
6014
1800
9152
5386
1463
7464
7476
9340
4233
9930
2215
4865
2925
4102
4888
1358
4356
7529
2724
6625
400
3899
1993
1383
8126
5784
4498
7052
7981
6454
3739
6231
8328
9910
2293
5950
3277
1234
7725
4996
4242
8640
7434
1073
8368
8750
5275
7717
7331
906
5903
6736
243
5551
5638
6136
6477
9860
1502
5774
88
2142
1972
5790
4236
5390
1431
4446
6260
1685
572
4641
3242
4783
2335
4132
5892
9876
350
8440
418
2639
4391
6704
4122
4729
9735
7071
3888
2339
7442
1260
9180
1667
9206
7216
4635
8588
9233
8537
5516
9517
7896
5803
1296
557
8488
6440
1200
5497
1240
4534
2024
2906
9543
1826
5290
4313
8542
9174
6793
2151
7864
1447
9519
316
9495
3931
6645
762
3507
5945
4111
9913
3876
1629
3290
2271
9248
5011
9987
4462
737
709
1852
7797
2355
6498
6104
2969
1847
1341
6932
5181
5720
991
8155
3909
978
7318
8167
6906
7322
5577
2645
156
4395
4642
1133
1380
4772
9709
8930
8973
1067
182
1109
2471
4868
7347
3689
6734
3803
6586
2386
3578
2973
4181
4133
723
4813
6344
4007
9004
525
2497
9197
4039
2244
8985
4894
6130
2621
4886
1107
7568
3555
4133
5044
5723
8683
6301
2650
9547
6064
6145
7576
6718
5365
7748
8603
7025
3045
3486
891
2552
2616
5989
6938
2613
812
4560
1456
1302
5636
9483
2882
5884
7405
6656
2627
7084
6353
7794
2255
2063
5387
9194
8035
4351
262
9085
6031
6443
7983
6558
9106
7423
4954
9223
5939
2838
4051
6799
8190
2238
7040
308
4774
1202
9216
2457
2287
6742
8721
5647
5476
5636
8667
1668
1895
8244
8851
8785
5177
8799
8385
8573
17
337
2743
1331
3719
2191
9108
7865
1455
8579
4783
8021
5643
2500
6912
6209
8998
6552
862
561
3885
7239
2182
1106
9065
2187
662
6583
441
5967
784
413
8120
8250
1580
122
911
5299
6431
3352
2867
446
1750
4209
7126
7079
8525
4337
3173
1846
3621
6388
1657
4305
5629
7242
2696
7578
7419
3517
193
7725
2153
1509
4950
5283
4726
9411
1964
186
7900
4547
337
5598
9503
9052
1504
2590
4298
4780
2671
8397
6016
4016
8991
3344
8652
7413
2582
243
781
6698
5351
6509
7146
8534
1526
7276
195
5399
483
7663
5822
5593
9348
3526
1535
8474
1087
9904
2013
1929
9754
8487
4406
4762
2064
7766
4501
1683
4568
4158
1498
7300
1831
2037
7513
4756
877
569
6109
6523
8939
7245
1739
5644
1370
2772
3551
9238
8460
7942
8539
5591
423
8490
7809
1565
2080
7069
8235
3630
328
3793
1231
5389
8776
5577
9911
7736
9843
5110
8289
1825
7511
2119
3371
6297
5177
297
5313
8618
5967
2352
8848
5219
6086
8640
1913
6298
1522
7693
239
7414
3652
1257
73
1003
2610
3447
4751
9226
3464
6758
388
3055
9860
8594
3643
3588
3156
7120
8993
6018
6782
4753
4270
5490
8061
5505
1633
9138
8118
2904
5336
5945
3904
5674
7370
2709
3242
5199
1653
5195
739
707
991
3378
1963
5205
1518
2665
8524
9329
9700
7923
8856
1516
3699
3175
5100
1472
7565
6646
820
2835
3953
183
7059
7200
3843
7848
822
5039
9770
9194
2430
3830
4129
608
3981
8835
4935
1763
7305
5195
7623
3547
7914
1916
8416
9389
1867
6719
614
4256
8529
4754
8521
892
9341
5990
5793
9705
8895
6731
1120
9848
8199
8299
8764
145
8299
9831
9194
5700
1939
5583
5883
3874
4507
8077
5339
1050
5101
6531
9294
6087
7735
566
1938
1999
2966
1339
6149
6944
3442
1269
1604
7964
6277
5332
1857
1039
3367
235
4636
9693
4104
6174
3709
5196
9063
9459
1840
280
1438
8974
8108
4842
2201
4880
244
7909
1317
1738
6998
6730
1480
2685
6838
1134
1726
249
2323
5335
3557
1676
6149
2743
4338
1834
6367
7510
3960
5455
1179
8942
3269
8580
8939
9588
9255
4490
3394
4004
8999
3371
6310
9750
8260
4589
8583
3874
8062
788
640
6159
8295
462
2730
6549
6261
4882
9165
4431
823
6847
5764
7942
6374
6618
3974
1096
1677
6017
1343
1749
7492
1663
9347
8852
1675
1663
8356
9466
5976
2094
2182
9846
1232
342
8055
7383
9787
6483
3614
7873
7977
2448
8777
7243
6534
7711
2124
3123
8468
5890
1580
3347
8409
9635
4582
85
1279
4134
695
7585
6339
4005
1391
1243
9678
9650
2844
4323
9284
3230
7854
6291
7760
8493
9814
8142
749
988
2080
8514
9163
9716
9815
6915
2549
4215
3369
286
1054
880
7179
6781
6014
7318
2345
1376
411
1682
7062
3571
1061
1753
9402
189
9875
6758
7935
1253
2598
3746
8626
9545
7156
576
5118
7066
8507
9078
1277
2608
3625
6828
5155
8371
9004
8218
9834
9974
7633
8760
2046
1395
7002
1283
9413
1308
3993
1886
1310
8684
5550
2448
7551
9610
8774
8353
5581
7168
9911
5201
625
6158
8962
5510
1183
1864
280
6709
3990
6041
2016
7113
8662
6747
8760
5817
8861
2788
5859
3498
9888
3593
1616
4971
4000
1947
1032
4368
7473
3508
1989
2660
5584
6881
9296
968
4684
1572
3352
3324
4267
943
840
7556
8064
5937
3282
6637
5256
3144
6755
7191
404
2385
8275
2825
4317
4018
9013
5171
7890
5495
9662
7724
8574
6494
9851
1428
5754
4597
2587
1751
3047
2650
3787
7883
6682
825
8166
5024
1062
1321
157
3032
2642
2090
5196
954
8016
2949
8066
5720
9766
3210
8217
681
2555
3071
511
9052
3915
8397
4565
8370
6080
7174
3556
6524
1562
5794
3767
4195
4824
5748
6057
8922
1223
6177
6535
7458
2007
9624
2627
3734
5573
8282
797
2298
2568
2129
3704
442
969
7310
4090
9395
2618
8021
2509
1439
5451
550
1356
1876
6767
3756
1152
530
9319
3939
3414
8317
1496
8391
7075
3021
9500
725
4679
2705
9829
6423
3309
3508
1724
7345
1897
2521
2505
9250
8207
1898
822
5124
6094
9138
3358
7399
4963
1113
7616
728
9972
7938
2926
3862
3465
6206
3865
8663
8247
2823
8265
2380
6192
9333
2615
3494
2577
538
1781
9044
7543
1080
975
2437
5832
4057
4192
599
5039
5582
4794
8152
7749
7273
609
6956
1942
5908
9551
8126
6641
1036
8991
228
8455
5760
977
6115
129
2210
8045
5024
2058
127
4018
9541
9647
4060
5135
9271
6005
5098
2280
1712
3731
8555
9750
1132
4331
2287
6844
3013
6147
6951
3380
6870
2366
9601
9436
8920
1992
256
4329
6672
7503
271
3029
6009
8211
5965
4392
6154
7555
7340
220
7461
7927
8907
3805
7278
5390
5579
3259
1359
9697
6447
2778
9597
5556
8136
4962
661
2551
4143
7268
5088
6949
9416
9396
5521
7247
8978
9456
5711
3978
2722
2107
9863
3735
9812
6459
9848
665
6817
3564
7831
2344
9924
6038
7282
8299
6805
4251
4055
9135
212
7179
2116
9885
137
4476
2648
3271
1922
3189
6871
9597
273
2135
1387
7792
9244
9953
7692
5307
9060
8919
360
2771
6134
6220
8212
6041
7360
487
9964
3606
8997
9133
333
6525
1576
6325
2750
8295
322
7409
9166
7680
4969
8412
2569
3861
2148
5463
5417
9054
1075
4441
9392
5380
9310
2568
6504
9724
5807
7997
767
4731
7992
3716
7411
246
731
2561
2924
4626
3433
1318
7222
5284
3375
7505
1732
4901
4763
2499
6435
823
1240
493
1761
3668
3593
7448
2795
3384
7191
485
7361
2916
7534
3196
7608
9129
1955
1536
8522
3711
1861
8021
454
3243
8493
6540
6747
8355
121
5816
3013
4308
1460
1634
860
4990
8226
2542
6189
3113
7031
8102
9270
2542
3333
9605
221
5980
6766
9930
368
7924
2209
6218
8881
4556
9434
4247
9259
6910
8051
8991
5992
9389
9642
3739
3698
9683
816
5717
7081
1382
2777
4601
5117
1714
3595
9957
2575
5568
9376
8078
6443
7221
2258
6506
3602
8974
4879
3520
6879
2386
1338
7050
1550
3914
4572
3186
5691
3035
3856
5099
8151
721
5793
1833
8347
3147
9810
5431
1574
7024
7443
192
5414
4334
8704
5734
9692
9972
353
981
6110
2740
9633
6822
1400
4845
3842
3829
649
7408
5588
4422
2919
7617
5973
9001
3632
4939
6040
4150
3058
4320
1139
5008
2200
8188
1184
2909
1748
7685
5738
731
5138
5005
8677
8511
2043
8422
4705
2302
1647
7883
9722
5375
3572
310
4892
6733
9084
6180
4388
1017
955
2049
865
4847
3234
3472
6569
7576
9408
2409
4577
3261
9748
6114
3910
3032
2889
5822
534
750
8235
5086
8661
423
4511
6303
9153
1607
8400
6060
6904
4212
5849
4087
25
9341
5343
6210
3365
8310
4697
41
6912
6058
7964
8507
8522
9263
9349
7057
3642
5965
8623
654
9227
6707
456
3340
1268
150
3934
976
4422
5858
1735
7826
7686
9163
130
6776
6673
2431
8441
3618
8771
1560
6770
1220
1665
6389
9476
476
585
4029
6502
9980
6191
3308
4131
1638
7538
8871
9954
6741
2522
9589
3775
1118
7008
6194
9084
9486
4943
1777
6197
3293
1921
825
7643
2964
450
444
4415
3021
6864
1408
3215
3027
3795
8620
5140
9188
5476
150
491
3702
1503
7244
1691
2044
2726
4639
1175
1282
2584
7369
118
5752
7439
3992
8566
5275
8904
7315
244
2884
7356
3968
8583
5317
7182
3573
46
3005
150
6534
8490
8257
5141
9663
5910
9274
122
5891
1069
1964
2153
8194
7629
9262
9493
9826
9152
4417
3961
1633
8398
9874
3365
6662
5912
2411
2530
8443
8664
3778
6060
7460
4282
6464
5755
7897
8012
3843
1067
7902
4646
6000
6247
1817
2450
6459
4675
9684
9641
5807
2891
7028
2977
289
2511
8445
9791
5787
4254
6047
7533
8067
6903
7012
7561
6883
7282
2616
8819
4065
2431
828
1324
9295
8531
1126
8318
9072
373
3239
9322
2277
4887
3956
6189
2718
9152
4348
3770
1536
2091
3817
9082
7547
7375
5881
7621
1270
9129
2407
5103
68
8589
8625
2979
5027
7041
5049
5492
7853
4790
147
1264
2126
6522
8543
5019
533
2581
6772
6982
9543
7105
279
1935
791
9421
1316
6539
5481
549
6749
446
7685
6284
4822
891
5218
4288
5899
3954
1059
4061
8730
9824
7809
1456
7798
8688
5989
5335
3166
5847
1542
8188
8924
8484
8248
384
9690
1684
219
8812
2411
1525
8583
914
9676
2804
7309
5526
9832
1297
5302
8728
8307
6354
9895
62
6121
6751
6145
5541
7849
255
3211
4402
6661
7573
4530
7823
7213
8679
9579
9407
3323
1918
6157
5059
5507
9629
4251
3903
4672
4204
3758
8621
2504
5038
3375
7473
2918
8332
1022
5710
9217
9311
7367
7348
7318
5134
855
9314
945
7800
8766
1931
6760
2933
316
8230
602
9219
6274
8573
8548
4923
5005
5858
4964
3393
6513
932
5792
1080
5305
9136
979
7155
3730
8323
1827
6697
7636
7753
2433
1233
5960
695
4990
366
7154
9805
328
4460
3502
3972
9121
4134
3313
6974
4437
6248
885
3584
2494
8333
4803
9550
819
3329
484
5112
9242
9227
536
2345
7795
3690
793
1846
6707
9978
2058
1184
4614
208
3846
4205
945
9804
7295
4158
3229
2105
4788
8726
4186
1115
7108
9536
8384
7918
1756
4561
949
8702
1047
5789
1930
5697
1004
7287
6081
6904
3042
1053
6074
8155
2862
6936
4960
1595
3254
929
6330
2740
530
3305
5579
5135
5715
3120
8671
5288
4761
4398
3155
9357
7620
7990
8599
1454
1360
1720
7983
2667
8762
4097
2909
703
1411
7445
4623
9690
6960
1824
5327
882
951
9931
1362
2683
6688
5108
857
1553
5767
2027
3865
2795
1765
7113
636
9696
6256
3958
5261
1887
1120
9612
9812
3039
5837
5702
1281
521
3638
5876
1247
9142
9671
5649
2314
8503
9752
6170
7949
6648
7813
2406
382
1387
525
7179
2783
3260
4114
1316
6269
7564
2492
8440
6455
5426
5269
739
3655
8329
9326
7411
7159
7170
423
3452
8591
7237
7272
2273
411
5930
896
60
6741
4505
679
3131
9835
2129
2256
1146
7913
6391
3497
6669
5249
9989
9306
9562
8943
7991
2649
1536
78
1964
4772
3563
2194
9262
7174
1628
9841
1553
6446
9989
744
6709
3677
1965
7208
4341
2605
1928
9840
8004
8161
2492
2849
7471
3587
781
2523
3773
7712
2230
2202
5797
5855
7940
2892
6689
8984
3776
2461
6300
3700
1410
1030
6486
5149
3298
4376
7484
3737
447
6770
5381
1617
1957
9345
4738
8583
8571
6326
3252
7123
2099
9353
8086
3859
1647
8724
1032
1740
5923
2953
6429
5289
3165
6638
7794
5076
9226
7993
6121
6044
7312
6458
8425
7466
1815
7025
5314
5163
6995
5125
7605
9351
4529
1199
1227
9937
9863
8657
5940
6788
6538
9940
20
6462
138
9668
2724
4276
8466
8272
18
5040
4174
4510
1338
6571
3433
5224
6546
2188
8940
3589
9735
4274
3146
6134
6393
9410
2599
4081
7833
6345
6329
6817
1349
6786
2662
8478
718
5887
5241
7309
5434
2666
7895
4585
3747
4084
3338
1128
6579
4574
688
6149
558
7885
6014
8336
2710
3480
7746
4425
9842
2510
1518
3880
8205
2385
854
484
8140
7167
1202
7063
8237
6187
5700
4945
9822
8083
14
3788
9770
6892
9832
628
3827
4504
8520
6865
8489
2246
3898
3256
4135
8940
5843
1973
2853
5228
8082
5637
8084
5674
647
7888
7725
899
1678
7007
7800
5881
3526
8616
3766
2957
9125
406
3369
8113
7741
9250
4045
8294
5672
4249
4815
4839
143
8873
1099
3268
7874
8907
7950
4981
1636
4496
4477
4795
473
2577
7179
3220
4656
209
3134
8835
563
9498
673
6979
9435
2324
3990
9872
6858
4806
3165
6752
7952
6738
2832
5508
5991
9406
8952
6368
4428
3720
9854
7929
3296
7281
7728
8064
8451
8495
9481
6876
5357
9703
7002
8906
3579
2032
4423
4825
9723
1979
6222
4867
4177
8049
3016
9010
2691
8254
7388
2439
6274
8193
383
5602
1130
7545
5129
3046
8327
6088
6388
787
5473
5191
7284
1609
2967
5950
8455
505
5107
3929
5554
652
7378
7933
5910
3383
8228
8797
6807
330
7880
77
293
7017
8239
6306
2901
1188
3908
1943
9838
5010
6619
7783
6985
9319
2491
8093
526
5264
1403
3846
3927
1340
6959
6334
8548
57
8626
8590
1159
2506
2540
6557
5818
9626
1330
9758
360
464
6818
9363
438
2531
2138
5423
3884
3374
5025
6096
4042
8047
9345
1297
8934
532
9428
191
1160
5027
7233
7135
4766
9723
4057
4276
2454
6906
8307
7671
8673
5496
3722
8648
1974
9080
1395
2609
9086
9186
6019
2958
1450
5762
6974
2678
782
765
6369
4533
9285
5170
7441
7741
4561
6649
5425
5399
8330
3591
5268
5491
2738
7426
5847
4864
5858
3159
6086
7087
2517
5517
9271
6341
5627
7418
7295
3799
3200
3902
8564
488
3720
8221
2666
2055
9395
1390
7347
930
3485
8095
94
198
3007
1180
4801
3448
7665
6315
2242
1761
117
1134
1520
8579
5438
6113
9760
2321
3246
9411
1541
4078
9979
5273
7160
4732
9581
2986
6315
5801
276
18
1241
3305
5209
4137
7273
2814
1984
10
654
5109
2220
427
3968
4885
3199
9639
6800
9536
7604
5429
992
569
4264
4298
805
2193
5936
7323
5366
3425
1700
7678
6087
5802
5886
9565
9462
6489
5521
6564
8324
4821
3754
8540
3493
9866
6868
7959
9989
7410
545
7662
1026
2558
4641
6062
606
8281
6573
5248
8830
9654
8654
1225
9858
267
9407
3182
2435
2863
7350
4525
6286
5891
8800
5903
3334
6847
168
2699
1954
1023
1345
5505
8041
6698
4052
287
5595
912
3472
4714
3351
943
1086
4426
5644
1507
524
38
6437
1879
8730
9744
5375
2145
8149
9985
5585
8015
3410
9955
3139
7790
2631
5664
5386
5016
442
5641
1851
6224
8768
5850
6106
1024
2964
2730
3597
1533
992
7510
5727
7300
5657
2596
3210
6833
864
580
1563
8571
6899
344
1818
236
974
9265
9735
7476
7675
2205
4661
3949
9717
1106
4626
4762
4342
6530
4031
7567
6383
6089
1672
6848
9485
3236
4311
1762
4179
6352
3106
691
9456
9571
6346
5763
1514
3752
4282
9141
5559
7886
4124
4930
1474
6754
4236
4533
2811
2012
4333
9239
2472
9205
320
3429
9246
4257
3076
6133
9497
7589
7976
1892
4082
3194
933
2144
331
7492
3197
9319
794
2047
9316
4621
6171
9665
4092
507
5764
5706
352
317
9028
5994
3266
687
3736
3104
7606
7039
1400
7348
4848
3177
4127
1620
4401
3230
2833
2210
1712
4626
3829
6877
4912
3246
211
372
9738
8984
5906
9310
8402
5989
3097
6712
38
3823
7543
5547
9861
8333
6710
3155
5226
5671
8091
4725
9826
736
6794
8409
6417
1655
9564
7837
7
9489
532
1006
8005
8675
2000
4585
2125
8353
444
3371
4846
649
5881
688
6467
8901
2575
2942
1429
1500
3243
2249
7417
1925
5961
5028
3699
6549
99
7190
2511
6158
4370
3938
5722
1868
3494
3425
399
2865
7786
6290
8666
2399
333
8507
6103
4279
1891
7580
3388
8427
9280
6541
6300
6963
6340
6985
7644
9259
2637
2918
7383
3499
3730
7716
9979
6001
7243
1206
8864
3218
6979
4141
5158
4040
7195
4632
7994
3478
2768
86
342
8527
8120
9453
3523
5151
5491
9032
5320
2092
6432
1191
9099
2788
538
5099
3742
9487
4032
5787
7795
5499
1433
8348
7516
7586
5856
2901
4367
3462
4539
196
7293
718
6834
266
7987
5889
7303
4454
1777
7404
941
3511
5516
563
7666
142
5964
3463
6417
8773
5693
2118
4227
5627
3891
3652
9572
937
8872
9950
6789
3200
2571
4970
7182
2145
4205
2931
2142
4588
4296
4170
1787
5602
7733
3489
5089
2342
1991
7610
1252
699
3602
8455
514
2246
7993
4117
7975
948
4719
5388
229
3298
102
6632
9520
4320
6221
6979
6687
5176
1070
1973
1951
8928
9741
8979
714
7850
4999
3701
5739
9000
253
994
3349
4575
6533
4889
6920
5006
391
4302
669
7335
8425
9591
2697
5274
4188
8969
1632
1180
6601
8970
8926
7601
4479
637
6401
1240
1917
5811
278
8545
1460
1715
6309
1318
5779
8211
5577
7281
6282
126
6419
2993
3234
2865
4919
8628
633
2540
1844
3112
2677
1095
5325
3452
1844
6579
4041
313
4253
9415
9997
1802
8760
708
1093
8484
8528
1482
1261
1966
7907
608
8982
2506
5701
7439
9565
4569
8668
4177
3719
5935
8256
5485
5011
4955
6049
7560
1015
6856
516
3833
3580
1812
3582
9221
6546
8712
2609
1045
8498
9660
7613
6827
4103
9085
9693
4599
763
1836
6042
665
5153
5941
5944
5531
2172
5724
6860
3468
9280
101
9348
255
9614
1697
9003
5014
1488
3944
7117
9094
9653
2446
6961
3821
438
4129
6439
8884
225
7095
730
7218
6874
5313
138
3629
6666
1353
2716
2983
198
7601
9998
5549
378
8935
8826
1009
8276
2148
4129
6235
6990
8249
9523
5644
8994
4504
6909
7281
168
3432
1164
6978
7195
3488
3440
5034
9057
6037
3253
6291
2492
1296
1948
3259
5656
886
2483
3654
5676
8162
4240
5273
9466
3892
6563
5413
1934
6364
8384
8610
9336
4102
7730
6666
3334
4282
6725
1858
2836
7518
56
679
9974
9678
9643
3110
1324
2605
6535
301
1439
3300
2600
1920
4259
6027
1384
4436
7920
9839
3061
1936
3548
9519
8600
9720
6179
6158
8065
8486
4806
2307
4942
4972
6906
7306
5782
6504
590
5343
9511
7436
392
2957
3632
3349
133
2023
8804
3979
5707
3714
514
9078
7812
7790
631
2729
3749
518
5185
7185
4735
7621
8441
8602
5939
9679
4373
2008
1635
4529
1485
8962
2926
7825
1905
5356
6810
1300
8527
4835
6885
6612
2210
3676
2296
8118
4664
419
7712
3862
4829
1140
8319
9190
909
6617
9595
9556
5537
6824
5285
249
6762
5356
8799
2660
3773
8916
754
3659
8924
1840
5642
1952
7528
3174
1033
251
2726
5737
3266
3024
7800
1600
1922
7470
1033
9338
800
7353
3631
7122
5372
2942
3910
1680
5090
5181
7328
9603
395
3228
9647
377
5664
5100
5089
3899
3311
1191
5618
773
3286
3765
2496
9993
9856
4012
659
7853
1907
2199
1872
5653
9686
191
2627
1896
2646
2389
510
6003
2686
4040
6670
6193
174
4254
6863
8148
4525
3120
774
6552
5325
4032
3284
4130
3590
5892
3713
7059
2581
572
2385
1039
6554
6571
5591
1412
7709
8876
7277
1334
909
1108
2275
7808
9831
1057
1124
2159
4516
8526
2637
162
6744
3839
8570
3526
5468
8663
7066
4522
1667
5855
2268
4287
9438
5752
5449
926
9695
1536
9520
9699
16
4798
112
5804
5813
1590
1884
4856
5198
4808
4182
4053
3955
7586
8649
3851
7826
886
8593
7859
5100
1462
5729
3840
8658
8368
4906
3935
255
239
5822
2245
8496
1470
5517
8352
5581
5962
368
9082
3312
6800
2979
8496
285
817
1965
5347
1047
9048
9984
4044
8902
6051
7097
9193
7061
2617
2278
4275
6583
9677
6973
8978
7300
7449
8447
4291
6554
5826
7106
4590
3604
5239
3806
311
2120
7165
4854
4272
6961
4026
429
7525
1587
4787
513
7601
4162
6100
6622
2084
5944
2758
5373
1625
5116
1168
628
4950
5467
1746
4087
5900
2800
7123
6472
9475
4614
4174
3145
7639
226
6779
5096
1466
9709
1154
7860
1954
2038
8582
5616
6140
8094
141
1918
2997
6402
7758
3809
6481
1296
2306
6790
4317
5559
8790
2552
4630
3184
4867
3126
3500
8197
3996
5948
6984
6965
1133
294
2811
7708
4815
6269
7066
7389
9685
838
9231
5611
1384
6206
8527
4605
6967
9119
3135
6708
1789
7649
1266
7778
9775
2028
7640
2565
3154
3297
5182
974
3983
4120
2386
9127
9785
1948
6875
4717
3387
6588
9463
8265
9378
1
769
9834
5750
9746
4106
3381
5086
3778
1395
7245
3344
6218
7691
6921
5220
2631
5109
1754
422
6954
6040
737
5977
2688
7221
8951
2707
8484
4726
330
1389
1421
2937
2311
4364
1451
4590
7472
9565
3954
30
1555
2433
7899
5711
7731
8478
427
7867
6742
9936
6568
3175
6776
8992
8165
3697
1778
8875
3472
6122
16
1784
9180
4657
7369
3921
7181
6872
6201
7403
3944
1201
6859
7872
4872
9974
4897
0
2912
8350
1928
786
4234
2297
243
8423
3001
7926
4695
2601
965
696
8408
7527
8855
9222
406
7410
6261
2088
1784
5751
6580
3992
3981
1451
7810
2688
7975
2011
8890
4031
8196
6392
1780
2578
1191
4081
9684
26
6444
5586
622
3150
6431
1992
8590
5769
4613
4648
842
1583
6585
9262
887
8720
9059
7404
9853
9588
9953
8642
7327
6145
5483
3340
9124
2602
5570
7031
9735
7838
146
4037
596
5488
2987
6053
3774
3838
9241
1455
7351
7525
3998
1371
4968
3459
8191
5161
3568
3364
1562
3078
8164
3782
5883
3642
1850
4880
1054
9432
8671
5585
9046
7109
9636
6686
5153
1267
6665
8341
7279
5382
9259
9061
1482
2320
3729
2289
128
1354
7020
5448
4215
4194
4121
3276
1829
4433
1546
3478
950
8562
6664
9343
2042
2664
1222
3246
8022
6277
5367
9301
7121
1813
1401
9020
9897
9315
8461
3060
4013
1388
7150
7964
8115
1569
8996
1773
4077
3141
9999
6658
5941
7439
2261
5793
7738
7843
8612
8665
6762
4671
6705
3181
7264
7366
3189
3387
1316
5491
456
5746
1890
5639
9041
3244
9767
6731
5351
3673
5850
430
8252
1444
3851
2365
1151
5783
9031
5511
6580
2344
9336
9244
9942
9631
4237
2464
5948
2308
1524
2148
2512
6514
5112
5944
3930
4569
5342
6424
1496
202
342
8404
3941
4695
3628
2405
6544
7669
6347
2766
4951
4044
2108
8722
7343
4494
5570
253
642
8833
9155
8686
2113
6676
451
9191
3045
2549
9440
2097
5758
1672
2875
7050
731
8418
2875
8929
7780
7499
6091
1763
5154
4650
1122
3294
3242
4380
6669
3289
2559
1316
6521
8198
7449
6546
2865
1964
7218
9411
5610
5856
1325
9351
1749
1003
3778
2742
652
6495
328
7030
5057
4383
6867
8638
3973
9638
9107
941
8113
1862
5568
645
6125
6391
6342
4339
1248
5761
9276
8518
5823
9063
6875
6137
4191
9337
2060
4294
142
2154
3670
2776
4434
3831
5133
4503
1050
1589
4935
4639
3457
7170
6971
1985
7781
6468
8444
5690
2271
5756
1984
9101
5577
3845
7171
5849
9563
9792
2619
9191
5699
3624
5095
7399
7854
3224
5107
202
8604
8004
5
1805
7495
7594
1697
1034
6203
7475
6795
682
965
1235
8070
1524
515
4266
4442
3322
6502
1294
2023
5624
3630
7804
206
5521
8475
5135
2927
8997
9317
3062
968
4014
6306
2909
8428
4061
642
2815
448
5651
227
5792
1966
4403
4671
5412
8932
8532
8161
6305
1519
7425
1938
1081
3166
175
3460
1536
7523
7268
222
571
8484
7763
5281
767
3938
2119
1573
8606
9043
496
9164
9459
1737
9976
4605
7807
997
9525
1607
3203
1714
783
2764
4552
9252
4685
8579
6528
8614
3510
4615
5420
7767
3536
5299
5227
8408
9083
7926
7762
7998
2157
1358
5410
5781
7950
276
8098
3733
5446
6348
3022
9596
7503
5104
9683
98
4253
8657
5467
1044
3020
3880
4734
6195
3472
7689
2500
3577
3245
3025
9030
4891
1284
1396
6070
3875
7047
45
8788
1754
159
2711
2475
4084
125
5470
3295
4776
4202
966
1416
2241
292
7254
2285
1520
7031
9766
9492
1985
9796
9876
2172
3733
6230
2337
1873
789
1541
3163
2305
3590
9097
5853
4600
2477
7347
3391
9509
5818
6006
4592
6576
1256
8504
9560
9330
1563
1100
6776
406
2191
3925
9625
3731
961
8013
6560
9773
2540
5425
7045
4901
1046
1355
1742
6906
9481
6212
5480
9222
8606
8417
7745
9345
3011
9319
8389
9479
6799
3759
3482
3627
3574
9058
1301
1215
7188
5786
1791
981
5079
1637
8302
8964
4475
9609
6249
202
4579
1167
3396
5344
2135
1636
4886
8299
2463
1605
3504
1712
1949
6208
4969
3004
8126
3639
5555
6766
8430
6848
986
7433
7246
6208
6522
8907
4963
8082
1205
5985
8568
4491
7763
7039
4226
9638
4382
1457
8209
6583
9895
502
2043
4236
6899
8154
8120
8392
531
1093
925
7828
1715
4765
1428
4289
1081
7540
1244
9566
8984
9502
9765
2513
9474
877
3120
524
3310
4383
338
7018
5977
5679
8600
9811
4191
7866
2901
8151
3856
9781
227
481
9253
5426
417
373
7123
1469
8284
1928
8524
5515
1194
7464
4191
7565
4404
3700
9403
8128
8086
5168
5565
5241
8344
182
6434
9231
9418
5027
9186
3571
6379
1382
9922
8042
2233
2076
8469
2544
8398
7928
3517
5021
906
901
6658
2746
7147
6796
3159
6762
3736
9198
2740
2199
7460
4444
4961
9387
9748
2105
5033
5750
3762
9577
1504
88
1036
1113
7190
1606
2521
2964
7734
1304
5746
1943
2588
1434
1313
6763
2611
421
3335
2604
2280
3094
4622
3564
8025
9713
2952
2867
1397
2310
1853
7737
124
4973
901
4446
3912
6269
5194
4356
1423
5242
7414
9471
3204
6919
513
1298
2350
2767
4618
4087
7830
903
5252
3610
8041
5182
929
5552
6099
8292
2853
595
8121
4429
5304
158
6418
4066
5654
9656
4351
2724
8067
6686
9946
9083
9632
3112
2819
2506
5594
7742
6094
5087
4153
4145
79
14
1112
93
6900
9700
8473
9623
2086
6724
9546
1930
4968
6482
3394
5127
5496
4062
252
2846
6100
9711
674
3490
6976
4916
9238
7996
7898
7204
6250
1718
8281
6313
4916
5389
4459
823
634
5169
4530
4186
3064
7315
5283
3401
8155
8765
738
73
1007
5619
3432
7530
3655
3662
6103
4903
9277
8125
4426
5443
6390
8022
6723
8141
600
6142
4813
395
7825
5929
9467
5168
5225
995
5738
4362
5262
8041
1440
4101
2858
6733
4780
8388
1677
3404
7982
4045
771
6557
9417
4629
7752
2594
2740
6724
478
2820
1488
4895
1464
2074
83
8860
3967
6028
3163
4685
5813
752
9663
2757
3294
2634
2312
6572
2996
2672
3316
2282
8456
6995
297
5181
9918
284
3432
6334
1286
227
1791
5863
1936
8092
45
7243
9013
6050
127
7101
1050
4279
6333
5506
7775
3823
7614
5738
2098
5914
1420
7961
9195
8410
9907
4455
2993
9175
5007
1593
8632
2045
3382
5357
9122
5264
7938
4499
200
3308
7658
1382
1958
2407
3819
2149
7999
8664
2961
1771
8810
17
30
4094
1055
9084
9241
1113
6531
2161
4010
5663
5015
4738
2772
5858
7720
5347
2522
3289
2519
8594
8867
5221
8410
7497
8315
6673
4924
1453
4669
3271
7264
5556
6432
2560
2114
6451
9567
4383
9384
5212
1595
6653
472
2662
5746
1491
580
8510
768
2202
7523
1384
8240
2978
8463
3757
6216
7746
9499
5343
673
7121
1462
6446
395
8605
8510
5375
6357
344
9224
2782
3227
8676
925
721
343
5194
3467
83
5535
3511
9443
9047
2216
5210
2276
1069
2631
195
9019
9544
3093
8343
0
1140
9596
3997
4738
8465
4256
9547
7706
9639
530
6547
8508
7437
336
1211
3089
7287
9631
2231
1354
7860
2017
4248
989
3613
7063
9744
2033
3230
7705
7497
2156
4504
5587
5608
7413
4467
735
4672
4518
1299
5725
8433
6994
4042
465
4175
8041
8434
662
3061
764
6901
3694
8167
7938
9177
2257
4805
306
8876
4839
6514
252
7580
148
6892
5687
9093
9185
300
7689
4719
7222
956
2910
8420
7878
4702
7643
4598
4668
501
8260
7658
7738
7290
5404
2133
7852
3897
7264
5159
2502
1752
7483
7666
8447
8454
4804
8912
5556
2421
2377
9248
3540
5174
8874
8441
5603
4627
6838
9911
310
2793
2823
9361
685
1206
9244
6725
7581
3665
2150
6096
1399
2965
6582
914
5005
1252
3878
5196
4606
9406
3119
9402
193
3375
7428
3961
1234
5972
1172
4647
1423
3127
4852
2075
7991
8433
562
538
7659
7354
9510
5309
549
5296
9972
225
7761
4180
165
5489
4679
1254
8413
9794
5483
7913
1688
9587
6162
8760
6079
603
1258
1130
1973
8804
3669
9563
3057
3558
7291
2917
966
5280
1983
4383
5555
6420
3069
8433
3339
5105
8084
866
8342
5053
3947
860
3053
9751
2453
794
6872
8583
3659
7120
144
6282
4420
1917
5702
8202
6283
7262
9509
153
9717
7396
7671
6772
5756
1179
7933
6929
3010
8942
5252
4274
2441
5059
5001
2733
737
4895
9317
4899
4762
2492
8690
8374
7778
5113
9136
8555
3073
9604
1243
1858
6718
7025
753
8636
5285
9015
7689
7079
3425
8033
6385
6729
667
6454
9441
1950
7531
7019
7892
5590
5695
5603
8390
5237
276
7361
1322
5555
9882
8859
3001
3572
7803
4893
755
1051
1593
1555
3625
6534
2796
5041
4011
1825
5145
1123
5414
634
9784
1823
224
9193
5391
2859
6121
7104
5162
5531
2138
1357
8790
9519
1211
496
5895
9510
39
2047
5270
772
7389
750
5380
9711
3468
1018
6506
4532
4032
1578
1112
7349
2404
6305
2253
3480
3828
8632
5987
5757
3887
547
3723
366
5748
1525
3036
8477
7540
2045
4747
6718
4669
9898
4184
4986
1462
2844
8093
2567
3208
4052
6492
2371
1157
5314
5277
6119
987
7889
298
4509
4477
6904
1995
206
4821
7494
4221
9870
6603
3202
533
8143
4694
1160
9303
4170
7459
4086
3335
8250
8972
191
2777
4287
208
9845
93
8213
4969
589
3559
6443
848
1450
1209
5190
34
6475
2868
8912
5036
8737
5910
8791
7351
3699
3612
5759
7192
3245
1954
6058
4203
4418
4687
7318
435
7350
9297
5085
3892
3605
9509
1982
8058
2681
5468
6058
4872
5995
8743
1526
2327
1986
8921
8254
2776
8995
7856
2721
8072
5936
1504
688
3056
3957
9353
9105
5000
964
2656
9745
9625
4301
1873
1601
9945
3786
3693
4478
7252
3716
6353
1417
2009
4070
239
9333
2036
7868
1348
2490
2849
8989
2813
8802
908
2040
3643
4671
4629
8236
9344
7506
9316
2376
7320
1906
3680
1294
5400
992
1715
9581
6602
547
4263
4944
4024
4250
3959
8126
2701
103
520
7084
2106
344
4580
4983
599
940
4341
7391
101
1555
1019
1594
4663
6943
1432
5864
6497
8248
7619
4591
9819
8292
1273
5824
3371
171
9616
4218
6712
651
4855
5782
2199
2142
6245
6694
6339
1047
2578
6140
2462
518
5387
3828
6445
8270
4476
9208
9474
5958
2489
7155
9054
2033
7342
2065
8162
4761
217
9545
4295
4363
5361
7949
8555
8530
1957
8688
7051
6342
860
2060
5365
7777
6074
5672
1895
9807
5878
9752
131
9317
2327
2577
5601
6896
2726
8233
8450
4713
5609
3803
8048
9243
1059
4895
7680
7166
4116
1494
6775
6293
5962
6146
2654
952
6437
8364
523
5101
908
9726
1916
7499
2378
394
7787
3252
8663
9852
3187
3238
5860
4481
7565
8657
3142
5173
5787
9611
4099
5523
9291
7611
7472
9694
7169
6523
2853
118
3685
4104
7885
3628
1100
6457
9119
5690
3366
8353
1291
7550
5530
9492
5187
9792
9099
7243
1721
8242
524
5990
1400
9462
8762
6116
3096
4741
5865
4824
3703
2039
1043
6318
4133
5420
9411
3048
8656
5155
9451
3817
5853
6616
8464
7400
1146
5940
6269
2365
9424
3476
2679
1477
8985
3246
3257
7500
5089
8165
2321
4884
1523
510
1588
3555
6573
6920
5439
6075
2506
194
1165
9258
1077
5760
8141
5660
9565
2361
2740
3300
1406
7554
9892
3802
2811
4664
5127
9032
2111
9877
8953
7598
2886
5474
7410
9927
6963
1737
2864
1285
9524
6215
1939
3573
633
3813
2153
9918
6943
546
8523
8099
1104
8171
5220
9015
5764
3960
485
8112
3548
4500
5190
7723
9756
3064
102
2822
7830
1985
6672
3364
1740
3056
7613
4121
9148
1690
9103
4557
4736
6532
242
6604
3050
5677
3497
4118
8336
5109
9330
6680
8732
1171
4053
5833
7061
5704
8094
75
9387
407
7974
6580
1590
5574
2023
382
55
9468
392
726
5245
1628
3626
8584
5908
9497
9181
6845
4459
1749
3859
2881
6228
4793
8312
4805
6157
8483
70
7985
8380
4380
1793
8117
3019
6161
7666
7769
4059
7929
85
9958
7498
3549
3899
8409
437
324
9298
1187
3659
6432
5694
5047
1302
4613
2900
4820
5728
3704
2443
2571
3514
9352
3350
5494
6249
4220
2978
4861
1449
829
1781
6843
3307
4213
6369
3440
9394
6872
6433
2600
8630
7318
7097
1460
2377
2771
9386
9858
1664
3684
3611
9155
3913
6337
8336
6343
696
4595
9013
6724
1838
8951
2755
8322
6662
2232
3647
4556
5732
4854
7566
9054
8300
5263
86
1322
2687
2332
2212
4574
8640
7147
5477
9549
9244
3866
9138
9459
9934
5938
240
8676
323
6156
9906
2382
3534
4622
4024
4130
6142
5303
6126
1945
587
2069
1181
3581
8718
423
9390
4290
924
3587
3000
8125
8898
6412
9332
879
8525
9330
8564
5023
6925
7703
8130
5982
5528
4013
4980
827
946
8332
5260
9773
1550
5069
1110
2952
9987
8799
3701
3023
4066
6960
9032
6017
1818
2496
1734
7293
2866
3249
6255
1267
1826
1594
4961
4570
8314
99
1262
522
525
8478
7823
955
176
2254
5217
1430
8367
4066
5750
4294
4533
4840
6838
6753
7527
8955
984
5788
9406
8032
5720
8313
6310
6679
4736
8246
471
5367
243
5971
5873
1312
4960
8878
5788
2651
7405
1428
9432
3078
6665
4941
5274
4221
896
1578
9336
3597
3635
4756
9801
58
1899
3087
3525
3596
8574
9053
8945
7120
5281
6683
5077
9887
8969
3704
7958
364
8591
7630
7795
3761
8505
6243
8550
8490
9294
7338
6020
5002
16
1506
4774
8106
9567
1693
5399
2867
4875
7440
8763
8416
5481
2961
2202
488
4669
1686
426
8509
938
8561
1235
9040
2758
8595
336
4310
6532
1546
980
814
2049
9009
9445
7839
875
6935
3921
7423
7151
5879
997
5482
6052
596
62
3552
4665
5378
677
6212
3463
5977
3591
1979
6903
690
7575
5731
5617
9533
6746
6158
5787
3630
3363
3195
2829
5358
2623
2194
588
5853
9745
5544
4374
1134
9304
3940
2611
3755
9763
5020
1632
9720
2221
2363
4017
9825
1635
3629
1809
3297
8565
9600
3890
3819
7874
317
6331
8104
7373
2032
2291
1846
3347
5611
189
3255
2123
7425
2124
6768
2660
5505
809
5504
1683
5130
8711
490
6721
2911
3685
4103
1906
6823
3248
3324
5770
9014
6443
4535
3616
72
1412
3519
289
2623
8451
3379
6689
7987
4879
4170
8691
8283
3626
8003
777
1832
4865
1069
6098
1736
189
8503
8085
4069
9466
8069
5281
4435
6730
2732
2561
91
9915
3021
9344
9485
8498
3445
8532
5248
3750
3387
6098
7345
2524
8204
5321
7298
5149
6124
2784
7520
6198
5001
7147
345
2645
4814
2563
4230
8359
9359
5779
4967
7342
4350
9144
4151
2142
9138
4246
6724
4225
6581
5183
1847
9900
2221
561
9813
3840
1549
2320
7515
868
7432
9041
8739
9598
2525
8214
2123
6512
1021
295
915
8472
2133
801
9180
4949
6116
9454
2592
9636
8819
1583
3389
4195
5970
2026
414
8710
4352
5175
7347
9364
6411
3610
699
2152
503
8136
289
4493
8739
4381
8549
1076
9012
7388
9974
215
5728
7860
696
7738
3679
8255
6819
3770
1684
1706
2022
1211
2130
727
6301
4406
1029
5378
6069
1712
3493
9690
2914
7981
3243
4280
4325
8995
3671
8044
2957
9922
4838
9022
4521
1913
1080
3455
8633
7364
2874
3396
1630
2126
2710
218
3574
1420
4288
4349
4900
2834
9153
1625
1205
7861
3716
7273
3435
526
4511
668
417
940
7983
3015
1428
8803
3035
5973
8706
2338
2382
1486
6918
2169
3714
3986
3769
3402
7930
397
8200
9464
1205
3551
4143
5034
3703
6853
1307
1384
4750
3857
7787
5321
9954
7556
9273
1755
6781
8581
8561
3434
7064
9799
6476
3700
9294
6495
7548
9000
3713
5293
2077
227
6006
8428
1986
7085
3215
5655
7154
1232
9975
2121
5783
3653
9885
6271
6046
9536
8893
223
5077
3535
2155
1587
7659
1997
4304
666
800
4050
8823
5112
591
8253
2105
2282
486
841
7944
7431
4411
6385
7760
7577
1939
88
9498
8822
5988
4372
958
4169
7539
4737
8111
2380
3913
7006
3905
1612
9009
4108
8985
7088
4180
4767
3519
9440
9843
7740
8207
3291
495
3259
6738
836
8891
1627
6644
9475
1811
1855
9832
1783
2105
7140
6277
1975
8271
330
2862
1854
1065
6540
6269
3518
4840
9002
5665
282
1628
7379
9305
8169
4091
9506
2744
2008
6732
5042
7085
2070
3347
7085
5002
8069
697
7686
4931
419
716
4583
5571
7565
4684
5585
1941
2754
9950
9822
7774
7400
6544
4222
1995
5857
2493
1402
7733
8014
7618
1935
5987
7888
1607
9043
6381
4192
7972
8038
765
2296
4904
4391
9511
3050
223
3554
8907
1861
7500
3607
445
9473
2804
5683
4575
6157
5856
878
1904
565
3026
8415
6828
1904
4376
7569
7779
6958
5752
9228
420
1212
1844
5919
8951
5144
2124
1039
2869
5881
8543
4695
9810
4490
2169
4994
1521
3551
97
9739
823
4382
1266
3176
1800
5479
9570
458
2187
3915
889
4307
8723
8536
6259
391
5286
498
8390
7502
6397
7904
4424
1780
4718
9478
831
7700
2770
7816
6069
6461
2767
3984
5717
637
3441
8254
3114
4245
3377
3786
3977
867
1980
30
334
4736
5056
4095
3895
2193
1544
7360
7571
7619
4930
8218
6379
1736
534
2773
3962
6430
2756
1465
7312
6485
6988
6588
4783
8340
7356
4050
3732
7168
0
2848
980
8360
5764
5398
3709
7309
7040
5623
6622
303
6940
2298
7077
8121
2601
7091
1238
4609
9589
2698
7989
9508
6869
1039
5629
2533
9207
5798
9274
485
8679
5352
6980
1365
1484
8284
5179
1529
5258
6377
6293
5411
2120
9992
5709
9747
3118
208
5432
1033
9613
5646
2547
4453
8583
898
2567
6045
4591
5604
8263
5034
3254
7627
496
8713
4839
6475
3715
7157
9952
5114
841
8125
197
7153
8617
2289
8771
5080
4787
947
4637
5412
5932
1405
8795
1785
6800
3019
2431
6833
4833
514
6225
415
8372
9102
4318
5755
2513
1294
8781
5679
5423
2249
6472
5778
7071
8924
8791
8396
1998
7608
4275
6016
7214
5371
6009
3154
110
84
7156
5636
7807
7765
9942
4319
6976
8607
702
1007
925
5238
9017
8819
6134
4538
8628
6556
590
9330
202
8266
4591
8608
6688
7538
1082
743
9180
6332
1086
0
3765
3457
4302
7233
3283
701
1260
417
4247
7641
822
4517
4917
7357
6923
6029
2748
5030
7288
5978
9133
7654
3887
6223
1561
2034
632
6591
2729
7231
5316
3487
9881
210
4967
8003
4545
3411
1109
4400
1989
1154
6744
7989
7403
2164
7224
9088
631
5289
1785
636
6784
1210
2753
2157
5600
7031
6082
9537
946
4001
1016
8839
8997
8596
9137
6167
8607
192
3346
3483
2861
3872
5099
6200
8613
1174
4695
3369
6024
4164
6146
7004
6333
2454
4859
5980
6227
4347
8689
7015
9084
7348
485
1102
6403
1913
4227
9012
2247
6227
7242
9182
1303
4229
1727
4830
3176
3088
3672
8326
7912
1985
415
1790
5700
3808
9344
968
2033
439
2589
6779
3855
1608
8226
8833
3672
1051
4585
7268
8006
1476
3364
4969
3174
3547
5764
3554
8869
9691
8125
6308
1023
4627
846
2159
8580
4561
9831
7099
2488
6762
7161
2902
4093
6589
199
8687
8304
7246
7789
4674
382
8311
9006
9844
4928
1551
8875
2041
5622
7085
9517
1631
7130
3424
1864
7774
5848
4607
6511
2227
1027
5735
1804
5589
4314
211
9938
5378
8159
3761
9863
483
9219
5617
2276
1505
7229
3371
6464
1069
5577
4329
8283
8935
1081
80
5260
5977
892
7140
3179
1209
3485
7836
2945
4124
3872
5842
3775
295
6292
1190
6689
1298
8350
1549
6378
5693
4450
8770
5552
6970
8178
3636
9630
5754
9286
5132
7343
7764
7369
9001
7108
7629
9852
1143
373
7284
5277
8283
8668
9522
5083
9382
9295
4091
502
334
1065
3157
4504
4252
7864
4239
9525
827
2867
7712
4084
3588
6183
9658
4701
3758
7188
38
9848
9584
257
8664
7861
713
4174
3169
9391
1090
1638
3957
522
6126
135
5322
3270
6005
9362
7267
7652
7886
1733
9068
1246
9885
5955
143
2739
6865
3002
217
2299
1098
3029
4869
4994
9398
6374
6334
5968
6535
5783
347
9228
3732
1911
6536
355
9295
9288
528
409
8765
7927
9208
3590
7769
2362
4721
8383
6778
6426
4976
3028
5206
2901
9662
1053
713
8252
4403
87
712
3487
8775
180
2524
5624
9728
2605
8896
7534
9022
8207
3932
5981
9328
9848
6396
2873
8373
5384
7442
7381
8935
9823
5882
3302
6289
8841
3659
311
1053
3767
9889
7493
6369
7171
4220
4177
9460
6351
9296
1617
4584
5837
9980
6823
19
8037
4526
3955
9860
5300
4604
8391
5298
7377
8843
4472
6124
8016
4240
6549
433
4758
6109
8780
7671
2700
1861
7674
8060
2851
3151
1332
1807
8901
1699
7389
5674
8805
6835
780
6216
7590
6104
1378
2322
6288
2139
1057
5706
721
9802
6148
2883
4393
7880
3143
733
475
5189
5440
6574
1443
3057
4212
5804
6634
1484
4262
3141
7220
5823
2135
6755
4034
3285
7925
3253
2487
9453
6996
8257
5539
808
46
4668
1747
1134
5925
8388
7634
9017
5378
5401
9966
8439
5637
5902
7870
6229
6052
2738
2669
1467
2686
1250
8930
2647
1325
6012
4566
4727
5603
7374
44
5203
1208
780
2269
4248
4531
169
3635
1556
5620
9411
3039
8012
6123
9898
4979
5783
6375
6021
3710
3514
9133
5962
4228
2664
2743
3690
2356
3007
1644
109
1898
894
9461
1202
3101
9238
1618
8284
6832
6564
8350
1876
7703
862
6850
80
1021
7785
999
9494
6077
1948
9389
8925
3774
9353
5551
1426
3215
2327
5633
2512
2381
5047
7408
5598
2774
6189
8979
9035
1093
1256
589
8960
8703
1006
2161
1394
3648
1636
6610
9085
2370
9127
267
4952
3559
6422
4670
3659
7503
6782
8213
4406
25
8941
2389
4365
1062
9673
712
1258
5001
92
6642
9187
5098
6292
6561
4063
7791
2484
12
4681
5064
446
5808
5058
8672
9636
1176
240
3003
5512
9378
5897
532
9387
4354
3830
3489
3110
7708
5705
1729
9649
9823
1574
8960
8487
2515
2939
4335
5050
9791
7396
3898
2771
2933
2093
32
6937
5663
8619
9930
2495
5350
2907
9167
1602
9860
462
5283
9151
7207
468
2768
9533
7445
9251
7807
2034
3158
8077
5391
2626
7493
2557
4731
9464
8832
1334
517
6825
4806
6037
74
4854
6147
6723
1001
210
6221
7995
8688
8438
6257
4974
3638
1477
8686
1878
9750
6606
2542
1794
1969
3197
6998
542
8064
9079
9213
1060
1552
3494
3126
7742
2865
1412
8745
7837
8491
6086
6794
4193
5229
8357
2478
9885
4090
848
8317
7220
8844
708
3666
1571
4508
6654
6665
7590
8835
485
1863
8240
1071
5523
7432
3139
5219
8848
7320
7055
1068
4001
2110
3536
7882
1058
7501
5616
1079
5423
1189
7124
7066
4899
3713
1266
923
8377
2014
8606
4391
5396
8565
566
6297
2275
6753
2254
3562
1777
48
6217
115
4261
8853
5173
8746
9775
9439
7394
8330
7411
9175
5027
3714
7605
4100
2958
8629
3350
9307
1373
4849
2134
8993
7505
7575
7203
7685
9305
3401
8277
9347
9764
5155
9790
8210
5325
3086
5408
7469
5152
1845
4592
6067
6280
3433
8679
6462
8446
8771
6478
2828
2315
444
1505
6593
9679
6534
9008
8382
7972
7201
6242
6498
6792
2601
2843
9402
6092
7567
13
3042
2289
390
8933
638
9585
5103
8204
2106
1706
9599
1988
127
6254
4069
5802
7983
5386
3438
2744
3054
2683
6061
2281
2783
3066
1790
5520
6092
435
5157
6211
71
8743
1331
7046
3675
9227
6695
3021
285
4686
6018
2788
6360
1684
829
6132
3439
6920
344
4333
7738
6946
8
9170
7412
2727
5512
5301
271
9162
6826
2649
738
3451
5430
4126
3485
3344
7232
3235
1529
6660
1076
7930
4646
6884
953
678
7822
5085
8151
7251
3689
5174
9897
2402
5258
2567
1895
65
6782
3033
5018
8126
4825
1514
1808
6550
2650
7255
9756
5467
8336
8892
832
6951
6835
423
4405
9585
2190
236
3733
5418
7936
5459
8430
7800
5552
64
2094
8481
7065
2758
5579
9249
3778
8604
2811
9949
5568
8959
9260
1686
8099
3631
4162
6047
7368
9336
2498
1571
5168
6626
9838
9917
2617
2144
9227
8874
6174
347
6854
5079
1039
9675
6327
8911
1101
3004
9097
8755
4392
5043
7857
150
3902
5295
6941
9298
7125
9943
2535
2053
524
9344
6589
437
7687
8583
8544
9562
4443
2680
8995
4908
2489
4024
6207
7369
5145
8278
6285
5705
9348
411
7804
7213
9784
7461
9069
9535
3793
5614
3311
8137
5221
6759
9698
9286
2397
3662
5414
8682
2144
6373
3524
478
7566
3666
5431
1648
4821
2705
7740
6191
3876
7347
3753
5079
9134
3272
9061
5330
705
4644
9322
4787
8443
8095
1881
7373
6122
406
9115
6301
9480
7425
7388
9034
765
2394
5297
926
5289
6694
655
8214
9192
1362
2316
1257
4486
1205
9951
6547
8614
5063
2229
6416
6412
1778
5990
5570
133
3798
3263
3485
4686
7557
8216
9882
7571
3991
9831
4491
9288
1417
3273
9498
7008
8235
93
1520
8164
8829
8233
5374
1645
5700
1065
5102
5135
6863
7275
1730
8694
2816
3710
8934
6384
5527
6749
198
3794
3359
1233
8480
8387
4061
6366
9472
8876
8195
6772
5775
2116
555
9081
9826
5204
9567
9676
8201
1434
3350
7580
9352
9452
9094
435
2071
545
3523
2746
9260
9145
5352
6514
1820
8907
7194
4240
2347
4744
4640
3464
3199
4865
5033
1666
8270
4873
8325
6201
2246
8062
8471
4124
7300
6437
6493
5155
3950
6966
6602
5348
6973
9931
3462
8308
2179
328
4278
6235
2254
1332
8844
2563
8694
8460
4332
9331
5098
4311
6697
3254
4397
2772
5131
9722
4249
2547
9617
6789
3074
7325
2146
7040
6953
2093
8339
1310
1696
8648
935
6876
4127
5942
1726
8639
9867
3501
3855
1066
3138
9927
4617
9189
3435
5281
9680
1836
287
8611
3044
3927
3776
2928
3543
2519
1585
1699
908
9830
4336
838
2574
2443
5266
301
2825
7529
9183
7303
1113
1252
8358
1723
3945
2732
50
2944
9703
2316
1053
2556
9781
8002
2121
4575
6281
1067
6842
6020
7445
5776
4307
2840
5901
5254
2652
2749
8378
1836
638
3634
6454
7063
446
2145
7590
3305
7573
6423
6308
715
9141
448
1360
9378
8420
8152
1516
4298
2644
4448
1277
7757
2333
2982
3397
1649
1735
6054
1996
9555
2460
6694
3376
88
3924
8985
8784
8751
2880
8335
6603
956
6190
3517
1544
3696
9185
9554
2511
6556
3270
4707
3877
2856
3764
787
1337
6369
454
4447
9446
1161
9295
7716
4943
2940
8193
7276
5940
2078
5078
2435
9305
5228
2590
2465
8424
6027
9095
1132
4764
4862
4417
8607
8165
5078
2471
7484
3431
1346
6187
1375
4653
1075
7928
6225
4007
4192
8158
3062
9121
9123
5077
6329
6443
2794
7273
1313
4881
6690
1433
878
883
3051
2116
8573
6176
8797
7573
8554
5063
5150
3809
5231
895
2282
8654
1611
765
3485
2549
5294
3195
6042
2106
3410
2649
5950
6324
6968
1599
3573
2635
3517
2104
5759
3114
8984
4899
5756
8183
3142
8869
3590
7069
6369
9472
7427
4248
4090
9348
2475
152
8843
3850
6898
8211
5318
1965
264
3043
5310
5226
6291
6643
8165
5275
3004
3244
5817
6347
2757
7299
5286
6912
9786
7039
9022
8097
9973
1497
753
9942
7418
3571
9292
7262
7853
9890
9192
8662
5063
1152
7897
1477
7960
5265
5081
1011
1953
1562
2175
7264
1087
1176
8547
6889
3360
7365
9660
7391
4581
4092
5992
7513
6246
9769
849
3498
8878
1502
3844
4177
5142
1623
6797
495
8308
7680
9793
6112
660
2910
4296
4103
3717
9185
2835
9513
6865
306
1707
9164
1097
3872
4870
8867
8085
9531
2982
3909
4042
5766
7174
5710
9657
112
1798
5579
970
1103
2412
1967
1365
2580
3388
9183
4716
5936
3663
6322
1300
6675
6478
4741
9336
6293
9915
641
2088
5234
203
2877
4008
951
8662
8275
3095
241
4058
3346
1742
5116
484
7130
1361
533
6969
620
4736
7562
3013
503
6929
9151
9690
6917
2147
8444
3424
669
9648
6457
143
5984
1969
9497
8510
3721
2234
6345
2317
4733
5193
4042
9582
7438
7208
1025
1044
1105
1576
3143
8025
6159
3408
7892
6506
2660
6729
9891
6305
590
7015
9431
2390
7310
9206
4270
8279
2446
9563
1960
5638
5233
2286
7064
2296
6311
332
4941
2769
229
2353
3819
7914
7186
8563
3112
8011
2162
7054
8398
8533
5220
7259
175
4033
990
1990
7436
9196
6098
3513
5009
1372
9873
4286
4100
4305
9582
1403
7840
1905
8297
3672
4357
6153
606
1128
3331
6650
4267
4786
6010
5660
4851
5184
2980
6781
8205
4149
8601
7778
6141
5410
9585
8104
3446
4759
3772
5186
4900
8923
3658
4131
9138
4564
5401
8757
857
143
1827
2601
9317
7810
3142
6816
669
9839
5831
9571
8153
1017
7907
2390
6152
8688
309
2976
7262
4999
4993
1655
5190
3823
9841
1985
3671
78
5828
2328
4941
5895
1754
2721
8159
4559
5372
8344
4377
3359
719
8952
2788
1064
9038
1826
7168
316
790
9125
3290
6103
1926
4240
6528
6186
8887
1514
9782
342
8458
6873
2720
3847
4959
2288
616
1373
9936
1628
5082
3439
5323
6229
5656
8151
7041
763
3175
3563
9358
8799
4766
7987
8815
479
7506
294
3671
3119
8853
6871
2996
6102
6747
3116
5292
2463
5357
1102
8309
5410
9304
5489
6577
6014
9205
6801
8398
9399
1893
4613
2103
638
687
6188
6701
3306
2238
3840
8012
1297
479
4897
8164
4575
9155
2338
7918
579
5160
9172
9026
7710
2811
7606
3649
9914
3049
1458
6279
3709
572
4112
8907
6730
613
3025
8869
9005
8847
1470
3986
342
3044
9711
5985
4960
2316
7650
1571
9689
2667
7282
4462
987
4177
9759
8215
649
8653
2782
3763
1137
6996
9641
387
3190
1066
5975
6883
9385
5714
4848
1309
2608
1502
5665
1174
9708
6769
3595
4070
6168
3880
3384
32
8447
2723
3432
6403
320
5420
4890
541
3028
1868
1191
1187
3662
4078
2139
9934
2419
8753
2700
3681
3049
4771
1477
2453
9077
7922
5057
8009
673
8895
5866
1697
2008
84
255
414
2547
4429
1219
3577
4798
9426
2784
5322
8876
9753
4951
3057
3214
5292
780
3441
4501
9519
4625
1324
2559
5903
7279
3055
8092
5185
8397
5544
7103
1387
4107
7741
8467
1129
8301
3941
4033
9532
5546
7648
1667
1467
3671
8148
47
1586
5701
2177
8206
7907
4217
714
9263
6926
3011
9807
2453
6300
1750
3394
9024
8899
4807
1752
1790
7319
7496
2315
6283
9138
1122
5347
5749
5031
1999
884
6839
877
9970
9551
2753
7545
6013
7828
5671
6227
2704
4790
5709
685
7086
8500
9186
1716
6130
4760
9996
5865
4056
311
5308
7825
9010
5547
3187
1283
1237
2806
2585
423
8161
1966
6179
9783
7489
9451
2499
9862
6652
4981
3072
6025
2447
4433
6555
9986
5203
4796
3756
3812
5748
1207
3808
3387
4654
7653
3789
9398
1363
9771
8736
9053
549
17
1735
9352
3784
8469
9997
8733
6564
3742
2787
1263
6903
2437
9665
4774
9016
7439
4871
4765
4707
911
2208
2468
6063
1191
6498
8249
821
2734
1397
1750
9571
2799
6375
9241
8191
8958
1548
6348
3945
9495
5249
7970
1767
3819
239
6329
1467
8335
1415
9505
201
2794
3926
7029
4788
9565
2044
7386
1428
3320
1823
5430
9366
7883
5027
938
6702
8899
2203
1437
9402
2865
7218
9587
1513
9800
4879
8972
5355
5051
7336
8656
4538
5449
9587
7688
8151
8621
8002
1953
7697
8920
1744
7361
2642
7527
3213
5365
4849
8885
2678
8572
6112
734
8113
1519
7967
6097
632
2480
8582
4399
1013
1637
8980
4153
7705
9409
9662
3198
5945
8029
5786
6984
2591
3844
3787
6642
2505
171
9100
1902
3884
7920
8484
8982
7310
4652
2352
5536
5023
8547
6746
6286
657
6782
7533
3456
2979
5325
3882
5085
6500
4966
1305
4574
5840
6571
7885
1065
3790
9525
3065
8883
5555
8660
5559
303
7454
9990
3576
3882
815
8884
481
1779
9078
1276
3667
503
4253
8530
7809
8204
8222
8385
7233
3311
2494
2377
3793
7685
3184
6850
2594
6075
3020
5431
9847
7118
1694
3141
1592
9425
7330
7680
3408
647
6455
1482
4415
3627
6000
7712
4242
8258
9511
4768
7566
3394
2663
341
7630
5013
4263
5559
6519
3405
1723
5974
1342
3103
2077
1425
9558
7946
2472
1430
3300
6000
5179
8741
9008
6441
1612
1511
7100
100
1338
7904
4511
2240
6487
327
882
7208
8832
1126
6900
2236
3899
5694
6799
3408
4257
1310
4278
12
5286
1518
2521
2461
3663
4134
5649
256
1689
2548
7712
5728
9610
1470
5151
1617
8897
5413
8691
8988
8186
7833
4602
7449
2726
3223
4729
4547
2790
9801
1495
2629
8923
7214
202
2439
8263
859
9509
6038
5226
7381
3256
9519
5401
4501
7361
2285
1136
6648
2379
5940
7408
9499
2344
8947
2771
6778
7365
5975
3381
9005
2782
3176
3239
1944
607
4728
7747
3672
6408
6594
9865
9956
7476
3466
3563
7045
7149
1717
3170
4856
5130
7107
2231
5804
461
4848
338
6109
2345
1091
1678
6233
5101
3452
8557
8162
9580
8578
8477
1067
2013
8471
2002
5433
4706
9964
1555
2687
9278
5469
7167
5973
4369
8358
7523
1854
6489
8645
7171
9879
1796
4171
3888
1157
7974
482
2397
5468
9320
9140
4799
900
6279
8308
9919
6262
9540
6106
3434
1624
5161
5333
4476
2545
8045
5140
1393
161
6386
3857
2286
4099
2826
4621
63
2919
9641
1529
2044
6933
1376
2902
9922
8795
5112
6577
9321
4067
6819
3255
5326
892
6666
9158
6291
7993
2928
9938
3103
5203
3565
9442
2182
2505
9454
3329
5360
7463
2648
6160
8038
5392
9621
5060
8983
8238
7166
4650
5424
4099
4056
6752
6091
1970
9335
2635
1659
4381
6394
63
5399
8432
6956
3559
811
8446
1200
8505
9593
5789
3073
9785
1031
4165
8527
9939
2106
7451
2933
2366
3463
9510
4378
6980
8160
8076
7887
5934
6899
653
9174
6197
8030
7825
2879
6833
1332
6355
1626
3833
1923
5548
8349
2570
2645
2600
7541
9032
4416
744
330
3868
8405
1279
2061
1944
5357
894
4198
5944
4096
9100
2562
8079
6884
9023
1744
4984
2567
1777
6702
195
8655
8114
7897
8645
3663
2465
976
1554
3121
610
4822
5602
6466
8942
6801
8716
7305
2290
8487
2503
2779
2597
708
4044
4076
6098
4443
9760
5174
3913
8899
2465
9470
7265
7056
4341
9452
9216
9168
154
1761
6789
2893
5130
9317
2516
730
5931
9424
4574
8695
2628
8164
3003
4497
5048
2125
1687
9980
8914
5252
8659
4383
1792
451
1639
5813
2110
5343
2602
9073
6087
3787
6846
7074
9312
7955
5221
7893
4423
8295
2638
6493
281
8995
9358
3125
4224
6562
2094
886
3681
4157
3257
5937
1832
8545
2451
2865
902
1743
9456
4748
5447
143
6418
2578
2691
9178
7168
2340
5151
2598
9795
8482
4289
4752
6785
3404
1976
2174
1602
5523
4787
3679
2216
5097
1543
8877
4478
7032
6073
4273
9718
1100
8677
1451
4858
2179
499
9091
5619
5205
8891
9595
9487
9822
2095
1441
7231
9342
3647
4392
153
5824
2465
7561
9951
6765
9612
8646
3915
8881
1261
2068
6891
3277
8004
8859
2068
6878
7463
7394
700
8170
9497
3733
4070
3990
5552
5842
6843
5453
6060
3382
9438
7614
6829
1378
69
2829
9679
8579
1993
6543
1532
3900
1194
720
9569
4321
3553
3175
7259
1589
2055
4788
7281
8358
9571
705
5423
3317
6363
7871
8723
4547
4858
5785
1087
2324
2643
3655
7166
8073
5319
2075
6803
7626
5987
4523
8956
1516
109
8156
5656
625
5971
3009
8510
5766
8480
7255
4174
7395
5729
1283
3236
7161
7815
7748
6108
1517
4648
575
8330
2074
8188
7683
3013
3753
9077
8420
1797
626
2368
5119
6845
2448
3466
292
9198
6961
4557
8012
6889
5455
6295
6824
1871
5694
1775
9056
9718
6650
7659
7140
683
1018
7915
3322
3003
7760
8944
2316
1707
2627
8826
4549
9014
7093
6846
3329
9267
9707
8435
9162
9673
5739
2888
1942
1674
6535
320
3803
3270
3134
4060
8630
8927
8418
7038
6567
2925
767
8972
8991
8566
1222
4886
3460
7686
9159
5357
6858
5074
7046
6960
9884
4772
7820
2211
299
4871
7993
207
2971
9264
5145
6021
4563
6700
9360
1245
3574
5203
8541
7311
5780
3981
4805
5117
9136
1063
5990
4309
290
3718
6175
6259
1177
1782
9580
5015
5102
2973
7208
6368
8413
3992
3841
9842
619
192
7162
7320
3856
8523
5646
8207
3173
8496
7460
3016
3112
2987
1402
4113
9776
3669
279
8443
8236
5639
8232
4957
7289
4971
532
6772
9403
1622
2655
105
3402
9419
4144
3905
2506
5110
5261
3548
7791
1356
7311
6714
9412
7078
6363
8850
2729
7985
7020
1572
1071
9075
9087
29
5552
8600
8612
9110
9385
3097
7536
2845
5718
1854
7507
4521
7424
3176
6331
1928
2076
8789
4190
3866
2520
5252
5198
9191
9454
3015
85
6954
6069
2564
176
7687
4576
801
1524
5138
2193
141
8078
2395
2274
235
6065
2769
9226
1313
9913
2359
8754
5228
4248
3984
8327
3400
539
1042
3934
3047
4548
7103
2711
7599
4727
3352
6057
3871
4031
3667
5540
1168
609
7251
988
9151
4732
1933
3720
5590
6945
5180
6554
4623
8768
8175
7000
2282
1468
3619
1685
2190
2685
5301
4936
4249
7405
3499
8235
7329
9068
7013
26
5383
533
8727
1653
5433
766
4928
6751
5484
5138
1808
2351
973
1709
6679
2026
4462
5364
9168
8564
8556
626
7338
4747
5640
139
3666
9525
6516
5294
2709
9472
4198
9725
8636
6821
6081
2231
8010
9122
9290
9525
9433
332
3702
3853
6239
5943
1499
6535
6907
2932
9017
9886
2337
6063
9819
1930
9601
7838
412
7047
1043
6094
8902
716
5657
5793
3902
7317
3662
1541
6513
1631
8825
8873
1636
4642
6266
9303
9864
3936
5184
3123
6440
8049
2149
5403
7577
7325
5674
3098
208
3904
4005
9541
1346
4457
522
4171
2681
2123
9026
6492
5622
8190
424
5837
6165
9774
5366
9185
3784
1503
7823
245
4089
1835
549
3272
1270
7566
5188
2455
1198
9058
5775
6808
7727
8848
4031
3872
9827
5060
8514
2860
3822
1236
9470
7680
4730
7526
456
4719
3913
6848
968
4859
7647
928
5271
94
4495
9668
5035
4865
4929
9739
9317
4168
7126
747
2006
3630
4113
4204
4374
8011
4752
1912
1151
258
94
5085
5807
2130
499
8375
3501
5719
7265
7941
1875
7226
3772
1677
3689
5539
6929
1778
9767
9649
1130
4086
2807
5396
6303
2210
7780
3859
5416
3025
8826
4170
8839
6452
3933
3498
6482
5674
4194
9298
7951
4383
371
2685
2125
6587
5788
7744
8175
3907
6101
7417
6108
1150
2959
916
4777
9371
5495
4634
5831
9265
3989
2730
5409
4619
3646
4942
4285
360
8916
4117
6436
6478
9771
6700
2386
2109
506
5745
4182
9014
6872
419
8211
4203
8852
1545
2708
7103
3549
8408
9567
355
1235
3039
4794
1135
5623
1860
7059
3897
5969
8806
3678
3468
9258
4785
7399
6594
687
6939
6407
2608
3772
3709
5126
6824
7849
8360
1826
7274
1320
7983
3734
1156
7358
8360
512
4515
907
5037
1025
7649
7005
1092
8441
8534
7034
1178
703
6000
3589
2546
2475
5113
2310
7333
1335
4500
5328
3312
5926
2605
8972
258
8890
9303
1950
9822
2295
8300
34
4176
6873
7850
9210
4361
2392
8989
689
8605
3746
8285
2701
492
1215
1108
2472
2148
4305
2784
4080
8412
3572
613
3254
9164
4630
7687
8497
9074
9045
706
1629
300
4519
5066
6039
2999
4994
1740
7102
5726
5955
8631
1077
8288
3015
7335
4756
6988
8253
2264
3223
246
2946
3892
5544
4640
1820
3893
32
8820
9971
497
1550
1895
3129
4183
9482
2179
1649
1806
9135
9680
6441
7092
468
5620
509
2085
1436
3443
4972
5707
3214
5537
7230
9153
376
1172
1524
8275
3420
6032
752
582
1789
8033
840
6789
6711
1284
2864
804
910
8313
8087
1828
6584
5608
2520
409
9673
9149
5317
6865
9253
4165
7030
8165
5053
3418
560
161
2042
2304
6514
4463
5884
8014
7953
5669
5645
6523
3756
6375
8672
7464
2498
1128
7166
6372
2274
5520
1879
66
5327
1135
8118
3755
2554
3438
7284
8190
8443
9770
8482
6005
6774
4752
3873
1054
5640
2953
9566
5332
8464
2416
3556
1382
1312
4747
5408
226
2821
5063
4268
483
3728
6257
1798
2043
8651
5425
3495
3391
1981
907
4394
5646
9708
1445
6050
7478
7886
705
5413
3378
6684
8006
2128
9293
87
3997
6157
806
1225
9957
9151
7425
2856
7009
3288
7478
9413
4258
8448
3582
4259
2070
9418
3564
6276
2236
6793
9718
7735
3524
7927
5875
7599
4123
9559
9632
2368
8798
2295
8735
8885
7757
9313
3636
2736
2233
6405
6032
5901
1655
9411
3384
1457
4456
7882
6957
2780
2169
9540
5291
4320
1087
2614
2170
259
5418
2259
8326
8021
2325
4504
7111
442
9592
9007
7036
6429
7202
9141
4504
8831
4674
4324
7591
831
7924
9740
372
870
2367
4040
8813
9301
9189
907
994
6639
2259
101
2921
1491
3876
2753
3046
3449
731
9609
3390
7909
5924
6701
8797
2995
1732
7194
3375
2469
6477
1779
288
792
7442
2373
4352
518
3109
5980
7127
982
4113
1548
8446
1350
9240
6292
7129
4209
2890
2153
1451
2081
1673
1503
5311
9120
2859
6729
195
4661
5068
9674
757
6819
2326
3141
5231
4631
3156
2352
3957
7446
5492
8953
4339
8716
4829
739
9988
7142
3803
5264
2996
1990
4477
5764
1896
1093
6644
9476
8219
5244
6445
9325
611
9040
5436
8391
2978
3288
6738
9764
728
7586
3586
8093
4802
4803
6717
8044
9483
1682
935
8676
7505
3649
3177
2736
9285
9021
8687
370
7638
1997
105
7725
1478
4671
1421
1127
440
7922
1186
9245
3862
9681
4761
6716
4876
2482
5521
5213
3600
7402
9782
6966
4801
4610
6023
6739
4070
1979
3717
4101
7906
594
5731
3446
4834
9770
9343
8488
7865
4643
744
7387
637
4971
5600
6663
1550
3101
8353
2471
8444
57
2173
4803
4419
2059
5883
5777
3013
7013
4563
9077
8510
2271
2793
7980
626
6307
8594
9412
5452
2983
9051
4789
3816
5695
2924
3150
8826
582
6869
4417
734
7101
6684
5409
4639
4317
9297
1412
1325
7973
7701
7958
8051
1962
2624
5325
1676
9114
537
2224
9561
3758
1806
7361
9704
7220
5670
9106
7210
4436
1709
1765
5029
2
9156
343
7454
2781
4051
9711
8469
1179
9440
7774
3083
6682
9431
9334
6353
5460
8503
5193
4728
825
4162
841
5348
7459
2357
8008
5249
6267
8374
5292
8123
8399
9870
2728
8491
1139
1361
1961
555
8819
1370
1266
6299
9835
6545
1704
4512
4888
483
3323
5205
2580
6318
2747
5652
5333
1930
4971
8015
1438
6718
3622
7471
1143
7280
7633
4100
8698
7474
5940
894
3105
5822
8674
9128
7982
248
3983
7349
2267
1017
7234
6923
9217
785
4734
9921
358
4951
1492
8162
6797
3521
4294
4702
4823
5816
348
5711
1453
7368
3640
8575
6368
174
7962
1720
6324
3746
9233
376
1711
6495
4706
9477
4082
4053
1633
5542
2164
4707
2357
6623
7288
5479
5310
8463
9516
1761
7848
4804
3483
2830
4063
7736
6231
1677
3164
7065
2850
9205
4535
8943
831
4125
3356
5359
7445
6108
2488
641
1497
9953
5320
3705
9340
2386
1178
6669
6385
7667
4856
1960
868
5270
5864
6282
3454
6956
1473
6387
2917
8279
4842
9807
9375
1425
4199
7739
6363
6975
1200
7557
8516
6535
8220
2110
1323
4589
9273
2392
7002
2153
3050
297
1395
2151
5806
1894
7109
5329
585
8186
5680
9084
6830
5857
7603
9000
1736
246
9699
9015
8599
3749
9228
6996
8836
594
4568
136
8296
1836
4326
16
4268
5492
363
3973
7238
5841
2384
7064
8941
6653
8668
441
535
318
7774
3220
2971
5703
3034
2320
4417
7411
4680
4586
2600
7376
6303
4563
1166
3544
6899
5295
6683
3558
9130
2690
286
7909
5960
5896
4342
2667
8754
7728
676
2567
7514
1885
1960
5716
9534
7844
5382
304
545
4545
1099
7374
1217
8937
2206
7243
456
248
8627
6465
459
5189
3529
570
9734
1849
7418
9218
8426
6536
2010
5045
8012
8243
7380
7224
3830
5182
8789
3325
2069
9492
8304
2937
7630
6902
7986
5765
7836
7964
3843
7031
1870
5733
9907
4372
2840
4506
874
5115
6414
5918
3016
4006
9019
3717
463
6827
6787
8981
1978
857
5298
327
6322
2080
656
4763
5961
9101
1338
6004
6218
6046
7214
8429
1054
6360
3378
5494
2617
8194
4774
5824
2522
5801
552
1105
8207
659
2751
4683
3695
6794
5881
2213
5515
6483
6635
1987
9470
2511
6257
2629
4182
4121
3547
1907
1963
2464
2436
6921
735
5750
149
1880
4147
5920
3186
7952
1124
1600
5171
2800
5402
1693
8243
5581
9644
6091
5456
6796
9247
2655
7435
6098
1428
6202
5827
9084
3432
6839
180
9337
1020
9932
1966
9865
825
1125
7575
3848
7827
3328
4517
7804
3606
9463
2006
2106
6121
9832
3855
7696
7636
8007
979
1521
1464
6385
7811
5839
2568
6639
797
6180
4631
9158
9790
3825
494
4169
496
2231
1415
6754
1461
4000
713
9527
5995
3206
9306
9502
9488
8485
9535
3304
7516
8876
6935
1975
3151
9371
7740
9874
5590
7803
2821
2524
4147
5806
9125
9403
9975
8029
5280
9837
7491
3607
8244
2334
2277
614
6965
2004
3990
2328
362
8681
6984
6700
5499
4143
7674
8999
6148
2000
9024
9102
8374
660
5486
2430
9274
2647
5446
1438
5531
4000
5609
4350
5817
3988
8674
1032
3142
5578
6649
6272
618
7730
4194
9978
6407
2413
3882
9384
204
4710
3477
7053
2203
9657
322
2995
9763
7811
456
9063
9121
9274
9665
6312
7827
3665
8698
4030
1471
366
8899
402
5496
4393
5888
436
9264
2596
9371
8387
2703
4126
77
2929
8454
3207
2821
8728
1824
9403
396
4142
3437
5597
4442
2013
6716
9423
7716
6385
4946
4169
7301
7672
5029
9707
9502
1961
8430
1405
667
8306
1589
8818
4399
1374
218
4807
4470
8615
9522
617
7922
1137
1101
6271
8173
7268
8258
8403
1716
3059
9223
659
1366
5570
3241
364
980
3094
5365
4848
7888
5873
2542
197
7032
1541
4547
5865
2382
6707
995
2579
1115
5365
2720
2636
7444
1002
7040
7795
6580
5236
3384
1207
5214
6490
4916
6464
8680
579
8493
5819
6536
6665
1400
1386
5832
203
8294
542
4513
7199
6330
1515
4446
3812
461
4274
7210
9913
6845
1201
3597
3061
945
1605
6830
1572
5777
6957
2344
9311
6910
5936
2239
832
2220
6464
1438
2400
9697
5881
2647
7804
1899
9698
773
362
7742
4365
5831
408
7036
7657
1490
8884
2156
9207
6853
9961
3387
5855
1504
3486
8553
3879
3753
3879
3505
9873
3219
284
7361
9447
1165
1403
477
176
7761
8979
3443
993
1765
9611
4030
1581
3079
627
4206
4661
5052
4595
2755
8291
5978
7916
2463
1691
5787
1664
9907
9161
7591
4679
997
5802
6745
6713
4287
2259
7680
792
9716
8587
9618
2079
2904
6093
6130
1861
6142
1215
4948
6321
2638
7371
3867
6576
1408
1780
9190
5500
6371
6904
8343
9268
9366
1885
2870
9056
4392
1316
6203
5170
9284
6673
2711
4150
7998
8926
1632
1704
5782
7243
5422
7539
7561
4470
2437
1034
7511
9720
3869
4572
5278
241
6060
5808
6376
7543
1539
1995
9863
3211
4306
6154
6795
3925
4154
6439
9752
386
4320
6857
9390
764
3251
3136
2843
2315
3156
3329
1986
1973
3678
1026
6670
10
6083
1304
1168
8980
7965
6761
5244
7204
1375
4771
956
9120
9280
2099
1162
1197
3358
4631
1297
320
8486
8574
1686
3600
1766
5141
9149
545
4559
8494
1980
2409
5013
6584
8556
9974
1307
7892
6553
1984
6756
2081
1760
2756
8023
9752
147
754
2629
3618
4837
8288
2871
898
9763
6517
5022
8403
8345
4747
4650
8099
5561
5669
2314
4610
2763
9941
5763
9287
2384
8676
5197
1292
8616
4092
3595
140
7582
4401
6927
5262
3432
4280
290
3381
3833
1027
4401
5
7416
1139
4100
9199
6213
1649
305
8463
3853
6
8940
6369
3003
4609
4475
5712
1606
2534
2424
5778
2159
4788
6044
8467
5465
845
529
6366
3155
2825
8483
8840
5630
8266
7081
8128
1159
1177
2960
3625
454
2270
421
6633
459
8066
10
7659
9680
5101
2358
9341
5766
3754
1734
1265
7409
1144
2512
1887
9308
8852
5697
278
6515
4320
4868
8476
7530
7967
1226
1368
4321
535
1660
7654
6039
8108
1099
9601
8230
4755
7621
8080
4675
5071
5299
2071
4029
876
6105
7034
6206
9736
803
9180
4267
4769
7688
6314
3376
5904
7449
4134
9654
1778
6626
9716
7584
3725
8471
220
3787
7104
2978
4305
1521
4957
9845
4030
6396
9620
4138
9741
866
796
7560
5763
5752
840
7176
7031
4271
6803
8527
4315
45
8625
6006
1321
2521
894
8171
1179
1206
256
3259
1521
2411
6130
4274
779
4252
3188
6946
2080
9540
8126
7819
3977
2827
6884
8185
5
1742
7805
3505
8247
9718
2574
6832
5698
3978
6315
6688
4973
4579
3903
5830
3128
634
8620
3001
8975
9482
6854
2692
6403
1075
9359
8563
8078
796
5879
2236
9161
5744
4376
618
4308
8987
5428
6937
9732
2563
4707
1073
6766
7472
7875
1466
8722
3051
8779
9622
2982
3262
7208
4537
8915
734
915
4565
7766
5739
7777
1335
4958
4118
3396
862
3444
858
6975
5412
2118
1207
3905
2310
3575
658
8307
393
303
9527
513
5008
3784
5997
6254
5796
6219
9128
1937
7308
8618
4287
411
5877
5008
9917
625
7866
2341
3253
4953
5734
9283
348
441
7184
9687
8818
2600
7218
3215
8794
8067
4736
9574
513
76
9644
1750
2584
2783
8817
4818
4386
654
737
6195
4696
4959
3832
8014
9154
310
4814
6686
6569
8641
2787
6006
8423
1870
5394
4245
8606
8553
8643
4000
3607
119
2552
5501
8393
7075
9548
2523
5133
1036
4103
9864
3770
1232
6634
4404
5654
3753
8693
8636
6187
1552
3719
6890
4247
3784
5221
7726
5569
9347
5960
7320
4707
8952
6939
5100
7398
6166
1745
4145
1093
9664
7829
1398
6258
2324
2329
9746
9290
8751
3179
4524
2643
1356
1981
7327
3222
4762
3296
5915
5309
9059
505
4801
4087
8575
9314
7660
7658
9804
6228
9526
1645
2437
9241
3360
5141
7003
6606
4570
242
7307
7031
9414
9542
8925
5118
9165
8113
9276
2443
1603
2342
2688
7212
7196
9767
2289
2119
6324
9801
2391
5797
5112
7584
3464
2646
7802
3486
3525
4805
8613
2931
1531
7053
8206
7026
5943
2073
4967
6601
5497
9709
5694
7261
5860
9960
5470
9988
7127
7576
3285
1634
5444
723
3382
7155
3395
1176
8926
5220
8854
4065
7923
6892
5733
4877
7363
6558
1121
4726
8377
3831
9428
2759
715
5619
2621
7098
7331
4696
521
6123
440
6752
2775
4907
1321
4021
3680
5121
6956
9266
9293
595
187
7999
8581
4830
4410
931
6023
9001
2028
7905
2041
1187
3420
1711
738
9677
5355
244
224
3088
7985
7840
2767
4202
6962
7231
9046
4854
7375
1046
5246
1105
8951
2905
9672
4852
3795
3111
8302
1483
4513
1211
8554
8307
1741
8828
8798
1965
4421
6108
8571
4774
7875
8677
9669
3201
2899
558
4770
9260
1403
1394
5012
3548
7522
3949
5408
7431
1689
2578
7338
9467
3530
3806
4260
742
3926
8737
3234
3963
4651
710
5694
8677
9795
637
4362
271
820
6838
874
6218
2767
1792
8052
3548
6855
555
677
8228
1412
9404
9205
8956
712
4202
3215
8847
5427
4270
348
1921
3166
9154
8939
4949
7443
3948
5655
8843
8973
2836
678
3174
5015
1549
8267
4
6200
5617
8863
5144
5454
1961
2965
6199
588
7608
1701
9791
4400
1541
9047
6110
6851
222
282
5007
5552
5115
5965
9132
5058
7027
4130
3341
3783
312
7282
3760
7282
1538
4112
8640
4101
9307
4876
4519
5637
9614
8378
5987
2096
1748
8351
3111
2436
560
330
1721
1509
9947
4852
8586
1205
508
4511
2754
9107
9489
1549
8692
1537
577
266
3808
2841
8529
1144
139
5659
6979
4793
7710
5774
3136
4386
650
9377
560
2114
7021
4154
1667
7998
5636
2017
1948
2163
6656
6890
6404
5464
7110
3245
7046
6886
478
4118
7666
6076
6549
3122
5464
9975
6488
5457
8663
7108
8017
6088
8154
6619
6442
5410
7772
4421
8434
6933
9875
6172
3926
4263
1850
3517
7068
8257
1944
2912
1271
4628
2176
5742
8597
1499
4784
6875
7467
7273
8704
5204
8077
5100
2890
1125
283
977
9574
1162
7942
4964
6292
9598
3085
1219
649
9512
375
9101
249
2675
5219
8689
6959
2051
2968
9534
1041
4860
2970
800
1610
2641
8147
2179
1195
7383
8793
7652
2908
4488
1437
9710
1430
5229
3848
9513
7159
1983
4650
4730
3753
7520
9055
5085
2218
7597
1778
2964
4509
4443
802
1839
8019
5830
179
8883
6998
7662
777
9020
4955
2099
1113
3227
4358
583
2976
8815
7857
3216
4987
607
5598
9906
9298
2329
4823
8734
2247
5078
1124
42
2234
3257
2692
3511
4763
4779
9395
9039
4897
9423
9243
9369
9863
142
6095
6739
6079
4835
7092
6392
7872
9066
5566
8148
6689
1826
2511
5405
5833
3160
6884
5071
3759
2046
5485
6729
4292
9848
9486
9831
8355
9210
5702
8768
6502
6912
6766
6934
8142
495
9944
9271
6264
4174
4643
7905
7963
1617
7536
4847
5371
6908
5412
497
4068
993
975
8158
2797
5150
4450
5708
8674
1573
8074
8719
4629
7906
7420
3360
8773
9672
7319
4217
5862
9654
7715
1182
641
6921
8349
5867
2234
763
5204
2765
5901
7173
4771
7577
5435
6437
7903
6644
5419
5834
7983
8564
1123
4634
1935
454
6111
3433
6576
147
9794
9071
7860
3469
1309
8266
3677
5911
9743
6033
9
8183
1627
7011
9618
8826
9379
9241
9237
589
8580
4322
3455
5311
4891
2734
7067
7134
2003
1016
798
4997
8934
4509
6479
3110
3392
4355
6088
8317
7655
2307
5468
8904
85
4131
1698
5502
6124
3957
262
1046
4889
3140
1222
5805
8006
5012
3067
232
4211
6409
1241
9990
8684
622
6201
9325
9082
6323
7744
7713
928
6373
6583
1981
5411
8720
2972
4365
7429
5324
3579
6694
5402
9962
1070
938
1241
2079
1091
4505
7971
6455
3089
3857
1009
6145
4760
2270
523
5360
221
3651
9614
398
4627
4887
5582
1961
2095
1811
7224
6837
2937
143
9079
2444
4566
441
350
8998
7515
836
2340
7042
5876
4607
5763
5594
2342
6461
6524
8140
8365
7342
2359
5082
6992
169
2032
7291
8773
5283
3245
7206
9571
4217
7161
44
1745
5567
7288
2772
3732
1419
7044
9414
7293
1018
2919
6583
5381
1387
8881
9301
2162
5072
8659
3007
4334
5783
9035
42
3791
4174
6144
5272
6636
2121
9810
9921
6719
3317
7078
1912
7545
8466
2355
4502
3518
8827
4456
8482
646
2072
5726
7321
330
7816
1785
6589
5822
7697
9000
4439
5360
899
7424
367
1409
9959
897
3895
7096
4295
1655
5941
8415
5987
7356
1478
6992
9285
8078
7123
7044
2596
1299
1182
8761
6341
4572
9092
7325
5144
5066
5781
6952
896
3660
9917
8564
1392
4388
9359
5621
1064
1840
3895
5495
6946
5591
4175
4409
1765
513
9087
3644
7857
7247
3030
1250
8489
3354
149
7841
6153
6946
8166
1926
8017
1492
6919
7071
9557
6844
934
6061
3803
7911
3588
5248
9213
2312
151
2060
7764
2761
5618
5260
4133
1241
5251
2673
7734
3082
588
843
5428
449
8174
3208
3338
8129
3921
1092
821
1011
2905
4676
295
7536
1749
3156
6501
2181
1456
5176
2331
5772
9294
5643
9489
870
3188
112
454
1486
2756
1525
9335
7182
2864
7408
2941
1597
5540
3629
1286
134
4178
7873
235
6860
4564
7018
7
7392
323
9599
4836
5925
566
1894
9099
5492
3957
8290
1200
7222
7148
6636
3322
9301
605
2471
9666
1050
9290
7351
3347
5284
2475
3630
1183
3889
3223
4740
6181
5094
623
3692
8380
1122
5032
7589
2974
1949
9176
1075
9163
5515
3616
8791
278
3099
5796
3332
1978
2023
7567
6930
6721
6998
3168
756
2985
7626
8163
1912
2559
2643
3859
9877
8391
8838
860
750
5068
8912
4541
7646
756
6812
4490
4671
6150
22
506
975
5557
5773
4284
8948
5153
3660
6706
185
77
5380
6681
5470
9480
5602
3635
3496
3556
5940
8713
8369
9958
5312
5971
4445
2252
629
6379
3440
6376
3383
3748
6466
9636
2204
1950
6600
4766
9807
5114
506
3001
8222
2599
9610
4829
8455
3247
790
9674
611
6831
6307
9355
6139
9483
9013
5540
8568
1400
4838
6129
630
6846
1735
1067
5910
5971
6498
7155
7068
1455
825
8259
2758
7428
8399
5634
9156
4596
3269
1756
5662
9086
4756
1207
7925
2631
7246
8193
7241
6658
2215
2685
6488
823
9340
2302
846
3498
1847
934
1932
6628
7089
379
6462
5884
3266
1511
7945
850
7156
1637
6803
3421
2663
2397
9317
4879
7781
4929
2307
372
4829
4001
2573
2083
2492
9400
7494
6454
2645
8646
9244
2169
4654
6728
1225
8074
9382
6489
4301
1468
7635
7937
8844
1173
1037
1687
3723
2044
792
8188
5724
2348
4835
7543
2474
7643
9583
6003
5268
9756
4769
4404
7530
7259
2018
8450
6297
3798
6739
9714
5813
6181
2553
7108
7077
6501
6070
8212
9379
5952
5504
6782
8800
2496
5602
8202
7556
6624
7893
7348
96
1969
4169
9748
8433
4271
6539
3738
1725
7204
2925
4537
8943
7580
1104
6096
9404
8612
3122
6963
6265
5935
685
2107
7881
7612
6632
471
8637
7981
5591
4123
2761
2315
4156
3910
428
8787
2798
8523
9475
8839
2487
6681
2215
8004
2518
5041
1533
3413
471
9390
158
9212
93
6663
4222
7954
1125
9376
6707
6214
5989
3192
7237
4990
3099
3873
8453
4227
5396
792
4863
8987
3754
407
5093
9790
8549
1993
49
5848
5788
6610
7896
4743
3565
6418
8787
7904
3186
2243
2732
6220
222
7067
1259
1210
5816
5605
2689
6993
4844
7453
1195
8026
3749
7732
3723
5914
8628
1885
9846
1075
3686
1126
2230
5735
3724
1779
1597
6881
917
9065
6269
8394
2408
8412
7235
8907
1258
4159
2934
3573
1330
5060
9460
1957
3225
9586
6193
8680
8616
773
5690
7648
1905
8896
3173
2369
9029
6221
4916
4452
6211
4499
5691
2538
2016
3802
7524
7624
3131
9325
377
5777
7844
1352
1149
4317
914
3477
3192
8275
2986
8737
7002
1109
2099
1399
7289
4059
6702
6884
7955
2433
3129
4332
4153
7990
3049
7663
266
2548
3081
91
2791
489
2071
9236
2340
5503
4361
5418
6581
9671
1797
4060
1349
9202
4459
6233
8838
9671
549
6231
4128
2387
3751
8013
698
5300
3944
9512
3281
5586
7279
1744
2471
1684
9524
8449
5101
9258
2523
7885
581
7568
97
5738
9017
2479
8063
194
8416
8340
832
4389
4171
7941
3946
3712
760
6106
5657
1312
5834
8919
8523
8132
5348
6203
5521
1845
7827
9103
7265
3320
228
1817
5890
957
5738
406
6394
4917
7878
4611
5302
3549
1253
5465
9082
2300
1623
3789
2708
9140
7885
9410
47
3106
7874
2430
3373
6769
4104
1768
7805
5833
7920
5051
2828
2449
9455
1585
4540
750
8053
450
5566
1483
85
3607
5847
3476
195
4562
2114
6835
7373
8701
7631
3736
5504
8633
6845
5567
3598
3369
7658
6754
9003
5393
3822
4428
3597
4405
8901
6534
7357
4999
250
1864
4854
1166
6993
7065
6021
3290
1851
9186
2057
4222
9066
198
490
1437
6477
3432
9408
2753
3133
6952
5420
4572
9631
8342
4616
5904
165
8790
7991
624
9489
2809
3832
9646
8715
4162
6873
9433
7824
2788
3939
8226
6788
5422
9046
3119
2482
2442
6572
2864
5980
2474
905
2560
7087
5668
1479
2878
5773
4082
1182
80
4188
6164
3923
9772
1485
8593
7886
2527
3395
382
325
7824
2369
7898
7231
7436
7187
7364
2814
5313
7231
1729
1488
6452
8264
6467
9230
1825
9049
2664
2780
7798
2990
9182
2319
9500
8754
1853
7511
2375
8443
487
9656
5866
2242
975
6572
2709
8364
3809
5466
7347
6075
5632
4988
2396
4516
5565
6057
60
8351
5913
1946
5212
3695
8725
2781
1528
6154
9475
1905
4804
2524
7768
7482
4692
1775
8319
4880
2925
423
1466
877
8792
3058
4749
7284
724
1252
3771
5394
7175
9213
4319
5502
7412
271
4286
8054
9970
5209
1877
4703
2548
7145
1787
4665
551
2574
1580
2647
6151
691
613
7080
1226
2539
2440
6649
8665
4012
8414
1007
3066
5128
265
675
2367
9457
5140
9172
9148
5007
6676
9972
7873
7139
2305
8698
2481
9299
222
6908
18
7176
7899
2945
9711
5169
7688
597
189
1004
7477
5438
9154
1628
5937
8619
8608
109
2534
9887
8311
4280
4419
7160
7757
1963
6119
7822
240
9381
4559
6100
5948
3803
188
3343
2397
184
2763
5573
1207
1247
6408
4256
5643
3193
7125
2417
9226
5843
3262
7831
4204
6889
1540
6192
1551
4092
2708
8669
3696
5336
510
6168
3726
822
1919
2660
2131
9972
8422
1671
8403
5283
9522
9316
160
8998
865
791
2099
1007
5468
6014
2369
7438
6260
1985
5248
4989
4583
1190
4747
1924
1250
3316
4258
9210
1157
1850
6736
7751
1125
5605
8960
5105
2227
4817
5672
4000
9909
2197
7496
8531
7219
4282
8446
9713
8300
9858
4892
1644
9107
9386
4282
8148
4120
3194
5371
2816
4763
8164
5537
8930
2217
2928
6540
4266
8332
8839
8719
5432
8785
5973
7853
1225
508
5617
2599
1715
2221
828
9791
7280
5450
2396
5509
7278
1150
9669
8738
6407
3210
7958
3206
7906
2796
1326
6258
2774
6073
3948
7144
9950
806
8872
5602
560
3078
2994
4656
1361
1636
4769
1266
9569
2546
4506
6426
7544
4915
9942
5959
5405
7777
603
7596
7649
9605
9250
2314
6015
6317
8659
4702
7460
8604
3394
6428
2774
6929
5851
6429
6997
1273
984
6031
6208
5887
2446
6929
9702
1358
3882
5867
4288
5055
1243
1431
535
2553
118
671
5457
1049
9446
1814
1734
7396
1424
9538
9327
2632
9783
4264
6066
5587
4081
3516
8264
8375
9933
620
7052
7752
5009
1807
1209
5891
5967
2341
7815
1077
8247
8011
6591
7986
3043
3900
4610
8524
1336
1647
333
3805
721
8368
8789
29
6094
8429
9706
7615
1331
1391
6740
4142
2501
5734
3570
5521
5534
6872
9498
9605
7526
302
8844
670
1997
9552
6057
5502
6442
2130
3644
122
8198
1346
1204
7459
4831
3489
9528
3479
5980
5743
8074
6336
6384
9727
71
876
1057
4438
5991
6003
3753
3971
6786
8395
8216
5608
8122
8282
3716
4670
3242
5892
145
2839
4877
2174
1335
8860
8496
8240
1822
5277
4661
6817
6602
6990
8181
5530
1837
197
7441
7839
4139
8567
6257
2260
9549
1259
146
1441
7835
981
5544
6209
7545
6122
8458
6928
9830
2545
1897
6735
3251
3095
5737
7863
1687
943
4266
5558
9731
4319
7605
6116
7975
740
5047
2587
3444
5601
1911
2330
7797
7813
6273
3918
1242
8440
6738
3710
9739
7384
746
5949
7466
1626
7479
9622
5133
5598
9426
6264
6075
9265
2149
4460
7247
9411
5536
4615
7721
7518
6509
2379
3131
1291
1129
5130
3087
3180
4758
6055
4706
2423
3943
1322
2900
4861
3447
7520
2488
6612
9277
8357
9815
170
3809
4333
3649
2929
6742
8527
2864
2713
3729
3590
7057
8182
2675
3687
4209
8465
6025
713
5422
583
5438
8776
4080
8503
4970
4814
5240
6077
3481
2357
6189
1077
43
148
7463
6824
8178
6509
4380
5975
1247
3099
5018
2063
7792
728
9495
437
6626
1033
868
3264
7986
3040
2054
1673
8270
9355
4915
4852
816
5769
6161
1711
8111
9146
876
8924
3316
659
829
258
3186
1580
9406
2150
2292
9037
611
9618
6770
1467
8001
365
5423
9277
3720
5399
1659
7194
6619
122
1799
4287
695
9155
1659
2705
1324
7487
6899
2997
4049
9612
9214
4022
805
9703
5253
1800
4346
9308
2390
1287
3788
6519
3397
1462
7800
8243
4826
9349
3105
8493
2890
9646
5392
6252
9031
4167
7787
1121
4795
2044
3885
4796
7576
6631
397
281
1486
4794
5306
5277
922
7042
5146
2570
7595
9587
8535
8987
4269
185
9339
9197
8384
4757
2311
8818
6093
6310
5680
6973
9363
9760
9790
733
74
8933
3063
4293
6467
8753
2885
3648
6298
6230
8843
6406
4085
6419
6529
2536
5521
3733
1920
9131
9842
3772
156
3255
3478
6242
484
4844
5103
3455
4322
9217
3146
5530
1391
5574
9745
6137
5560
4833
2410
9877
137
9361
362
4217
7315
6204
265
5751
5229
2241
7211
5901
9120
7882
495
1095
4708
7950
3859
7336
941
7657
4262
9255
6337
5394
1579
5190
553
5884
7898
7899
724
4506
8570
5441
1429
1007
1410
4435
6484
6696
7157
3655
3464
9994
265
8542
3864
5498
9497
6548
7096
4806
7989
6731
7666
5781
7221
7641
9072
3656
8414
6406
8367
1550
5205
893
9743
8758
219
2209
784
7281
8323
7609
1710
542
5723
8070
623
4096
304
9295
6121
9235
4150
1301
5626
5135
2011
9966
7405
5525
1320
1154
9348
3857
2765
533
6066
3700
3414
6447
4957
9815
4397
6711
9091
8342
4389
2477
4249
4037
8389
2073
4987
4561
1655
183
1736
7266
8124
5258
9073
4992
2445
4406
9549
1715
8127
6571
1970
5801
5428
7999
6480
6433
7762
2226
128
1820
7330
3514
7517
9260
831
7869
6819
4619
2712
9591
4106
6649
1029
5546
9571
9929
6489
4671
6456
7535
5456
1314
353
1412
3012
1397
9695
9352
8806
7072
5351
69
5885
883
9915
876
2874
5156
1142
263
2631
5893
4699
8847
5602
763
3067
9505
8233
2757
7570
2732
6201
1225
1758
6027
6738
5388
2841
2499
1293
9052
3024
1299
757
5921
8458
8569
1996
1345
3122
6778
5849
9454
932
1799
3185
7233
1786
2178
9118
7683
3910
4273
3399
3405
2442
3507
4759
5703
3428
4098
3317
3746
9061
3301
9075
7335
3478
6731
8046
7059
3115
3501
8998
9787
286
3389
1316
9453
8456
72
1707
597
4495
782
7197
9424
1031
1806
9043
1266
9678
9699
7963
8097
5071
6207
671
9170
5221
7873
2078
9009
8893
6566
7106
8973
5197
2555
7691
3542
4216
4749
952
5708
1138
1381
4824
8203
2615
1985
803
4813
4263
983
7825
8794
8736
2810
5650
8993
3326
9401
1124
2740
8979
4946
4593
6146
6891
3736
2849
7094
392
3668
542
4390
4427
2426
2164
6763
4738
2057
3398
9039
3953
9497
5991
8793
9117
1426
1471
7977
6271
1737
3220
2221
5413
4895
819
9454
9815
4577
2146
9470
3991
5333
4847
5513
4187
3743
9674
2204
4364
1201
4878
2769
2051
500
9929
1776
6521
9015
5999
7276
6815
559
8623
7143
9529
4634
9996
7028
2116
4835
8750
9788
6106
6171
7423
3570
5182
5115
3911
7940
1360
5283
7587
153
2945
7144
7712
7685
662
5391
6184
2241
9243
2067
1149
8343
1057
4666
7467
1384
2432
7608
2486
6558
9748
6545
1026
8390
3505
8929
2132
4061
5465
561
6426
4220
8726
9692
5810
2460
1353
6405
1969
885
5901
4199
73
1285
4070
9462
3135
4707
1267
1621
1747
9866
5942
419
7578
1530
4544
7227
2280
6325
1232
7232
5868
7909
2612
2256
1125
1730
6648
1109
8371
4386
8445
2267
6427
8193
107
9231
1135
4784
4970
9223
1198
8440
5784
6817
7100
7269
8011
3315
2101
8940
6156
750
6568
3730
4394
6436
7497
7447
5419
8309
350
7358
5173
30
7276
1121
9449
7932
2488
7295
9594
6001
101
5228
7357
5793
2434
399
1943
1949
5026
1484
6155
175
3210
2145
820
4801
7895
3699
5348
3869
9037
7864
4220
8999
659
6991
1244
7738
6129
3420
5152
5053
3499
2827
9336
1942
8667
6015
6557
6201
3977
6224
7122
5646
4759
733
1254
5619
7475
8250
1271
9939
5511
514
3031
8054
1134
1600
7493
5781
7464
2268
6432
1375
8959
1261
5863
4153
4143
6743
2679
9225
4495
3266
4752
8600
7816
1401
4237
2373
5971
3651
8804
5738
5910
8723
9050
7141
1046
1108
987
3046
3324
1056
2386
4206
9424
2618
8129
5589
5915
7167
5602
5920
8150
7004
212
4226
6250
8581
143
1226
573
6851
4111
6895
2478
910
4524
694
2550
3769
3126
771
1955
3873
2341
1591
7012
2906
6652
9755
1828
4095
6743
8480
3615
5596
5483
5634
9069
1177
3370
2278
4282
8268
1280
8050
8328
7124
7281
7636
1690
1949
2084
3102
1902
8465
7657
2345
409
2592
8364
1208
7739
9395
8725
4436
8136
4538
9895
2601
6434
4843
7377
6512
5545
1180
9467
5308
9946
2082
1440
736
2436
5524
6698
7819
5390
1720
8642
8454
2961
8281
9463
3
4187
4142
332
7806
1021
4651
9920
4384
3367
5321
6214
2414
1640
5789
7492
6419
5041
4249
263
8252
9048
6173
4651
4483
1563
9042
2768
5725
8183
5870
2381
3832
587
142
8005
5682
2542
6798
2209
1417
8415
7331
3430
9458
6518
5382
3332
8400
9194
6019
1230
8516
2543
560
2979
4223
94
6563
8062
4486
9670
8921
7370
4879
4817
7881
2854
3392
2774
3578
2192
582
3814
4130
6096
5396
8898
6525
7350
5142
9874
8292
6540
5968
5973
4073
9426
6636
9045
3562
1856
1407
9495
5207
1722
2457
5074
3873
788
3363
301
4023
7343
7232
5974
677
4430
1479
7630
2995
1686
3444
499
6064
7865
5826
7961
1188
4297
6346
5345
4675
5133
7444
8285
2983
4764
340
4290
3361
8374
141
5165
7014
845
5154
8619
3353
9510
1111
684
7439
3784
3188
8281
1165
381
3785
1623
4264
2467
7463
3889
4097
3564
5280
2336
2853
2023
4410
7221
258
7833
1373
6722
3127
9130
226
8733
7454
2570
5294
9418
5328
1347
3184
6456
6284
8579
2401
5317
8217
4188
3894
9670
6254
3243
9606
6098
823
1939
282
6780
9350
4745
4428
298
813
9408
3616
7865
8356
7690
6101
8559
1229
189
858
1728
6221
4975
2577
3804
2245
5952
8897
1699
5819
1653
1480
1247
229
8007
5241
7610
6409
5691
9972
9432
6356
3467
8868
1701
9141
7501
6062
6874
3807
6085
9178
9120
8000
8349
7161
9660
2328
1708
4538
3737
1895
6219
6492
2342
6826
9316
9637
2658
6523
8470
8991
4558
5084
6859
8645
2720
5661
1025
9963
6993
3651
3943
9858
7923
2613
8932
5851
4325
9316
4237
9539
457
2061
2568
8444
1905
1653
8532
4941
5942
9562
2444
9340
4289
5072
3921
2421
4889
8487
8485
8612
8949
7436
5070
3022
9680
767
3268
7572
9646
1734
5160
2055
4690
90
6428
3837
2638
1380
7035
2150
3522
2605
4994
5267
7415
5058
8232
8428
320
9217
5683
1709
8405
463
769
7495
6124
4354
4343
8412
8319
8855
3828
9185
7619
3434
3840
9433
9211
3886
6945
3905
8831
7406
511
3360
9868
7399
6401
7269
331
1098
895
6037
7810
3029
133
4975
3673
5019
5261
884
5110
433
1379
912
5353
4550
797
8274
7668
2825
7956
1581
9075
9666
7612
2195
578
3047
4652
5782
1997
9542
7978
7860
9676
2030
9100
4988
4328
3594
6929
2608
667
4182
2548
7706
9856
8513
4647
945
3399
2808
6376
3286
7840
5279
9235
396
8355
4820
94
742
4167
7157
3534
9565
9766
4832
8160
5767
9268
2554
4885
6216
1825
1677
4793
7403
8361
7756
7797
8567
4680
8231
8058
17
6709
3495
8367
2984
4039
4750
8605
6374
3951
221
2366
628
1471
901
1471
726
8902
8694
8470
7931
3438
1110
4397
8296
8114
8332
9460
352
8328
7427
3471
7877
2564
981
8038
9687
4972
7854
5945
6432
4423
8683
9992
3617
9526
6902
4280
712
8826
6215
7510
8202
4758
9058
8618
4069
341
6721
4225
9336
8165
9637
6762
8426
5310
2004
6758
9178
3152
6823
6546
1523
1930
5973
5161
1350
8736
9958
1163
8245
7281
2908
5496
9268
5227
7080
3522
4553
7274
4679
8755
8511
5456
4374
8319
429
347
3825
1407
6868
8776
7205
7779
9492
501
6382
3186
3509
1657
3794
1782
161
7856
1363
5282
7590
5182
7871
2559
1913
9333
5102
4516
9771
2428
2500
6332
6948
8923
4806
849
5548
2009
7337
7433
8827
2781
7975
1326
7697
2640
9508
296
4627
7339
3023
7138
7021
15
4096
7818
4381
6720
7291
4234
1933
2051
9100
4035
6411
5960
5222
9240
5752
3755
7051
7175
6130
709
8778
9517
7022
9975
2906
449
9637
6086
1598
3329
891
3613
7656
3280
452
929
4902
5874
9604
3530
7015
4629
1884
4544
2125
649
4458
6056
2284
6132
4718
7894
5045
5208
8885
6594
5687
6362
9279
6719
1856
5638
9012
9517
9984
6035
5451
9412
5409
7601
1723
7687
2626
8752
4096
9099
6165
2844
5325
8268
3060
5314
1061
1108
5548
5341
2729
6583
8388
3150
5342
9586
336
197
9111
1189
6777
5906
4694
8020
7685
5068
1332
719
4980
7803
6157
1889
5860
779
8750
8627
3686
7682
8833
7838
6374
3820
5601
5064
2546
9918
9167
7999
2756
228
7835
333
4089
6237
4960
4367
2269
3245
597
9432
7332
5743
3154
8673
5928
6902
9447
6823
1032
228
5860
2058
3390
6742
1001
613
3846
7194
3916
2130
8241
7413
130
421
5451
8942
2925
8738
4232
495
5450
2716
8005
8539
3252
6330
8655
2333
2188
7228
9636
4568
2382
1789
8339
7947
4954
2303
8403
8592
6007
8321
313
3318
1460
4710
7982
8337
2963
3718
1773
2210
952
1877
4530
8034
7685
4510
3553
2662
6272
8014
5082
3183
5503
1105
5811
4215
8227
5755
5738
4511
4620
3028
7201
5144
7441
4675
6105
8976
9810
9415
8561
7358
4933
9995
2453
8393
2185
1650
1875
5038
8343
812
7284
1010
1867
3777
8637
4557
8517
8968
9175
3594
9668
9936
6099
8250
8777
9059
1308
5281
8339
8453
6145
8603
9164
3975
7273
9514
9768
2508
1314
504
218
3112
8242
9729
3612
8634
3568
5811
1755
2636
2072
754
3853
9997
8361
7799
456
9366
3005
4646
1643
5012
8262
8722
6603
6430
8567
2779
3719
2126
2882
589
7783
988
1923
2557
302
3318
939
5668
4402
2444
5609
4939
858
5926
8131
6905
8148
5958
2045
3070
8045
8050
1164
350
2324
3844
2150
2237
7902
8276
7596
2585
9559
1739
1000
7305
1723
5163
2187
65
6491
8321
7456
5678
3410
5947
3861
3532
8637
4582
9737
9558
3162
823
6928
6686
913
2548
1823
4847
1933
41
1173
6674
634
4642
3
2166
340
4376
4581
5307
8816
5454
3043
8954
3595
8670
9474
1697
3975
1949
844
7322
437
4313
2479
6669
8960
1923
3458
9624
5533
6055
9814
4867
9663
3743
1615
8149
904
5744
360
5882
7715
8691
6256
7506
5304
8506
5717
1520
5648
1132
2258
6303
1756
1985
8494
665
4319
6240
6794
5570
339
8959
5577
9243
6415
2400
4816
5216
5012
3125
7891
7189
4340
416
2048
4704
8943
6862
2427
5879
1948
3248
2773
3265
4794
2631
8402
535
7268
4138
4709
1256
9216
5694
7092
1106
2846
3067
8818
4818
6082
1299
5673
1766
9568
1149
3683
9342
9085
8961
275
8180
877
7757
5572
2160
4343
4855
8410
2565
4426
4779
5683
2279
5013
2549
2597
3099
9987
8717
2359
4319
389
4029
7457
2392
9114
358
9445
2744
5412
3731
5821
2043
6056
4896
8004
4894
158
635
8138
8380
2785
7355
1699
8681
9568
4224
7091
1932
8045
5765
5397
9017
4399
9784
4769
2102
6290
4717
9686
3910
2830
8077
2285
7538
6844
3800
2852
2493
3487
2471
8968
7328
24
8666
3768
870
6984
9374
5274
6327
7247
5382
7234
2073
9636
2592
2502
9445
7589
5330
4642
3542
1004
7639
5222
7806
4024
856
9654
3946
7929
6113
5747
5850
8192
9135
4883
7004
7171
5866
3404
7538
5866
1279
2424
8532
583
8819
3494
3640
1122
6947
1822
3685
808
5786
7132
2696
7913
2972
9773
883
7462
4786
896
9903
2117
8366
8343
4813
6493
3896
7934
7384
5791
3955
1345
6049
2271
2796
7092
2459
8357
1079
3277
4732
3992
6288
9955
1411
5589
399
7759
2210
9566
5573
7354
7687
5802
9141
7164
2122
9311
3130
9422
6767
944
9276
4241
8936
3667
6765
3087
2647
976
6697
649
1116
2215
2764
9177
7483
1512
6693
6961
7578
4093
8065
9134
9562
5640
1217
9801
3251
2598
7674
6782
1659
2744
6386
94
7300
8178
7021
6519
8058
2910
3883
4077
6465
180
5802
7844
6553
8292
2876
9611
2758
2322
9306
6127
7906
2241
6852
5051
4066
1881
7959
3106
2060
483
7174
7971
3336
9494
3406
4374
5365
4242
5550
753
7159
8576
3879
3334
4301
9033
9368
1869
7382
3503
9982
2501
5343
8496
2552
3568
1801
8719
4887
1906
5909
4771
9831
339
3841
5759
496
4167
1944
5225
7339
8373
4335
9455
4185
9602
8536
1041
7962
6312
2132
9332
1461
4118
1153
1865
7497
863
8682
6447
3142
6720
6585
8191
2716
6817
1623
8828
7403
1269
8823
1695
389
3379
4585
9626
2989
120
2138
4668
871
7277
8619
4342
1938
7219
4305
3851
8020
6678
5197
9355
9573
5257
583
8929
7964
4100
688
9081
424
3328
4494
9710
5156
8724
2971
6841
7884
379
5375
3825
9514
1439
4347
8700
6343
779
6321
2195
7067
1375
6539
3522
7815
8089
36
2578
4048
4849
863
7474
992
9154
1086
7971
8275
6315
6121
5391
8715
6476
3013
8127
2307
1930
3787
7758
4626
8822
