131072
1560
873
8978
2059
5783
7593
8853
3144
6272
2712
3121
9317
7457
3370
7893
4141
8153
1429
9131
9503
5634
9864
5361
1738
7102
9903
2344
3641
6218
5631
5308
8270
1605
9671
8221
6871
453
8147
4639
1599
102
8519
4721
4451
604
1220
6431
9457
8836
641
8913
1385
5675
2252
1073
7894
6149
8526
5566
3232
1722
2468
8580
7949
7634
877
7467
194
8627
8796
6891
9024
2530
4693
7372
174
9110
3945
5650
2944
2887
7598
8229
2089
112
878
1849
4026
9168
5825
2914
613
7422
2925
3516
6337
8892
7897
5397
3043
5765
2790
8267
1004
6543
8117
6865
9820
190
1809
2779
7621
829
8614
5413
4048
6890
4513
8919
389
2056
4129
387
6756
4092
7560
6902
7149
4538
1665
4452
4610
9885
4647
7691
8595
8943
1171
3405
3170
5956
8085
233
6095
9979
1505
9049
9122
6150
7884
569
6238
6844
5078
6492
297
8999
5080
881
2840
3772
509
1544
4907
9978
9339
1117
346
3914
2891
8790
6189
1375
2298
7350
1530
9349
4456
2996
4187
2984
6946
1406
3350
8146
4668
1322
7273
5141
8068
908
56
8078
2314
2736
4357
6479
1252
4099
1749
6632
918
8631
2186
5157
9050
7407
1863
5138
3072
3128
3264
8096
2267
7493
9618
5125
677
1578
8873
7572
5070
3112
1496
3113
9462
8023
7299
8816
362
3326
2753
6335
9201
7658
8479
5879
1933
351
5916
4247
2832
7563
1015
8702
7861
8711
754
1313
882
9517
5572
39
8233
5480
3306
6370
7390
4042
2152
2170
9270
1454
9888
7217
4004
6529
3512
3963
8569
9158
6655
6943
497
5795
5109
2982
2961
6850
7629
7068
9806
5300
76
4931
2602
4272
3190
2609
8427
4946
6977
2815
8156
1785
6134
3732
1958
6002
7072
4480
8706
2226
6728
718
3796
6711
7610
1089
9643
6757
4757
2008
464
4213
9770
2349
6388
757
4543
6119
2072
4712
5900
7466
7914
1034
8681
6693
7988
1518
1468
1711
6744
571
5624
6194
8378
9687
548
6389
9174
549
5526
8482
5514
1515
7387
1585
1281
2176
8324
4742
9340
4498
5837
7918
6134
2699
9339
3954
2113
2485
5678
2779
5643
4091
5280
8246
1441
3804
188
1653
3556
2870
4036
6101
6729
8706
8139
864
425
5146
3993
7642
9767
3034
1636
3053
7966
2571
3819
5787
2259
4819
4615
8940
2070
9649
4891
8702
3653
6278
860
9703
8960
3392
2262
4597
5286
7831
7489
1216
7182
4132
941
1236
6184
5328
4811
5701
1286
629
5563
576
3574
3690
5900
8708
700
7900
9929
4
6837
9850
3659
173
5938
4659
4880
2578
8683
6826
6031
2296
7976
7845
6426
3748
817
9257
4979
6420
8948
54
1918
2238
516
5881
9484
609
109
4256
5541
9049
2892
9828
2393
949
8198
4475
5335
688
2028
5356
7399
8618
3060
9550
5810
8002
9362
37
1766
1891
4308
9589
9223
7521
183
7878
3284
2073
9812
6390
9621
557
6356
5619
6779
1979
8850
191
8280
5815
1606
5669
8732
9730
3176
5982
3198
9498
1583
682
5628
4159
2457
3487
1998
5926
1479
6792
5078
4676
4702
7050
9388
99
6346
8335
5566
3003
8905
4438
7258
5113
7846
6838
8297
882
299
1268
3519
1266
5151
5710
4949
7799
6922
4895
239
2243
1810
4167
7238
8828
3546
8785
8068
9445
7780
7259
4565
9166
7912
2048
7110
294
9677
7224
7090
9693
7060
9156
8356
5326
4691
2769
1310
3906
6674
6515
4734
6668
1478
5829
7955
378
3480
9803
1309
7915
5240
4194
1778
8829
3084
9797
8088
206
8387
3045
410
3260
7625
3287
9148
7166
5104
1367
9981
7481
6439
7511
8260
3188
1526
8512
9622
4353
6676
4388
5806
4842
9655
9544
4899
4077
5473
4038
4055
3411
1743
1526
9123
3
4872
685
6160
7099
3629
1376
5232
4244
2788
1654
7439
3532
7243
9313
5253
6906
8139
1610
6026
7711
4322
255
1648
2113
6860
2754
7879
9794
4505
3030
3672
4645
5291
1946
4700
7131
7148
2622
754
9317
201
7773
2214
844
2481
8286
5262
5764
8156
4861
6363
5880
6506
3739
6686
1476
9185
2139
2579
3711
8117
2784
4231
504
1786
5725
7641
5432
457
4445
5257
6793
9510
8836
723
5900
9028
1856
4345
5295
9981
7411
2688
4382
902
9741
6083
3989
2446
2149
1341
7847
8395
543
7325
7615
3846
6165
5551
5986
7856
723
4905
3842
3540
3365
288
1046
7575
168
1407
9693
6652
7419
1623
2585
1080
8758
9507
4800
5786
2290
3054
5220
7841
6056
1358
1271
1980
8953
4129
6563
2249
1710
3579
717
8044
6338
7793
38
6679
606
8393
2641
1221
4908
6369
9674
3153
7119
7118
5152
4093
9160
851
879
4166
4476
2864
9225
6048
6268
8279
1291
2016
8897
4354
829
4833
4545
1802
2046
152
2316
6976
4506
8451
8054
7243
8677
5303
3518
6326
1624
5689
7832
8990
9043
2999
9423
9290
531
7190
5410
6162
3076
6290
1622
1574
6613
326
7717
1622
7913
391
7697
8921
517
8035
9396
4488
2998
7638
8527
4452
1466
9582
3356
9991
6690
4269
578
1854
4739
6476
382
6148
9355
1291
1323
8607
1688
2070
6431
2453
4476
7153
6709
9473
4614
9137
797
3824
2991
4949
7212
9354
2058
6943
3509
5957
8799
3079
482
9286
3176
333
2558
3358
4500
4719
6638
8003
9748
2501
6395
3992
5990
7098
9263
9448
5600
7201
4694
8220
7850
2342
3205
1126
7112
2765
1181
6558
4789
8489
485
4662
8509
9814
7954
9311
1777
2320
8573
6133
291
9307
6731
5212
1682
3529
7303
2803
3671
6275
9622
21
8011
8901
916
8571
3533
9706
1628
4533
2351
8503
8979
8342
3692
4130
2797
9246
3985
8766
8041
9951
3227
2142
9929
5797
7100
6735
6263
6548
9957
8470
7743
1629
945
9989
37
4745
6362
8515
486
1911
4282
5732
49
6507
7732
7485
8151
3800
2426
885
8551
5507
169
9725
2879
8553
6993
4198
7651
3131
5268
9612
5072
575
1371
3812
1959
2272
6964
8102
2008
1437
3774
1010
2811
4500
9735
2255
3923
4642
9153
9424
9008
1178
2200
3167
3167
1590
2895
7163
5421
8417
9865
4731
460
2242
5649
5721
3615
8867
5668
8929
1379
8581
4482
1507
6591
1426
1687
8003
5741
9359
8261
8039
6088
7143
5677
1376
8020
6758
9572
1310
1564
8877
8870
4058
9332
2030
8190
6104
3549
1765
529
3955
8817
3785
3601
2734
1479
3237
4270
23
4037
3583
673
4451
501
4520
9406
3669
7752
5286
9196
2223
2311
9922
6695
2009
3967
569
2110
6489
4051
7725
4880
7644
8591
3228
7415
9000
1227
701
3670
4377
7760
4177
1163
6560
8776
4000
7026
7797
4037
8609
9917
874
3804
6316
4286
607
3210
269
4048
1658
1783
1974
963
7072
766
11
8500
5329
6564
4562
7684
9278
2348
1047
498
6728
5860
7778
4533
4795
2847
2068
2491
6197
8843
6567
75
475
6764
2541
9640
4100
3959
5225
872
4123
8476
3209
13
8878
3129
9904
981
2255
5582
7383
4700
7648
9976
1898
2997
8399
7265
344
7649
8321
9245
8222
2408
5130
7469
9327
4313
4615
3140
4893
7700
9615
6007
4761
4739
3500
7432
9091
7553
7849
3222
5074
5036
1049
7322
6814
4123
8124
8859
4858
1311
5217
7871
9451
8554
20
5672
2483
1706
6235
9343
1046
2235
6444
4054
1158
9167
4711
3631
8111
6950
2855
7453
3605
8829
629
801
501
3940
8532
5549
9957
2660
7510
1362
2760
5152
6143
7085
5706
1411
3569
196
5642
3686
8318
199
2279
1329
9066
480
6909
910
9074
560
2584
9497
9438
417
8052
4485
9154
6710
1056
6475
9895
1579
5767
5973
20
5630
9247
9697
4253
2447
9981
813
7202
5002
6847
3492
2770
3830
1798
288
6875
6137
4907
7408
4885
7195
2275
1760
710
3438
9339
3467
1820
9072
8913
9374
1481
5711
9130
3782
3497
5043
3115
1445
8698
7510
5505
4255
3328
2120
7343
6156
8433
8807
2159
2220
1841
2519
1560
7463
3504
718
5381
2923
5148
1143
2480
8279
7512
7632
1706
9875
8619
5113
9807
4799
5821
9775
6245
8675
2279
1023
6770
2600
6569
9409
8758
8746
5762
6458
1579
4233
9337
4145
2224
1511
5810
5931
216
6429
3912
4521
2816
211
3906
489
7783
357
9846
2325
8758
1613
3118
3905
4975
1182
8995
2130
2122
2923
5184
5252
4458
7001
1553
4119
8298
7547
2727
8852
2513
6900
6595
3
1392
3403
6886
6698
59
1936
8759
6240
7498
8770
6440
9179
2160
2371
7948
1234
7129
9538
209
448
587
7802
211
7457
451
6750
9144
5964
2882
8301
3397
9415
7783
1966
7027
1982
9258
1453
7299
5692
5311
3146
8176
8090
8729
7834
4950
2184
2711
3558
2716
7163
550
2927
3333
3748
48
5122
4672
3062
6870
1599
1274
2521
7268
8893
237
5383
6220
1930
3020
8023
8723
8870
8602
4257
1481
3996
5960
3018
2547
6448
8128
4393
7108
9754
3873
9645
8893
5617
9564
2759
2059
6868
3118
6445
6073
3375
6709
2318
3697
44
7696
5778
7593
9822
5367
6015
9852
3655
1833
3887
8235
2604
380
8267
4073
9017
5189
1799
6593
7283
421
8762
823
6981
8507
6909
5284
2634
9806
5744
1539
4865
8122
8542
1437
7277
8211
7629
7089
5777
4959
8035
9043
8529
2808
3222
9169
9059
9781
8854
1052
348
8685
9320
2959
4352
7394
1858
383
6535
3980
786
6788
2625
7455
9704
3941
8902
8690
621
4272
296
9654
6992
8045
4305
8496
9500
6315
1760
6753
652
8487
7529
2764
678
695
6039
3223
946
5590
1206
1179
8056
5993
2416
5485
3723
8218
3129
7636
1301
6600
9360
3729
6042
3805
3233
5103
6343
7664
737
2363
4488
8731
1971
7165
8646
7935
1051
401
8559
4513
15
6175
3436
3048
6119
8686
6860
8903
9225
9733
5418
6010
4471
4547
3799
986
163
3506
6127
8312
4545
7266
9775
4996
3931
2813
7826
370
6114
1916
8650
6925
2202
8950
3974
602
3424
8826
8862
3161
5818
1087
385
2199
2599
6184
4370
1365
2257
3108
1362
6187
1737
7491
962
2547
6535
9266
4880
2877
2178
7153
9725
9419
1613
4058
9344
533
9385
5953
9461
3938
7903
7999
2080
3874
8614
5625
9209
3213
8734
4936
4654
7592
508
586
6598
7600
2437
7925
5954
1515
6344
1382
5190
5890
2843
67
7855
7557
975
9205
1152
4894
9414
1317
8605
143
4376
6836
7377
2334
5649
1688
5824
7788
8555
4569
8295
1121
7760
8644
1588
9576
5417
3820
3063
6563
6253
109
2140
6991
7037
6917
3157
2409
2763
1976
1024
8487
9734
4797
6854
6232
773
8265
2590
2524
7878
3077
1955
5245
5893
8200
5164
9045
9049
4802
4029
9450
7433
7580
5850
5201
6088
2747
9974
379
294
2151
4327
8893
7330
8922
3678
1751
1575
2381
9703
6583
1751
3677
7988
2597
3856
1931
3035
6838
8909
1154
4749
7045
7237
3524
4018
5364
7094
8121
7649
1518
7749
5838
7449
9504
6688
4129
7955
6015
9133
2962
3289
2088
9704
3375
5262
4908
9608
4884
3085
2523
4161
820
6116
4228
6290
2147
2303
44
156
4728
6633
49
6717
558
9921
9433
247
9780
4406
657
3251
908
2050
4628
8867
2215
9197
1379
9519
7716
4870
9078
6248
452
2223
4663
1068
7792
1091
6956
335
2671
4625
4514
8768
9779
5365
9265
2870
8068
759
8156
4993
1952
7345
9924
3690
1118
4480
8739
818
4750
2262
6211
9772
7821
12
3030
7942
4016
1121
8067
1169
1711
2209
6276
8518
6508
9152
4459
44
5112
1430
5261
1314
1227
5850
8317
4484
9562
8572
6956
6432
6703
2896
1129
1434
6422
1215
1039
3352
4248
4008
107
5810
8161
2588
876
7396
667
2713
7928
5860
9369
5349
4592
4700
1504
0
9999
3410
1447
7312
59
7450
5214
716
3880
2919
8123
9906
1885
1792
7892
2589
747
9866
3606
9401
98
2208
6657
4160
4685
8157
4307
6584
8530
239
525
5599
4690
2407
8933
2362
82
8946
2237
9819
5199
4990
2231
8935
3654
444
4597
2231
4164
3084
9541
2221
6717
1098
4624
9
6270
5890
9304
7398
6246
3005
518
9608
6166
5054
9322
7582
8229
3767
4976
2385
6163
885
5625
82
6614
8720
7102
3690
983
4071
199
3555
824
3711
4117
4354
3767
8587
1004
7609
235
3248
2845
6098
4696
1607
726
3508
8092
6046
3046
2094
1563
1391
9908
7247
1645
3467
9069
3951
4225
1544
1424
8755
6586
146
4844
4265
7397
3100
4214
7619
3904
7368
8143
25
3595
1444
5397
8182
1378
4108
7760
7798
47
1286
3700
8808
8617
1392
7227
6887
5649
363
1091
7598
766
6167
6182
242
3098
8909
1553
6380
6414
5061
4383
1400
982
6881
8833
6424
86
5382
1667
70
2412
3714
8886
8055
2422
8460
5374
3423
1925
5877
9023
8381
6910
233
2474
5908
3742
1533
7517
4169
8024
881
7735
8684
1247
6913
5385
1889
3401
7890
333
9130
4526
9462
1384
2563
9133
4086
8174
3284
1117
4205
1940
8649
8891
8850
2949
5019
2737
2255
7228
9597
4156
3293
6600
8410
2675
6463
7151
7750
837
2343
2514
8247
8284
5925
9074
8790
3911
6859
735
9753
6143
7040
3863
4838
2183
9993
3208
6017
968
2726
3807
1911
549
9480
5609
1174
7841
7329
5396
1099
1042
6094
5362
8957
5313
8569
1029
8060
6885
9246
8987
8073
1011
2373
709
7013
2764
7158
4465
283
9179
1222
8467
3826
3323
2171
9883
9400
9098
6444
8191
1896
9409
4992
9438
5635
943
7795
3405
5963
3272
3350
1414
987
9247
1017
6386
419
4287
12
1134
898
1787
6108
7175
2600
4119
654
3503
7730
344
4216
1697
3172
3506
9406
6950
3590
6431
7516
2718
7266
9927
2436
1754
3059
6008
8176
7163
7190
3943
5447
3714
1564
3088
6101
7300
5453
3020
7802
881
9280
4301
4072
7336
6698
7864
9563
3190
603
3145
6363
730
5670
1924
5918
6273
710
6095
2002
6748
3885
3014
2944
8078
5123
7680
6452
612
4983
3300
2160
3806
6205
8658
8716
8915
1447
8493
7346
2094
2387
8060
9691
1887
3119
8323
6254
1868
1819
7722
5981
3556
309
5273
1206
4834
1481
5362
8730
5915
9828
1626
779
1940
2477
9167
889
5556
7210
2113
6999
6425
2893
3743
86
1242
5045
8465
3435
7151
4613
3539
9083
6044
589
6909
2730
7496
1430
2590
3457
7948
4731
9847
3817
9210
1757
786
5207
9670
2040
143
6470
3883
4452
3403
1646
184
7853
4197
7923
6687
3441
9622
9410
5446
9721
5585
8891
2708
1727
8186
6431
2254
8417
9209
8359
5676
5130
5856
5563
4076
6533
1958
5170
9583
655
2131
4667
8811
1228
1908
4553
7440
4149
7605
2213
9846
6584
4924
3662
9439
5950
9082
5687
6205
8887
9088
8013
1601
7090
4743
9944
3150
4701
5812
7613
8089
2373
5933
1995
4727
4974
8818
7879
9702
5421
8036
8827
1137
3648
1872
6005
1827
8628
9606
7485
6937
2594
9970
9387
2379
3584
1283
5458
1087
4400
3956
2362
8545
8495
8688
6453
3887
4142
4828
6926
423
6938
4088
6792
8996
8746
147
2972
5879
5186
2787
8685
7532
3177
2360
5660
6254
7066
7056
8129
1159
1677
2723
1291
4025
9679
9678
5087
8910
4227
4929
7236
466
2691
4789
4220
3960
2956
9853
6377
4102
3912
2675
5099
6600
2270
663
5287
1703
3451
3659
1714
5434
583
6889
5509
711
5566
3887
3970
612
3641
4302
8934
9296
1105
9325
9895
7534
6174
5642
4675
4055
7468
7271
1377
9808
8454
6895
208
1470
1130
8406
8631
2075
6901
8782
7014
6627
6713
7703
8519
4214
9033
518
6294
5276
2619
866
8018
2048
2888
9026
9603
2200
4556
7031
2308
8507
8127
6265
2599
345
4993
5569
2056
8243
3758
3457
7839
6852
3198
1694
6239
8027
9749
9449
3149
1353
8793
9392
2923
219
5180
7636
5198
8169
9113
2887
7486
2084
5503
4743
7876
5810
3221
5199
6211
6560
8382
5049
5989
5266
269
7599
2521
7605
2111
6068
4723
1756
3110
4535
6233
1837
1361
9805
5187
5492
4982
1180
4581
5180
5164
8758
8364
4059
346
7184
4787
9583
9817
4536
2879
5748
343
8589
1898
4734
9935
6023
1971
8568
727
5070
6253
4928
930
740
5922
5197
2724
2614
4169
6311
4044
9593
4765
6655
6008
4544
9861
5879
6886
835
9767
5372
2752
7387
9974
8538
2628
5451
2567
941
3931
1041
3053
3821
8005
2431
9457
686
5078
4690
6496
8088
8020
6553
1282
9013
9406
1495
1429
9802
5353
2081
8610
7271
2528
4428
1879
5881
9078
5452
9419
2289
6120
5981
5134
1027
6574
6397
6036
3039
2871
7426
3698
5529
2688
9622
8957
7956
2234
2960
2652
8225
5698
3026
4673
9651
3144
9118
8919
4738
1639
7989
2251
7899
3366
952
2745
1268
1185
3543
5077
5819
7279
9594
8580
7610
2816
5755
6600
3360
3749
6523
1654
8893
5091
3056
3717
3852
5131
615
3527
756
9802
2024
3317
743
8618
4686
7441
6593
4126
7739
5083
9639
2306
3030
1683
7848
6903
1673
412
9224
3871
1594
7138
7032
5922
7515
252
6842
2037
5342
6573
5646
3756
3491
3117
5245
8684
3490
5739
297
2248
4503
1172
4715
4913
8559
2934
3065
5016
2067
4323
7174
5753
2444
9500
9372
5087
6408
9074
6517
2222
6489
5363
6076
8624
79
5373
9386
5199
3405
7887
5094
2934
384
1468
6905
1468
1179
8833
5853
1155
7122
8989
9142
7010
8391
9823
9045
6786
812
7716
363
7680
6523
6369
8614
3197
8338
1897
3991
2090
1587
3114
6729
9075
9324
425
5477
1164
4946
7523
9715
3824
9735
3285
4174
5077
4073
485
3374
3030
4350
9866
7060
7121
6107
5105
2515
9869
3363
7211
5168
7298
4378
1121
4655
3983
3808
8867
3887
7732
6289
8329
3408
1335
5486
4851
7361
4182
7377
4089
2605
3859
521
7813
8544
5655
8133
9305
666
8345
2135
1404
5213
198
3111
9723
6676
5204
997
7208
8944
9681
422
5380
771
1959
4369
2148
6194
1535
6700
9001
2015
4362
6456
2954
6619
5603
7804
9366
6354
343
8657
6779
8520
6515
6190
4016
5324
5045
2822
1098
6366
2414
3873
4171
2268
6330
1196
5461
9164
8416
59
9452
3803
7560
2529
2974
4418
3324
6107
1807
3427
4652
7049
5625
2473
8465
6213
4467
738
9959
9018
4948
588
3410
1380
7159
4989
1974
307
108
1760
2663
6339
5439
8881
6962
578
9671
7385
1430
8301
3496
9487
8130
1201
8536
8552
5318
9622
5843
1190
4914
7758
3921
1469
6161
1204
1415
9952
3300
3032
9860
3117
4030
9410
8912
3119
6812
6549
7434
2816
5213
6116
8351
8833
2214
130
9602
8544
4302
6485
2067
342
8836
7970
8542
9474
6656
1266
6381
4617
4283
7061
8886
7647
2805
9147
4191
5059
1622
8987
5150
9081
3074
8950
6423
1167
5325
6872
4361
2313
8409
3623
2416
4640
7454
7543
8026
6275
883
9176
8486
4048
2633
9359
7046
6867
3950
1888
6598
7462
5101
8964
5404
3948
3214
474
5255
3179
990
3901
2194
1123
9291
7940
271
9523
6076
3777
5023
6282
1113
1544
9730
4880
3278
600
9950
7857
4197
6601
1197
7769
6803
9260
8889
6634
2099
6751
7101
8696
7655
7680
8330
727
2936
9137
1496
9214
4215
3753
2356
5221
512
7142
8157
882
6424
3183
2352
8183
5569
51
3663
3171
9583
6699
1736
1541
221
3899
4276
9853
8430
9399
2465
92
4148
3046
1050
9538
339
9760
615
8995
6045
3870
7959
4594
3284
6249
1970
7779
8883
6640
2869
2579
7884
1880
719
441
9083
5928
7750
8011
6578
5468
8387
1894
2512
8247
341
6526
5909
3452
3866
3369
8001
9640
9335
6320
6766
8695
5757
2502
2199
209
6621
5061
4686
905
6748
2410
2664
1223
9622
9124
7837
8524
3236
7692
928
3810
1815
9784
6939
6358
1521
4405
6544
4849
247
8599
5641
5801
4406
7681
4504
6003
9388
7888
8518
2859
5091
5567
5691
8917
6055
3120
4590
1834
1911
5138
6594
2939
7899
2459
9142
2207
6032
3273
6066
9814
3782
8306
3481
9577
563
7606
3278
6816
9260
6317
840
4796
5825
8799
6862
5757
506
7570
5116
6165
5110
6914
1214
1116
525
708
8654
2346
1424
464
7793
7349
9901
6756
4753
3667
8653
772
3272
5400
5002
7888
609
1415
5549
7206
7957
6935
8569
7327
4256
8248
1687
9645
7581
262
9571
7944
1988
9699
2328
8697
6381
5808
4986
4889
9037
3821
6527
3669
6963
1055
334
357
6929
6886
6324
8624
5955
4829
3544
8856
5628
1723
7920
4627
5264
4894
6595
1384
1086
8076
3858
5194
867
8346
6579
6310
9235
821
6705
8936
7143
8165
329
2291
3413
7608
7219
5473
8566
743
353
5781
9316
2622
6086
4309
1591
8221
9791
57
2275
3785
6650
5512
7549
3132
5874
7270
4137
6006
4044
259
482
9770
27
7057
7985
847
6255
5036
884
322
6434
4898
380
4727
718
2659
3835
231
3406
3096
7474
4771
6043
5205
3476
5347
9826
56
3850
7106
9166
6006
6609
1495
9023
3014
4043
4242
4111
4266
2843
9572
8461
4257
3958
2472
2004
4290
4526
6228
5909
161
9052
907
5898
3066
2426
4319
9154
2272
3415
9974
7772
2328
2375
6131
4982
51
1476
6009
8631
6705
1329
6519
6111
4864
2430
6493
8984
864
5481
42
9075
8800
2739
1255
584
4990
8357
3284
2603
7308
5553
257
419
5269
7587
5223
6509
8227
5333
3762
2935
2132
8943
5170
3906
1953
5393
8804
6672
2766
7287
4367
598
8022
8050
3404
4934
6343
216
6185
7810
5494
6275
8746
9318
6642
5627
2251
732
8148
7041
7229
9578
7884
8731
7258
939
7959
4496
1535
4676
7304
429
8351
332
636
2242
5661
3058
3046
2047
27
2813
7046
1460
5698
998
6626
9229
3079
4012
5000
5817
6909
9767
249
585
1209
7465
2191
3863
7295
5149
6928
7293
1383
1829
3758
2737
1881
6794
5420
339
474
1497
58
7934
2846
654
2845
7040
661
5882
6329
4945
8732
32
924
7638
4721
9194
9680
1144
7395
6351
232
7673
2340
2054
2209
7069
2059
8751
217
2378
7560
1157
1989
760
4460
8050
9205
1578
5154
2162
7864
6481
4763
3287
2615
4001
1915
3883
740
8727
5611
2226
3389
2146
3406
6112
7939
3704
6659
6191
2181
2065
2644
6460
2972
7071
135
1857
62
1863
1823
2864
4155
8568
9833
4108
992
8294
1859
7637
3636
6612
178
9416
4652
2409
868
7712
4024
5909
7049
3915
5833
3342
7350
1798
4909
4657
3061
6406
6914
4187
8516
1579
8831
6880
628
2646
3756
2281
2799
63
6589
1964
3648
7212
4542
2685
2417
2936
734
8905
5828
5650
8367
3350
7111
8709
9210
5632
2658
8090
541
4376
9011
3943
1301
8536
5146
4993
614
656
597
2847
9016
6752
104
6055
3600
6917
8267
2910
1943
8612
4921
5853
2073
9068
9426
7986
6147
6217
4889
3216
5933
2877
944
3277
9890
1251
2731
8231
5796
737
702
7524
174
3923
8041
6408
5972
8000
9630
6732
6608
7056
3082
572
883
2761
9065
7977
2661
6745
9305
1042
7428
6524
4831
2451
9162
5185
8813
5477
718
7159
1260
9442
7314
909
9198
7418
759
9707
2272
5605
4214
9495
6068
7196
7895
1135
9141
3111
9563
3592
7761
7627
3302
7301
2249
9436
6118
2509
9022
1511
7597
6012
1547
4262
3898
6891
8002
2162
8040
4973
5034
2682
5529
3742
4449
1788
986
7578
905
6298
6537
2907
7197
2907
2880
8661
9398
4407
2110
9034
9186
8828
7727
8701
32
8760
4144
5778
4222
6906
1039
6331
5638
8544
2522
8792
5869
2211
7564
3289
6041
1060
7527
8971
5421
1260
6801
2168
4752
8394
292
1576
2722
1891
6491
9864
8615
2472
5017
6275
5744
2857
8402
181
8802
9537
5985
7205
380
8908
3193
2534
2889
7230
4537
8598
4785
7972
6163
3440
4142
1801
4401
6604
7225
6473
2966
5278
9943
9582
6786
1000
6588
2031
7357
3257
6469
4959
1304
1840
2967
2204
747
902
3545
7051
2404
8755
6517
8824
5371
8295
5647
8212
1698
1258
2022
5256
1949
7698
2343
1349
7876
2028
7811
4332
5149
6703
6017
9660
7060
930
5052
7669
4259
3009
8903
4492
254
4270
6783
74
3936
9918
6362
6946
7837
4078
8572
9857
81
2126
1588
6304
6785
1544
8590
1726
6923
9395
9243
862
974
5965
4448
7893
3055
1475
5508
690
8619
9674
1457
6590
1562
8499
6724
3138
1037
8975
8845
7594
1394
2680
8139
6780
6464
3986
2266
2667
922
2414
2368
5619
3665
2508
6034
7479
7497
4420
4085
2479
7401
9357
2547
792
8282
9243
2384
3806
4186
9666
1239
4286
5300
1750
4208
2050
5043
4589
2943
3925
4857
499
2357
553
5815
9745
7616
8472
341
5477
5567
2298
2923
1311
6710
6599
9168
1222
492
5991
8561
7642
7529
5694
8206
8914
6410
9890
957
7889
5821
9819
3692
8542
5519
1407
2795
3375
9701
9285
2786
7078
441
8559
6458
8540
9766
1009
4573
2453
3392
6886
4384
9528
7425
2337
8000
4019
9291
7842
103
6347
170
1614
7303
5401
8851
8199
3764
1129
2733
5655
757
3773
9161
8024
147
2062
5693
541
8892
8413
9179
4876
7652
4784
7178
9888
9330
7698
4022
4608
4943
6416
946
4592
6582
4254
2692
1574
513
4167
7268
8778
4214
9819
1873
9337
948
3642
3635
1985
4752
9494
242
5086
9566
9111
634
5346
2316
7159
1021
7936
2800
4685
1926
6551
2673
7735
7164
3470
6914
5205
6531
4811
5540
2742
4842
3598
2255
7617
6011
3727
7502
4414
7869
9808
5318
2611
4702
3186
4179
6163
6108
3420
1552
8959
7790
3437
4855
8783
3125
1738
7713
2960
2512
1994
5002
7137
7271
2930
5753
5675
275
6726
2976
6398
1613
1700
1875
4237
5756
2379
6690
5470
5923
5570
3520
6197
3739
2288
9172
3420
3566
3485
5471
9214
8746
6382
7405
7166
8397
8804
7138
6157
3105
904
6073
7830
6998
8573
1994
4733
4950
2732
8187
9976
7256
9793
5485
8908
5746
4900
5428
9194
3600
8318
7132
3600
6574
7542
9028
3806
549
9270
5224
3281
6386
9022
8708
56
2450
6178
3124
3351
1971
7702
4045
7527
3730
7815
8763
4549
9556
1751
1586
8661
8186
5118
7026
1955
8083
9368
827
5716
6559
782
9953
9788
5841
6077
6606
4967
3935
9911
891
653
3827
2835
7071
3743
2531
8463
3505
7260
2680
446
6088
7399
8589
6140
4153
8476
1260
1915
8255
6479
9751
1780
8355
6634
6955
5209
4810
2510
336
8964
6078
221
984
5161
68
7399
8750
9303
7531
8622
5159
5581
7870
6857
5434
7861
3544
7213
5955
2071
8260
5346
9558
8245
7439
8574
7851
4060
4218
2483
3788
8520
2026
99
7082
7872
4640
6935
7599
9247
4989
9741
4067
8884
4295
6616
6807
4805
5679
3109
3118
8131
3639
5407
1954
8452
8953
7696
3694
9948
3323
2774
6466
8084
9747
9441
5695
2333
8281
6601
9621
7424
7836
154
165
4785
666
9990
6870
6444
1490
4246
8434
2400
2422
8547
737
4519
1221
3427
5533
3204
2988
7380
3966
7417
5414
9458
8822
8644
612
887
5886
5060
3796
9863
4616
9545
8571
4193
9041
2560
7030
3396
2524
1587
1689
621
4561
3530
9740
5271
7193
6181
7187
7512
8835
8696
9165
7687
2292
4721
8823
6494
3503
3096
3032
2266
2629
8045
991
7970
170
8244
6186
3751
3338
3804
8870
6602
466
5878
1836
9959
1901
6
3330
3363
2603
471
491
8612
5993
355
4740
7180
6672
9319
5307
1218
1938
3434
1227
5392
3982
9781
4234
5188
521
797
8760
8959
8993
4136
4701
9057
696
8792
5184
9552
9017
8770
2404
4638
1259
3143
5668
8122
4788
6123
1153
5278
9464
8065
3858
3588
3345
8510
716
9938
3338
2775
7892
5786
1103
1591
8803
1741
5113
4843
576
2173
1130
792
3270
8721
12
9603
7552
3098
1482
5439
5847
9816
8418
9975
1343
2857
7635
2789
2440
3984
4250
8697
8848
9117
9976
3238
8496
284
4666
3428
2222
1505
7503
9412
9308
6821
5931
7391
5377
5398
1284
3991
7786
1912
9052
1289
4106
2096
3957
4199
3454
879
3760
1390
4717
4571
8943
7835
560
3823
6765
8321
2723
8002
9234
4512
2473
8324
7028
2650
4857
3236
5117
3912
2018
4467
5867
459
9649
8161
2551
6348
305
7212
4839
2918
2110
5999
2343
1818
7220
279
3469
6001
5411
7024
6955
7382
6164
5818
3584
3192
8025
5217
2152
9518
6167
6826
6724
3437
366
2892
4346
1049
6668
8319
5508
7387
1417
2676
2626
500
8861
8153
3068
4830
7098
2434
1065
9688
2756
8065
9600
820
5204
3147
1387
8413
692
9498
6395
7229
7756
7997
962
3274
9391
7793
7488
6056
2714
4455
9510
1115
9522
7463
7312
8209
729
7788
1210
9425
1747
307
2607
5019
9125
2749
3501
9004
1342
6278
607
7471
6641
7374
6253
4778
22
4864
9022
8662
8010
5610
436
4047
279
7892
7322
1744
2530
3254
5252
8669
8024
8444
2923
3493
4407
4561
2624
8720
6931
2
4265
7177
4134
5588
2921
7256
4531
5471
2786
3116
643
882
8695
3390
6927
2986
2001
4330
2072
3454
3359
2886
7904
8277
2936
7288
7103
46
8956
7912
5439
2238
845
4122
3534
1256
391
9721
542
1740
1950
9584
7073
9430
4673
8302
9636
1118
8350
5018
9710
7068
4583
311
102
6900
2492
1348
7108
7856
7197
6528
669
2475
4654
8688
912
9632
660
5347
7775
1474
3701
9941
7604
7129
8366
1306
8560
9418
9540
2750
9007
2415
5857
5440
8467
1145
2013
4142
5702
1569
7004
5148
6766
9403
3626
6890
6566
6998
6962
5031
685
9367
8791
9218
7739
4165
8177
5747
8558
4201
3652
9636
8151
3996
419
9446
6035
1422
6709
8480
6552
7826
3727
6978
5162
5368
1270
1622
75
9118
6086
4183
119
3894
746
9648
5281
1147
1642
9984
7264
2198
6113
5943
2924
9623
310
6040
3160
5307
8540
3566
5104
7005
4794
6888
8414
8936
9296
7486
7412
9537
8040
1565
3743
2699
9510
9851
4981
9232
3828
8766
3225
5310
771
6086
4800
4569
6734
8247
2966
3586
9485
291
1778
7567
3394
7971
1503
6626
6493
4847
5251
2511
4735
4557
4866
648
2465
2483
4971
5065
701
3579
3802
2261
5927
2255
5965
7680
1054
4567
817
3890
7011
2454
4103
5565
6239
3434
3607
780
9293
9047
6307
8246
5111
2327
8753
1662
5929
7269
372
9868
4388
4130
3028
9329
3122
1294
2018
7159
846
4925
6742
8184
5936
1269
4131
657
7952
4058
902
2989
1458
157
3779
2462
4531
9686
4034
6402
4460
5797
1198
3065
3539
8166
1961
9424
6595
2182
2975
634
370
4226
6575
4583
7414
7807
4067
3698
7566
6016
3019
7040
3623
1081
2082
7622
5573
7410
4519
6282
2375
4732
4876
1937
5586
4870
3623
8787
9848
4991
8499
690
674
8780
8690
9544
6942
8677
4076
1090
6362
3363
396
3957
178
2459
4880
5395
8124
3097
8591
5826
2402
7672
8775
1379
651
3659
7729
1550
6260
5426
2466
3145
7397
8168
6336
5848
9252
8100
7308
2110
8788
6668
7546
1209
1376
6946
7747
3208
3055
5358
4062
8448
8654
449
2073
5682
3383
2122
8366
9747
8265
6966
6151
1805
9362
5640
4105
3410
1096
404
2970
9021
9103
2693
9124
5190
4748
4394
466
2570
9485
8803
2097
5013
2853
4853
6437
2548
6503
8646
8591
7862
1553
5584
8400
4973
1443
3556
3430
2587
1879
5411
2835
4976
4712
3497
7840
8377
8356
1031
471
2854
5929
4537
7638
3691
2389
4222
4350
4660
3624
5081
7748
2645
6419
3042
4686
4873
6213
4049
5987
3380
2259
2357
9630
798
5579
2119
4732
2392
9137
8517
9704
1526
8119
8314
5286
8203
2672
2574
4022
7115
1488
2995
2048
9444
3679
1830
891
625
6644
6803
7652
628
2748
1581
1090
1545
8792
1927
6350
8102
4402
8488
9980
7693
597
8810
6718
6660
6208
2385
1303
880
4179
5205
6157
8228
2482
9135
893
9353
8251
264
6766
3665
6773
7151
9168
5352
7375
7402
8909
2151
9246
6496
7340
3244
3416
8576
9693
1518
9683
9184
8020
9927
1815
5577
8248
6135
8038
6534
4595
9679
7719
1201
2449
7368
4600
7117
5565
5359
3426
9182
1341
5535
7203
1618
3819
2167
2563
4237
4663
4392
1209
377
284
1194
39
2411
7705
4697
3642
7102
2804
5722
5185
7601
1488
9346
2092
9762
6145
8623
2163
1507
1503
7042
5469
5979
3069
980
8015
7101
2174
6474
9700
3887
8791
5716
766
9027
4860
7652
4447
3535
348
2548
5353
2977
1970
4064
3706
293
2837
3537
2552
2044
9584
9498
5643
4974
6409
1757
6609
5766
3552
9766
8051
1083
988
1850
5981
8452
9570
4935
9540
833
3751
2171
603
7475
3901
8972
9391
3045
790
2715
7042
9493
7022
1556
7640
8858
9865
469
9418
1096
5854
9654
1872
5304
4995
9785
5900
1490
6641
7120
8061
3105
3338
6921
7661
2967
6900
907
8292
5717
2635
4502
9178
5170
9084
2181
1432
605
9386
6370
8039
9119
6308
7465
8418
693
1638
296
365
2190
5105
7612
8511
1932
6091
2354
5048
9111
79
5985
4530
1821
4064
874
7354
5478
7496
2406
3207
5249
3795
8239
1116
5243
5876
3126
6066
3867
5171
1624
4696
2735
2871
8575
2143
1257
1356
2247
437
7110
1200
4295
2236
6816
2532
7122
1727
5396
952
2401
9071
7383
1874
6442
8828
1454
8407
4401
6455
5876
1436
7877
3890
7357
149
4422
9274
5875
4990
3261
941
7863
8567
8947
9270
8581
9508
5992
4788
2245
3127
9981
4130
924
7132
5885
9365
751
6755
6365
2735
9955
2723
1680
238
9626
6964
8038
620
2355
1032
2500
6108
6874
9859
2342
7699
5745
3205
4652
9114
9844
536
5211
885
7467
6603
1995
2934
2819
4510
8619
1451
9796
186
5930
5729
6375
537
5785
4831
8276
8063
7878
7320
6143
5390
2245
4727
7693
4394
7265
904
4704
2487
7445
3198
352
3692
994
7504
1171
4198
2224
8056
6109
8046
425
5351
3971
9979
5909
8445
6642
6108
4768
4368
8282
2067
6375
8327
9662
7052
6229
6526
2022
5878
3665
1439
169
7929
9602
2671
5442
1359
237
8555
3999
2326
6369
4969
8345
4283
5970
1510
1317
7577
573
6323
3814
3317
5951
5895
3256
5921
7587
5949
1778
3929
3244
4546
1030
9899
3579
830
4912
5897
5513
3742
8251
2568
6843
4128
7051
6229
1408
582
7885
7790
4063
1390
2407
7057
1851
5103
95
3644
2123
1782
8163
1993
2801
9117
6944
4805
2214
8783
8474
2537
6961
9115
5527
4747
6185
7921
6184
8322
2181
3388
6982
2706
3472
655
8705
192
1573
9336
2657
9293
2836
9977
8596
5937
2257
9630
4901
4043
8427
5165
9257
7677
7445
9686
2212
423
643
7504
8525
1460
326
1695
9897
3787
8311
9349
931
2727
2560
6875
7109
9025
5981
2095
4011
1145
4050
5806
7584
3804
1388
7350
8857
4303
1702
1457
9769
3899
539
806
1454
8074
7394
7922
7729
6040
9183
385
1078
627
7564
7970
198
2529
8825
4795
4240
9520
6062
1020
6552
9093
6179
7525
8521
3092
4182
2065
9146
7760
7311
899
7967
9139
5857
1743
2006
4837
8077
7893
8766
6747
19
2843
3075
7424
3204
347
5290
1129
9804
7516
4073
156
3549
4064
4681
985
6592
6973
8767
5247
3498
37
9038
989
5780
9552
9569
4
7397
2396
1339
6754
5163
6417
2277
567
3680
3451
6215
9681
2683
179
7022
3094
8280
5379
9582
6641
1305
5112
518
2171
5374
384
3313
8738
6384
9493
5948
2536
8795
66
1695
5245
2992
1344
9416
3239
5943
4616
45
3048
1204
2655
9047
9073
5946
804
9714
9299
841
9969
6950
6748
7836
1722
1751
6007
1506
7003
6067
8502
2318
533
4999
5281
916
6363
5794
8182
1911
8586
670
8290
1144
9668
7196
7553
6328
7515
4709
911
5158
2434
993
2292
6251
1678
4183
9086
3038
4461
652
3219
121
7824
2296
9288
4458
6534
6948
9758
7026
1421
6380
2020
4896
3605
1339
2536
5252
6174
1264
4866
3166
5858
8612
7243
3433
1765
6603
5176
927
8699
8892
8761
6059
3702
9085
3636
2644
4910
9740
983
4984
344
4531
9692
6316
3037
7238
8256
1385
6965
3540
7474
7507
7498
1262
1416
5416
3421
1365
5142
3299
7228
6963
833
9084
201
6422
3944
3229
9798
140
6984
7825
4639
3720
7505
4146
4016
9042
9699
3767
7855
8226
8957
1206
3580
3590
375
2761
8448
893
818
4020
5840
8700
7015
4805
2556
4075
5249
2472
8050
4344
6545
5389
343
9671
5140
9970
991
3846
5245
426
8314
7135
5951
9776
9014
3203
5962
258
4044
1909
9313
2815
9875
7179
963
3909
2572
1578
5661
4335
7347
3242
5085
4711
9555
3393
7739
651
6125
9368
5739
2974
3252
46
4140
4855
6464
6764
5221
9436
4776
8346
6204
5149
4106
8556
9480
8944
9249
6519
8069
8890
2007
165
827
3064
6158
5578
3383
4126
7186
1519
7602
261
1793
9555
1589
2420
7462
3085
287
6621
2021
4195
9888
8125
7977
4010
2073
3474
8287
7548
5084
7034
598
6388
9293
1914
4701
6529
8635
6536
8643
2097
4414
7509
4739
7505
4683
6583
9691
4333
5855
571
5516
8115
4125
2697
8172
5534
5392
4042
4275
8623
8529
3560
9714
3194
255
8017
8918
1870
9290
3171
9406
3280
7660
7342
2903
8370
440
1599
6615
167
1664
4329
4354
2938
787
5973
4335
4591
9601
3760
6635
7091
8228
5270
7369
9887
3008
1250
8999
7714
4235
7561
1585
6911
3103
5015
7785
9800
4871
2869
5644
7004
9721
7937
1191
6060
9833
6419
200
1594
5243
5171
5154
5046
9070
6217
1514
6359
4209
2467
7777
5501
6833
6005
8174
5573
4016
4245
9299
177
644
7032
2268
3601
6269
3509
6498
2276
491
4342
5442
4348
7913
9916
8002
5192
5357
3813
3928
6463
9381
3663
5318
1947
8889
4073
920
4014
7394
1884
2303
965
3766
4674
3939
6036
9071
8339
5509
5432
1308
6307
9796
326
9506
9672
2451
7233
7574
7342
6158
2247
3675
7
7126
271
4433
9391
7763
826
87
3551
5997
2169
1704
8950
4448
9674
5963
2630
4180
7572
3506
8651
9112
2298
6270
9366
9434
7178
5139
3436
3838
829
3879
5805
9723
7866
12
6593
6383
4153
4645
909
352
7564
4052
5186
2522
8333
2342
5396
224
7241
1137
9537
7176
1334
687
752
5050
2935
8931
3762
5452
7819
565
490
602
9409
3309
2234
2869
4723
8263
8931
8936
3925
1437
1787
6463
5578
4613
1730
7217
6211
1442
9477
6342
9489
6828
9782
2844
5720
5904
6564
388
5064
7436
9749
1067
5939
4013
6640
3356
9289
8079
452
5733
8449
5336
7243
3778
2481
5980
5995
5993
5786
4128
1661
6339
9045
4885
637
9973
4951
5584
7239
6935
936
4898
661
927
3275
8918
139
4732
661
9084
5249
5442
3010
1758
9654
640
1162
7069
5569
6037
7630
820
6451
4643
946
4627
6157
2828
3574
3564
9840
2339
1394
1926
3910
2583
9781
4310
3699
1243
4422
1168
3930
781
539
2637
2575
2424
5762
7898
2414
3861
8119
5989
6312
4163
8619
9771
1207
9786
4453
4717
4751
4922
6761
9143
6544
9779
4527
7687
9519
968
1565
9480
826
335
9923
7120
4703
1431
3267
668
1615
667
1810
1075
2755
5392
9268
6143
8001
4159
7871
9627
9842
1132
8543
2364
8060
70
1765
6873
8058
7930
4489
9991
5389
6804
8526
8665
7668
122
9202
6890
6010
9776
5049
7999
4089
2083
4543
1194
9957
5947
3945
3632
4608
4017
7267
2780
5510
9944
1800
2239
9650
8395
3666
3957
3371
3333
1862
3006
9092
2440
9763
3112
4849
671
3922
8508
5610
3632
2232
6322
4211
9446
4362
3973
6324
5681
9294
9351
180
2039
3077
924
7034
9904
8997
368
2634
7301
1938
857
5881
8771
751
8705
2717
4352
1739
2261
7974
9216
1928
1850
7852
3507
817
5276
3426
8749
371
1826
126
7561
5919
4238
9419
356
471
5854
3881
5063
8984
9848
9926
2724
4567
7123
6041
3850
9581
1090
3200
7359
9156
9658
416
2838
64
6169
7995
6440
5162
9958
3073
6670
236
2571
8036
2597
604
2538
1904
9291
2862
8616
4899
9522
8353
542
8242
1059
7819
4210
4925
6841
8961
7298
5820
7000
8765
1363
2672
0
909
3204
1237
7127
2696
1103
9566
1509
9442
4601
7706
8911
7071
6559
3443
9335
75
1781
2327
489
3716
826
8837
6454
9286
3407
3818
2838
5137
8121
4238
7444
4851
8001
5339
3574
1070
5975
1639
6278
1126
4228
199
5397
9251
4523
8091
7974
3066
9695
9378
2284
3942
801
9685
8138
6024
3582
231
244
6776
4755
8400
2063
9917
9497
8554
769
936
3076
1663
6836
5750
5106
4972
6177
9594
7603
3464
5107
2757
4219
3047
6606
8917
4030
8813
8701
6849
5575
772
8206
866
209
376
2979
7928
2529
556
3341
8050
8375
2050
7197
1292
5446
3318
698
3581
265
1125
9639
4139
8692
6480
6777
1289
8925
230
1119
2101
6393
4431
1504
5274
2791
1852
3457
8851
7473
6098
1826
5604
6476
244
9882
5305
1244
3476
6198
4923
515
8384
6846
2258
4927
9109
2664
3662
3595
5961
3171
199
9157
5781
2466
7000
4699
4736
7803
5871
6907
4641
6028
6468
5072
1843
6776
5750
1633
803
5646
5434
7791
9529
6591
2292
2403
9112
8900
928
4829
5877
7330
5584
7856
7962
8817
4781
878
4840
8258
7840
3534
3294
1105
341
5793
3681
890
8077
6718
2895
5349
2014
5724
5887
2549
7514
7868
1206
6754
4479
1391
9881
3731
3054
2031
7376
5358
6911
4637
2548
3817
9823
5697
9727
4741
4607
2204
7425
1677
2985
8769
5323
1306
9749
6634
6618
5723
5498
3419
5720
7952
1902
314
307
4518
9626
1599
7105
4521
3051
5725
3727
8912
1343
9654
3099
541
9071
6844
2186
6265
5100
6197
7141
2101
2682
2263
3200
9339
8366
4783
6035
2026
630
2522
8588
8393
3130
8339
9097
4446
3083
5489
5606
5181
4017
1389
2932
8698
5554
4643
4822
8348
1288
7756
2438
867
2737
7907
3993
8154
3765
1077
6188
1670
4744
8771
1609
8186
4538
5315
2705
1670
9823
5197
5800
171
770
9038
3949
9474
3605
6034
6493
1606
6094
8975
7532
1996
4450
3499
7553
4359
6904
6680
3201
7089
6020
530
1801
1719
4844
1152
7299
7090
9189
3742
6291
4074
5792
9057
934
310
5575
7500
7521
744
2888
4677
3016
7739
4097
9671
6482
6946
7173
8176
2465
8352
6021
1940
8066
9840
1592
1701
8722
7655
7987
4234
6822
7619
6061
742
6010
8176
1159
6644
2788
6589
2704
2435
2356
335
9135
6622
6601
9772
8906
8713
5678
5777
9820
3793
1767
203
6893
4455
6546
1427
5749
6366
774
959
1066
9966
7424
7271
4347
9937
3318
889
4623
3804
4709
9887
2826
4175
2125
5737
4744
2802
7122
8637
9532
1095
618
2057
1780
535
7371
9712
1708
3044
5571
138
2853
311
950
4150
8024
6715
5937
8123
9294
8631
2086
8176
4690
5336
4392
5202
1251
8997
7778
9437
1560
521
4810
9916
1077
5319
5983
8344
9278
3500
2875
7405
3455
7524
9863
8496
2116
669
8635
1705
8068
2172
2203
1638
7384
6643
6564
2246
367
2040
1293
8877
2030
7673
1343
3615
6242
8637
67
1496
2433
802
1502
2079
5257
9099
8666
4566
1157
355
156
3511
7971
9151
5499
8923
3397
3440
9441
1742
8354
6736
3825
5847
8861
845
3616
8625
1536
8020
4197
3668
8807
605
3556
6562
8941
4006
4660
1388
5501
4474
2102
9935
1542
3598
2222
534
3006
9065
8260
8707
8794
2604
4902
2724
2813
735
2941
4721
7768
8376
5674
5006
8620
9433
9211
9554
9158
7643
8174
4420
9297
4643
2479
1439
3993
7477
6862
5127
55
8097
8625
6865
182
2252
4996
7119
4649
4332
2143
7287
562
7544
7709
5826
4521
7514
4643
5812
5723
3524
4560
6928
5751
3994
3890
7117
1454
364
9102
7458
3061
1528
3436
8657
7897
2019
2992
279
2322
7139
1771
9662
799
9211
6996
2495
5686
4670
1286
6793
9435
8090
3923
1477
4453
3525
3456
9111
8127
8730
3862
853
3228
7299
2815
9664
2220
6387
2860
3256
2889
84
303
9038
2869
8799
9911
8966
6738
5273
2061
5988
9771
5546
3981
4519
9556
9287
5378
5818
6480
8907
3760
1152
6799
5832
2189
1717
2102
8061
9050
9662
5454
7238
6343
5615
6409
5990
5626
8205
5933
3868
6970
7693
4881
969
2869
517
9408
126
3601
8950
5600
4684
557
3479
6263
2489
1084
209
2001
2823
8136
261
8353
3406
9604
1874
1999
3532
9585
5285
1524
2642
8619
7527
8936
4286
9890
7788
6620
7088
848
9403
1655
5599
4428
5815
905
5403
3172
1884
7496
8634
3746
5881
7450
781
1020
61
9649
8444
3658
8807
5564
8665
4276
636
5268
934
8773
8926
6863
1980
2265
3983
3864
421
6533
9130
8686
9850
2202
1374
9796
3523
9895
4585
3376
4947
4714
837
8973
6274
4130
9324
5896
3137
1376
5302
452
7231
6201
8498
1013
2956
2243
4013
1043
8515
4040
4514
371
4533
8056
877
371
7060
3915
7188
9916
7534
9731
3675
9691
1462
5634
6679
7161
4413
2399
3363
7423
5417
6287
8480
7898
7948
2762
8855
472
5692
8312
1172
7442
4839
3246
2258
6204
8921
5543
5322
5484
7809
530
5489
3682
2704
1832
8747
3065
1703
1844
563
9980
5332
5228
4773
605
5907
1564
3692
5052
1774
4819
6139
6361
4169
9952
187
6562
6788
8770
1179
8782
5029
5049
1342
6323
8923
7100
6206
1590
1521
9405
1723
3870
5771
1173
5150
8636
6218
1160
6725
121
9577
8824
9662
6029
6709
3754
8257
6346
5246
8330
1725
6211
9247
8186
4887
7483
373
7485
7496
8173
5846
5275
749
8642
6458
8987
8441
9934
3906
5220
9440
2967
716
2917
2687
5014
2632
8850
719
8892
4207
48
5150
5404
5624
9670
6444
587
5981
7822
209
5710
9865
2257
6702
9343
9821
7322
7160
8234
8096
5341
5173
9177
643
9031
2106
5536
1670
3882
4368
9588
3382
1586
3987
6605
8989
2109
186
1369
1047
613
2797
8921
6137
2303
7031
1337
4138
8824
2629
5291
2147
1557
4178
6872
1102
227
1347
2243
5268
5078
6890
2601
6312
1524
1396
540
4279
2855
7189
7475
823
3075
1889
69
3662
3024
4590
6751
4958
3428
603
5120
5384
8107
9617
7034
7739
688
7563
537
4162
7758
8445
9549
5700
2007
5069
4929
4020
3540
2935
1877
5487
4389
6633
9741
5352
9413
3240
7856
7096
9016
3861
4075
5525
8526
3621
5603
8789
2093
3030
5095
2193
5574
4886
8988
8463
2593
7320
7359
3188
4288
2244
4788
6677
9706
5230
5282
9306
932
7941
3430
4804
2708
7398
1571
9129
6384
5065
6041
1733
1363
1827
6659
6215
1909
7457
7332
1590
3505
760
1131
6216
453
1860
813
2994
2170
3781
6268
5942
8126
1408
367
9515
4480
8643
6600
6039
576
8035
5019
1611
4143
4556
4204
3738
2969
4109
8460
5882
5548
1302
1077
6918
6487
5043
166
8662
1541
5915
7298
1586
4961
2897
2411
7602
9262
4379
9319
3317
5762
6722
9813
7591
4594
3727
9338
3459
4017
5395
9138
7803
7271
9493
3858
5586
6654
1905
6644
9361
1893
7612
4977
9797
4555
7007
6501
328
9658
3200
7259
650
32
3070
8562
4884
8740
3847
4387
1090
5013
5666
2002
3125
891
6880
3717
909
35
302
4698
5954
7900
7925
6579
9348
6006
9173
1063
1878
4559
5384
627
43
4780
369
3320
6297
2081
2401
245
6285
5214
7530
6163
8199
8846
4239
680
1225
7907
282
5861
9141
2329
7024
4095
2712
7836
5588
6577
8029
8652
5035
8251
6295
8250
4266
5460
7625
6289
4120
2680
3382
8511
815
3447
3558
7008
2502
6847
8975
5591
2302
1597
72
9891
4299
4707
2412
3131
1007
8247
703
7646
7956
1672
1714
8917
7787
3710
3724
6628
2203
5758
8029
8861
9581
5977
5875
8842
364
2710
9
692
5539
4676
3781
5042
8716
565
8338
3347
6855
1862
5727
8102
8667
3253
7556
8641
3744
5392
3396
8599
9688
5185
9687
928
3352
2673
6448
3955
4311
1370
8715
5993
6294
5105
7089
8411
6026
6966
6564
5489
5270
4431
5586
1278
9921
5302
8074
6299
7269
3635
2857
8172
3203
1547
6007
6457
7905
2070
2331
4648
894
5832
9608
3717
576
3000
7638
5104
8447
1927
4355
8607
7757
3392
1084
4986
1779
7837
3801
85
2335
8253
7407
2213
6110
177
1076
9500
273
9125
3279
6678
6226
6041
9477
3991
5709
9536
7116
1609
9149
9334
9493
7920
8103
8211
7717
3265
6715
310
5915
5226
5449
7093
3333
3507
4782
9784
4944
1827
6266
4214
8836
1554
424
4187
4769
2374
4899
4527
1033
1145
8669
9059
8325
3475
6270
8917
7314
5619
9744
228
4954
810
1787
1776
8031
4813
4113
6044
6985
3813
425
7394
6601
8626
8089
8095
3695
41
7513
715
861
2082
6168
162
7239
3808
4692
4468
7658
7982
5494
716
9536
1980
5048
5401
7301
7776
6470
7536
5593
8448
1852
6669
3407
790
1379
5385
9845
5351
2323
5711
5001
7080
2336
473
9804
3186
1808
2291
8806
8148
6448
1141
9836
5612
9869
2264
4561
5775
8858
6631
7175
133
1378
6402
4085
4543
265
4920
2986
2224
8134
7960
3144
7075
2227
4102
2855
8435
2679
684
8901
1966
9626
5708
4793
7120
3442
1486
8365
3353
5894
4676
7324
1807
9722
9938
4080
1516
5183
5226
288
6696
3194
8384
2356
3212
558
6616
2495
4889
1122
465
7818
7369
9266
7643
1468
7887
3425
6026
9874
5861
2063
7147
1167
469
2894
7881
1225
881
4429
6328
4456
3363
2292
7764
1351
6263
3913
6948
9003
1596
4287
7350
4643
5458
4588
926
4925
9311
6783
8071
425
8602
2586
7590
8186
5425
8303
3901
804
9229
4394
1654
9956
364
3120
8889
7445
9361
1381
1503
3412
4217
3043
4853
9843
1733
1011
116
7740
6047
726
3585
9735
3021
371
7673
5285
8328
5152
8225
6625
7229
7705
9375
2227
2063
1162
8330
3667
2766
4534
6632
8421
4214
7671
1480
3172
2549
5908
1546
2193
7788
5365
5313
3386
9410
4483
3508
1578
9397
5138
7439
4295
6258
8896
1375
3714
3403
8079
2775
6009
6003
3976
1187
8769
5860
512
984
5378
1851
4462
8005
442
2778
7040
3760
574
3459
3190
1209
7171
717
8453
9082
8569
9128
5768
9896
3691
5262
3059
8718
7862
8435
7398
7077
8665
9794
8916
592
4735
9276
216
1416
2175
7808
832
5321
4391
2192
5152
4285
5868
5577
9054
341
6623
4183
9894
8123
1335
7837
3232
6102
2931
4284
3641
1004
4078
409
580
1356
831
2281
6856
3446
9046
1184
634
5717
5123
8547
9442
3959
5624
2694
1196
3503
8438
818
6482
8401
5138
2878
8771
3809
3853
9507
3792
9649
5250
4043
5370
9795
5228
6334
3415
1618
4297
1018
3816
5947
436
8112
1589
8487
8498
915
6782
7392
6797
9084
2930
1664
476
5713
2202
7902
1218
1237
3853
6945
109
584
284
2238
4830
1570
6266
5574
5045
8498
4412
1288
2655
8627
4891
7301
232
6317
5388
6156
7122
1014
2326
9707
315
988
5831
5664
8233
5812
2408
5828
34
1430
2815
4177
7872
7980
9212
9489
5944
21
7688
9279
9206
1376
6641
1440
5041
8444
3491
3406
477
5319
8934
4397
8008
8934
8948
6920
605
9267
4198
494
1559
2751
1752
2169
7645
6653
6136
5321
4069
9947
5003
529
1507
9929
3796
7245
1801
1491
6892
1730
8218
8418
1297
6672
6771
8588
399
7809
14
8690
2987
6890
3418
1900
3133
6610
1089
4741
6867
6729
7509
3005
4478
1964
6961
1599
4161
1057
6452
5929
6174
8368
1120
7067
4838
3021
561
4526
5085
8962
738
1
6362
1385
6184
4467
5351
7597
5641
2220
21
6590
8325
7500
1071
8911
9684
5782
2589
8536
769
3388
6369
6593
8041
6725
2027
1019
5241
6949
1420
2684
8161
870
3019
4234
5114
4558
3605
3051
8913
8911
9178
1708
3968
1986
9051
6761
9962
9170
3563
8134
1665
1783
8446
1394
5605
9109
7354
9407
1193
7316
7452
6457
1667
1596
3246
5708
5040
2933
1232
2663
712
4432
9770
5679
1789
1095
7288
5909
9006
5224
6141
5215
9056
1563
5138
5935
3667
1497
3825
5473
7029
8407
2245
2203
8546
2974
8843
9100
1236
8918
9566
2992
9414
3188
8028
8358
3694
1664
499
211
7711
7780
9844
6192
5849
6291
8877
2262
9454
7550
8240
8555
2901
5993
6172
1092
526
6936
3301
7177
7496
4778
8319
9283
5339
4061
1985
8974
4913
7849
4260
786
6
7384
18
335
6678
6762
4494
8239
2428
5967
6542
1477
1606
4987
4668
6591
49
1775
8900
9849
8231
4514
9780
1920
7439
9759
2883
9659
8077
9292
1275
6182
8807
8662
1252
5644
9074
166
3316
8266
2193
3996
1636
3896
9271
6960
5524
2166
2827
8889
8858
2259
1805
2319
564
1564
179
7587
1145
6302
4515
9316
187
727
3127
7013
5273
40
4377
3747
982
3473
7414
5698
6939
3388
2288
9290
4450
7497
711
2228
197
4187
2715
5729
8487
7263
1950
4770
9605
3883
2353
166
2686
2763
2558
9978
6389
1093
7438
5574
9445
8704
1698
9736
767
217
6577
4873
8280
5467
6588
1135
9787
1218
6883
3401
3662
936
2556
1677
2030
1395
9835
6942
1745
1088
7391
7779
6835
181
9582
6952
2651
1776
316
3093
1596
7649
8319
2167
3798
4004
5407
5414
8056
7485
5826
286
2681
8040
5362
5363
9010
8925
3587
353
6248
4805
1654
224
6504
3625
8828
713
9548
8151
1505
3473
6711
3981
5661
362
4322
3737
3021
683
2550
6893
3465
8217
6735
2460
6718
3041
6018
3526
4441
9855
3794
1005
8710
266
9388
6075
9285
3272
8407
6244
5046
5094
6037
9162
4164
8765
9593
9287
2660
8163
835
952
5874
9878
9537
5658
5827
934
1897
2691
398
8611
8844
8999
6479
1025
8796
3079
1040
8436
2848
2949
2223
9382
9080
4582
8190
5141
5197
1286
4447
1402
1200
3566
710
1462
8251
9517
4951
6441
1495
9422
1765
7502
8813
100
5196
931
1930
5112
9700
548
295
9319
6371
9829
6416
739
4175
5485
4854
6520
7447
5729
9594
2564
6283
8422
849
1900
309
2640
6992
1535
3396
7649
2011
5192
7759
4181
3065
771
7472
2275
8243
2081
5814
7909
9909
4418
3007
9492
8109
9688
2846
4046
2857
3001
4527
1303
8796
5068
3870
8311
1353
613
5281
9435
6785
5676
9104
687
1945
882
3209
7481
4588
4457
4751
746
9313
1598
4997
9632
8709
9489
4261
9277
5392
5657
5313
3118
5310
3885
8683
2159
6832
5279
5124
6097
8721
8997
5598
9633
8002
2753
8868
6708
4365
2827
7821
9104
1940
2599
3581
8792
9006
1627
6009
9789
5174
7922
5504
4825
2309
4770
3165
4269
5057
4993
3782
4769
6747
3342
256
3909
5738
5039
6828
3930
6836
1794
2208
5956
5012
2113
5003
5023
5738
5768
5960
7709
6279
7532
793
2054
8826
6962
9275
7404
8695
166
6586
8668
797
3391
2966
6472
8592
797
1608
5927
8138
587
855
4223
7450
3158
6814
1894
9652
3334
7891
4799
655
9453
5181
1231
1882
5895
1337
9712
7563
4172
4093
4513
4869
5426
9949
8573
5139
9179
2224
4514
757
6040
559
9733
2339
6128
260
7932
4510
7952
6816
5976
2493
4016
5937
8242
4207
2087
5335
9001
7737
1865
4991
4534
4207
938
2176
658
3994
5572
471
6764
6659
5765
1430
5333
4725
7906
3071
5466
9952
4740
5406
2568
1660
8455
9863
4489
406
6786
4709
729
3705
5613
2335
5229
5547
1914
1977
4708
2001
5157
5235
3135
6291
4478
2850
2611
5029
6898
1267
2006
3746
4903
8138
8514
7411
9850
5800
2674
5970
1345
9909
5963
7815
9647
1824
6926
9874
343
2222
8867
2350
1615
8492
9389
4586
5161
9734
7965
7568
2543
9972
133
4869
1651
7976
8623
1723
741
1548
6926
4305
9855
5884
8360
6309
8170
929
4736
9578
9325
8669
7243
1383
2748
6210
6328
1182
3376
6332
8701
4941
3411
6310
8511
7023
458
9056
493
1869
1718
1854
3776
7288
490
8079
9405
9895
3001
8859
6470
3751
6120
5833
2096
9622
8409
5716
6073
9969
8803
924
9964
4696
14
8902
2305
1673
4998
3368
217
7652
8520
2016
7208
5620
4866
8896
5468
1404
2240
2604
6272
6782
5688
2505
8027
7892
6775
3682
9009
1638
3229
5934
1916
3277
5304
8885
5732
7239
1407
6549
2623
2867
6770
7037
329
7396
78
2842
7906
2410
2888
5839
5070
8488
8315
4514
621
843
39
7684
7486
2252
8638
526
9263
5500
8225
1866
7391
9401
3801
8044
9339
1188
6237
1299
2055
8976
5635
1435
1385
8180
6138
9094
7469
7504
4519
8011
6309
3550
3258
3569
8799
5474
6713
2809
4464
432
4503
1224
9734
6974
8045
9092
8495
6987
4513
6166
5724
32
6729
2654
170
7181
6689
2373
4536
3037
3186
2947
2745
9338
787
2316
3291
9934
3970
9671
5742
7099
8241
4842
331
7688
2720
3762
29
7705
6400
1485
8295
325
7969
9616
6276
320
4987
856
9429
7883
4987
5032
8969
5618
3423
7601
1945
2405
9785
980
1750
6121
3013
1362
781
8001
4291
1978
5646
2978
9031
6746
2024
185
2743
5225
2372
3372
3947
1438
4385
544
8919
9417
8986
7024
951
6031
3534
4351
8037
2361
1512
9329
4391
8435
6531
2092
1110
929
7882
1302
766
8965
1369
962
6709
8385
2720
2332
1052
5304
2148
3720
1424
814
8790
5521
7975
8545
7324
1441
1017
9757
956
5643
7945
9767
2664
6730
1253
6966
2760
6697
2587
1815
1848
1593
4763
6348
9003
9212
9828
1332
8869
3064
7330
8779
5108
6978
6284
456
5137
6836
6892
2117
7718
7120
1932
4404
3201
8070
8494
7974
5710
9802
6098
4925
8101
7950
6698
1508
7187
7739
1678
1910
9948
4061
9032
1888
6878
1141
5267
2326
9879
180
4504
3992
1340
8665
6227
9614
7245
116
7742
681
8720
4296
1633
4854
5413
1734
2180
7415
4026
5686
3780
94
7624
7492
5587
6141
1838
6909
2198
5522
192
6679
5071
5945
8666
294
1210
8612
7467
8926
925
520
3230
3281
9126
9908
7045
7040
2236
5375
7095
7774
8654
9900
1032
8325
3077
5961
2030
920
9221
8888
4930
6344
2889
2365
5554
9349
6232
6187
3430
966
3676
3773
6286
4849
5798
4410
5860
7655
131
2162
2513
9805
2574
1837
9093
6570
7565
2050
1835
7369
7602
6131
467
3365
9410
2184
9471
4846
7913
6411
2777
2196
8530
7714
9828
6956
3910
7848
102
3962
9169
2312
2254
2577
7097
7296
1435
4451
3262
4747
7035
1383
5135
185
576
7502
5314
3520
2863
578
6732
4426
4944
6525
5160
8926
9904
8683
7097
4619
6392
8913
9471
6645
976
4414
7115
644
2270
2891
5041
6567
9812
6611
8299
858
1261
1857
665
8150
4527
9084
9673
9416
6302
3633
5233
1925
5078
8181
175
3398
2861
116
9777
6025
9368
5204
683
2961
4301
528
3356
786
6954
5612
3937
1627
1690
6370
6512
6037
1493
9620
2060
7555
9902
1119
1749
2850
7568
4210
3264
4977
1454
965
5545
5036
9553
2186
6746
2693
2332
7105
8292
5078
9095
4358
3629
2940
612
8615
3857
8736
4818
5773
9014
8667
6158
2807
9665
9740
5693
6145
3345
8682
4712
3204
7729
8971
4205
606
5181
6399
9139
2534
9000
8753
5145
2040
2316
2564
8755
9914
4861
7232
9627
8319
7031
7378
4968
4199
3310
4954
8117
1385
8977
7628
3679
3664
501
4304
2891
6212
6415
4723
3546
6870
1061
1331
8280
8673
1198
6007
4081
9568
6741
7671
5419
2171
31
1338
1609
7408
4248
9924
3522
857
2679
5484
9806
2811
188
4912
8250
8305
6823
9663
2167
1466
8681
9718
7001
9254
4295
3279
5593
539
8543
8497
2742
7777
8492
1833
9164
6442
7911
324
5560
7884
5135
2618
4730
5694
3547
7596
3130
6631
4339
44
1544
6924
1524
2248
4169
2969
9576
8692
4139
7020
6261
8028
2954
1706
8998
6072
5907
351
5525
3038
1502
79
5432
781
7203
1481
1773
371
7254
6526
5895
8278
9287
5868
7193
1378
9554
8976
6653
9720
3790
4246
8448
7128
127
3199
7134
2970
4601
3101
223
363
4182
4118
3276
4545
6613
7803
4806
2058
4810
9696
3326
2731
4848
8206
2730
9452
8933
3081
5035
9308
2186
9020
474
3436
7215
1964
2633
5754
8337
5216
3271
7600
7782
1548
256
6437
7407
3133
9865
6984
8966
392
8299
1027
8634
1108
7515
6474
1415
3362
2538
6983
3361
2957
3735
3743
3066
8897
494
348
6222
9877
6474
2351
7798
3130
8421
9350
3723
1898
9461
3253
8950
6616
8678
625
2104
8212
7032
1905
7370
2915
8798
8312
6328
140
2295
9995
5897
2096
7209
1823
2877
9895
9584
2454
1045
703
9035
8810
4984
3129
2533
2961
6391
2601
8723
4363
1302
6732
8817
8087
1556
5965
9446
9294
4853
2484
769
2922
791
2410
2824
2234
3547
9627
3558
8537
6119
920
5952
1748
1322
7337
966
8214
1594
8767
5689
9123
4460
4861
7344
6327
6417
5645
6478
4173
1434
5598
9328
2882
8935
3834
6712
7630
6348
7797
4622
5181
5793
9655
8389
9082
6602
4927
4094
6089
8
8480
1883
6964
6416
6777
6292
4416
5543
4430
2496
2960
297
961
7658
7153
3606
8406
4156
3356
3110
9691
6369
7143
1328
6651
1486
7438
9347
7869
5276
6233
2660
819
4662
7460
5511
7931
9365
7900
8459
8852
3783
2212
3246
2399
3674
2356
7578
2264
5183
4759
5819
2917
2816
5459
7332
2863
7707
9295
6497
6068
2772
9793
4471
4502
804
7890
9351
7862
1678
9430
4039
6567
4106
7791
3358
4843
1948
5323
6074
2598
4164
2738
2786
4769
7759
7471
3732
7384
9894
6278
4767
5571
5487
8477
7508
2045
2446
7222
2402
9803
5923
9592
9642
3673
1114
6088
6980
3430
1749
9597
1673
6929
7259
3023
9413
1552
2
7863
913
65
9244
806
6093
7254
6685
5091
3859
3680
7357
1725
523
2598
787
7153
7076
3620
4122
7207
9573
990
6530
7524
5744
7895
2073
8645
556
6930
1246
7837
8033
3452
2532
9709
6080
6386
3443
5463
2160
670
986
1562
2752
1469
7819
5387
6950
7241
994
3342
7539
9433
4210
2395
8234
6140
7332
4657
6042
6524
3154
7500
4749
7967
4967
8534
2258
9484
1184
6310
3384
6469
3096
8462
535
6439
8354
6138
4421
2558
3372
5071
7238
3856
9742
7860
3402
8631
6604
1205
9535
1379
5992
4964
5142
8669
8314
2388
6493
7919
3849
5628
4765
9324
8853
7817
2417
8203
7450
3760
9793
974
49
3925
9490
9015
2374
8628
7284
6230
8856
2732
3826
609
8116
9573
433
7100
7825
5037
2807
5349
1939
2879
6332
1340
6549
5762
4215
2726
6944
7626
1695
9498
3639
9543
12
9752
6038
7554
8932
9482
2824
177
9216
3271
4059
1669
5569
3365
6605
1000
9924
955
3372
5983
6261
6665
7902
5341
8336
5100
6784
8869
8915
6978
2034
4062
9958
3319
3345
8888
123
8694
7482
218
1550
9532
882
3468
3102
1706
5466
3945
2733
8680
226
7205
6885
2366
9913
5392
6727
1938
256
263
3964
2398
4544
4865
7059
3076
4959
1071
1548
1790
9332
1948
106
5249
6337
4182
2731
8285
8856
6056
1339
5935
4197
301
6295
2982
8353
9876
8721
1762
3596
8935
8855
2384
6254
2363
8077
8045
3771
6313
8365
5743
1232
2071
8056
9628
3529
9821
3253
7994
7512
2015
8995
6119
3091
1515
1953
6229
9995
5026
1536
7836
5725
9973
4646
3232
3803
9976
1491
3994
7424
979
8955
1178
6796
3604
4833
4448
2684
4665
9537
4811
7574
6661
1821
2641
1159
8810
992
383
9250
181
5980
5240
6828
7381
9665
8577
7938
7300
4
6413
3119
6244
8681
4411
3663
6407
9555
4200
2448
3971
1371
5557
4271
6462
9610
9884
3076
8999
7752
7431
4495
6357
6193
2429
8878
1203
9423
864
8790
3907
8740
341
7702
1687
2780
1391
7672
8716
9283
6588
1098
9556
4875
3216
8626
3373
5897
6050
4436
5293
8852
8860
5705
3413
4961
9663
4783
4516
948
1628
975
5152
728
7402
7675
3676
5560
85
9908
7870
6406
7311
4097
99
7175
6916
8731
451
2059
7669
8828
8593
6313
1902
8824
9071
807
5918
6149
6733
294
7674
6985
3630
6927
5529
3155
358
2296
9227
7969
3518
6205
2451
3632
6744
1077
1029
630
7109
6653
8886
2947
6042
7624
7703
8430
1397
7251
7599
7357
6038
8999
8259
267
5730
2492
9208
5172
3734
2417
1189
7914
9319
8744
9711
5092
9700
7371
9698
9621
8810
3122
2478
5799
9942
47
7455
6514
2436
5443
4845
6777
724
3538
8386
3932
532
7757
3767
6427
239
7658
9507
6497
3637
4378
1209
5520
9272
451
6494
5908
8591
4348
9502
7211
8408
8600
4781
5664
8645
3700
4949
8457
849
8898
131
8925
7797
5966
9157
4808
7627
1850
2676
3804
406
1363
4325
2939
9160
8504
3835
3028
53
2445
5883
5387
1496
5616
8191
4222
1437
6827
1313
7528
8004
2528
2268
6993
7773
7656
7691
4170
4717
1638
4319
2488
8288
2906
5053
6153
2784
9360
9189
1705
558
8266
6695
2123
74
4618
8063
2198
4742
9031
7711
2622
1674
9865
806
755
9630
7950
2875
9259
6364
3511
7405
8895
3807
8415
2408
1867
9117
2789
1925
1892
5203
5283
4762
775
3244
9149
3331
3833
5872
5879
3357
3609
2569
7343
1182
5809
2914
5872
1159
2094
2286
6486
7438
3038
6491
7913
4921
6367
9043
2963
1644
6647
6435
8169
3692
2173
5569
1119
2426
7474
3235
8676
8234
4355
8265
2833
4638
4553
7139
73
4078
4933
5611
4522
2084
107
798
1476
2406
7731
3908
5030
8007
4574
5591
7666
6278
7961
3900
7635
9182
8428
5594
6247
1950
9243
4903
888
3026
8650
4540
2932
8932
361
1285
4634
8023
3097
3191
298
7047
8221
6022
6257
8410
1664
238
5884
9892
467
8759
2643
3069
3298
2128
3076
9453
7418
1940
2073
5006
4567
3177
7997
3072
4106
1592
9534
2790
9920
7530
356
648
6779
261
9397
4052
8989
5677
8489
1889
1660
1796
8137
3483
1932
2254
2040
1725
2453
3614
8324
7260
6284
1877
7188
4647
1983
414
9055
3609
1790
4546
3611
9815
9632
5553
4210
4986
8997
8446
9829
7660
1362
8822
6472
2094
360
7918
1579
3701
5408
1378
6154
613
4956
7434
8036
9406
3570
8341
3316
3720
1632
9622
4378
3411
7532
4035
320
3537
7968
8952
9409
3361
6985
1138
8780
2563
1998
3426
7655
5639
1093
3594
4067
6654
7816
4796
8737
8040
4367
9916
9955
5208
7302
9163
7169
1858
6216
59
5587
5413
9662
6509
9279
9090
8835
6575
3527
8760
1876
7014
9493
893
1268
644
826
1110
2300
76
1129
6119
9628
5081
8445
5017
2555
2567
9216
9900
8692
8241
4343
1122
8929
1230
8140
2240
2486
3310
5937
1369
6125
6651
3409
2934
3898
8971
946
1047
6437
5691
4480
7935
1795
7576
8710
5986
8133
2602
7324
1020
8659
1997
9662
3759
9045
3067
5202
8106
4538
4474
9213
9231
1693
3857
6006
4313
3334
6633
8451
6751
3648
6850
9011
1732
9244
767
1328
9847
9415
5083
5296
6364
3885
5760
5895
7351
5685
6037
31
1051
5455
9176
8930
7212
2760
1258
4217
6657
60
5865
7169
8184
3376
18
9814
5555
9416
2063
6923
7804
8778
8767
8022
1007
1584
2384
750
8802
3054
35
2153
120
4847
6102
2398
6242
3825
4185
4766
2523
5783
3657
253
875
5733
356
6708
1779
362
42
7599
9876
169
1766
6243
4084
6985
9196
4817
2509
9995
2639
5211
5058
5452
7447
4120
5795
2325
455
6556
7583
2257
6867
6879
8835
9981
8067
1861
1973
7829
6121
9118
8238
9485
8708
3861
7310
9438
9185
5777
6132
8398
2000
2583
719
3208
2088
5727
6863
3047
3940
4529
4831
8581
9172
5449
1557
4266
5990
7321
6003
180
5054
589
5617
6927
9588
4997
4373
7989
6302
2426
2388
5708
6559
1112
8676
6269
4853
6186
1794
4701
2190
6279
9282
2708
2825
1297
3652
8489
7769
4209
6739
3558
3212
1640
6655
7731
6313
9982
6914
9267
7434
41
2811
9297
7660
1591
1689
6388
8595
6445
5861
4444
9746
9187
7114
8712
4401
9048
8502
9890
6541
8517
2640
738
8628
8938
6474
1757
2824
463
7357
7081
2089
6286
2195
4281
6230
441
8906
4353
1070
7857
2325
1973
9069
986
760
2901
5220
8052
6478
3083
5550
9030
4966
221
8474
9027
172
4865
974
500
7661
5767
176
2705
2340
7213
5170
4693
3300
5125
2678
7130
2444
1422
6909
7782
1301
8443
4773
7369
4710
7073
9558
2203
3705
8253
7637
1865
592
7381
6737
8008
4069
1096
5819
7118
9428
2283
6346
8980
9383
146
3682
2460
5236
7770
1866
586
7324
270
4350
3157
4775
3739
9818
4552
1538
5121
4460
5808
8988
3971
4873
537
171
9908
7377
5448
8881
6434
1219
2296
9116
2084
3190
9252
4857
2555
6996
9252
5811
9506
461
1624
7395
3511
3286
8629
6665
6058
5266
2787
5093
7150
5330
8376
9209
4056
1655
3611
4660
1332
318
1169
8862
8905
4210
6693
3385
5848
7849
820
8667
6257
6070
4161
720
9683
264
8534
1330
7508
9026
1764
218
8139
6144
1577
2782
6792
3107
7147
2970
6724
9803
8568
4121
7990
7069
3963
4981
6568
6987
9858
9154
6177
6408
4294
2715
4056
9026
3652
8799
3989
2966
3513
1195
4117
1833
4177
4854
6490
91
3454
1886
4949
5348
9748
7321
1564
2157
360
6067
3537
7503
420
4270
7184
9650
6463
855
676
9307
7337
6824
5128
5126
6111
2964
4197
7798
6430
4980
186
7687
7824
249
4227
1590
52
3997
3062
3345
2161
2469
5893
5558
485
5284
699
9381
3671
2006
6388
2723
5699
6006
3757
4417
6627
5267
7726
2466
1057
8203
4146
9056
4792
2798
9713
4707
7164
8896
2901
4225
6920
6787
9030
5404
8963
6283
4593
5188
2902
4619
6649
6636
2475
5935
941
6668
8540
4011
4361
9495
2289
7250
185
2418
8073
606
8727
9818
7478
5855
9299
9502
8679
3220
2476
5115
2830
9238
5719
8845
2380
7344
9439
1313
5715
1254
3670
9777
2185
5423
8289
8233
2802
262
6130
655
9868
5617
6467
3829
2981
8230
2479
6022
6915
1432
6387
2483
2519
4596
5257
2668
8111
9293
3938
8979
80
2096
4632
1564
1667
9246
1479
9131
3002
9796
6205
2479
8219
1413
7101
8431
5805
7205
7098
7001
7352
2408
2106
2407
325
3767
7983
1899
9238
5136
8323
5003
5889
5419
6769
907
192
6156
3145
7680
2089
5081
7889
7307
598
5487
1521
6020
4947
6333
230
5260
9136
7620
375
9570
3472
5486
7649
4354
5368
8845
9341
1913
3569
8411
6237
8048
6014
5558
9655
473
7891
4497
7199
5105
7814
5071
2676
8302
6060
5275
6908
5033
2355
6977
9084
4605
5
6817
6222
8178
2537
7319
9098
9171
7399
2983
1616
2757
3616
5531
3194
3903
6792
6315
4902
7781
1289
6213
5703
2202
4328
6695
3310
3071
4545
4911
9154
5880
6655
8313
392
5156
4279
6451
7118
6146
306
5006
8991
6557
6221
1946
9801
5539
5277
945
6851
4741
8217
5789
9013
9150
2747
3732
8248
7525
2960
8162
6805
6143
7048
6092
1514
4102
8521
8741
1830
2323
5555
1710
5417
4120
9251
8120
4784
9484
4033
9684
8638
3139
7655
5497
5191
6104
4384
2806
1033
8085
4014
7375
6007
5413
9954
4316
321
3778
1884
7821
2545
5824
1574
9455
6692
5388
9903
5493
8005
2610
9147
3057
9348
3323
4883
7171
6611
4038
6456
24
7834
2607
8319
5129
1061
2503
132
8040
3475
5200
3296
5412
6749
1414
3854
939
3476
1911
8129
2926
3243
4426
724
3118
5929
9524
7207
9772
3346
4444
2078
6186
9274
6767
8382
3135
8899
8954
6568
2675
5157
6277
6
3755
9494
1168
5699
1077
8662
7896
5059
8162
5416
2210
7323
6629
7548
5318
9573
1534
9675
4191
6199
1275
573
9982
7285
1491
2896
819
8251
7921
3357
6662
7073
2531
5556
2043
6507
3269
141
9656
6186
1079
6856
8209
8740
2815
9213
9587
5252
7910
6884
9150
7037
96
7714
9750
4625
6951
6915
2218
6204
3505
9195
6403
9810
4628
6111
4850
6961
8995
2511
640
4055
4831
9567
7803
2358
5563
4199
7154
3442
75
3045
6710
4395
7395
1882
3718
583
4532
258
7091
1706
2558
1208
8436
8150
9823
6905
5125
3915
6120
8729
431
3793
5115
5619
9969
7037
8537
117
7806
5261
1864
5047
5297
2311
2055
992
5144
6185
8563
2489
2368
1445
8128
9270
5600
8340
4232
3574
7657
2524
3990
1057
8457
8993
8028
3739
6861
2199
1741
3569
1825
3174
3057
1507
4528
3197
6945
6246
288
2773
203
3645
5544
7205
3832
6173
8709
6601
9483
6003
8533
369
1647
2660
4717
8475
8976
9000
439
3636
8877
5916
1348
3798
1641
8509
3721
613
8582
3492
5559
3640
7959
9992
8802
2540
1650
1616
9386
3377
8969
5359
7796
427
1956
5943
1085
1864
7606
3223
118
9100
3263
36
5657
2157
7257
9048
548
2089
9266
8307
600
4999
9631
2992
3505
6036
7740
3897
3298
6569
9457
8080
3928
9677
7410
156
6153
8878
886
7470
907
8491
9847
4081
1229
2764
9116
2191
1981
1698
8393
285
4080
2463
7940
5222
4296
8707
4204
3381
5071
4639
5530
2597
9206
4804
6175
2127
956
6363
2579
7285
9602
542
3086
2191
4222
3216
337
6972
9390
7932
2583
7209
4236
1157
5572
4246
1835
1337
5480
5793
6926
2208
3839
2704
6312
9937
4935
5972
7419
4288
8541
8044
3657
1335
6626
5941
5532
822
1661
3531
996
1295
4114
7908
8578
8674
5818
2671
3181
1762
4652
5231
1691
3316
8834
2950
3155
8375
2902
3876
2370
7180
2538
807
621
8594
7516
503
9385
5242
8296
6558
3763
6749
1347
4920
417
256
2724
4487
8630
7508
4062
7320
3585
9129
745
5957
1520
8690
7690
8870
2286
2535
9031
6850
4707
113
7961
705
4210
8125
8515
4832
5046
2335
6983
8840
2796
3213
1312
6411
180
5146
5271
5311
2920
2405
4376
1595
3647
8845
6064
5850
1193
3402
2808
8935
8040
6284
9475
9582
3277
4409
9668
6760
5846
1852
7643
5993
1160
422
8397
1531
9383
6159
7804
8199
5645
6934
2643
7044
1620
8302
4069
1540
1463
5810
4099
2448
5641
4398
6493
7434
9956
5930
4995
7243
8211
5166
6169
8283
8717
3333
825
3728
1366
1865
2658
1071
349
3904
5416
6269
3241
8741
8958
2863
2508
7093
2632
6240
6937
8596
6802
6574
5201
1117
3482
1302
6474
2054
3239
7380
6084
2348
7060
7082
766
4883
1361
3175
5480
7448
360
8463
4468
1022
7929
4780
6798
6874
2128
6092
7532
1878
5865
8464
2961
6445
3399
8941
6514
7483
4232
3618
8157
3510
8385
2871
1242
7067
1974
7753
7371
7549
6164
252
1234
6825
9427
3843
9219
43
5204
4387
8870
8835
4791
2472
2645
4709
6423
5348
2005
6713
2091
2717
6515
7184
7124
4877
8364
3197
4596
622
8813
4867
6843
3797
1538
7986
4564
685
9527
2420
790
7119
3265
7703
1397
2598
3103
9760
530
3969
1245
8706
4291
4652
4833
8146
883
3504
9218
6751
1887
20
3069
3491
7677
8843
4251
151
4071
1095
9554
2123
9425
5512
8168
4713
7853
6321
4131
2499
946
8798
9521
7648
7757
5217
3307
3332
556
9722
2107
8080
5075
9029
7982
3159
1304
3471
4350
6702
5693
1174
1924
2546
6043
3322
681
4718
1654
895
2531
6748
1720
5789
755
1903
6331
8977
9682
2859
3157
368
8343
5778
2325
7655
5086
5682
2505
6475
6522
4005
3855
9123
3453
883
383
6790
8270
4766
92
3152
3034
9354
2305
9556
1272
844
2895
8777
4091
8016
2248
568
1833
1003
6318
653
2944
8555
3114
3121
209
7108
6976
5488
2688
1986
40
999
607
7011
2910
9827
7968
5319
4911
5478
6248
3662
6444
8893
2043
6081
5362
9857
6687
521
3215
3064
8311
371
3946
7024
8251
1702
4201
5533
4252
2896
7471
6453
5335
8685
9096
7156
7796
7922
9399
8051
9083
6420
9582
4724
3067
6215
7489
6983
5182
6802
4969
9368
4456
9547
334
2152
5902
8463
475
3942
5930
3615
6804
5194
4211
5213
1334
9136
3690
4960
8261
1208
5131
4461
644
6190
5441
8970
7158
3094
5252
5962
9585
1359
7055
2901
7872
5801
833
9391
7504
9820
7527
904
9570
2276
7343
6375
2096
2263
2457
3111
2287
5710
2484
9984
5077
657
9396
8238
8553
5094
423
3966
6882
5000
2049
2798
9074
5176
5090
4797
6320
729
8480
1817
2401
1528
7890
63
4621
7717
6970
6078
8196
867
740
2071
4151
2181
8080
7639
1325
809
8378
7405
3383
9705
4123
8528
9069
3435
2834
2460
9583
5618
6759
7279
2043
7124
5723
7183
8756
9277
2176
1191
9320
2994
1210
5593
9979
588
3115
4167
8700
2093
3944
166
2111
3311
8351
2811
3863
8818
3737
8216
8432
2414
5045
902
4776
2100
1781
9855
4250
355
1623
6427
6136
8067
4969
5345
6019
8271
2635
8624
1819
75
5018
91
6518
5557
9844
5868
7201
3033
5210
4360
3369
1486
1620
3490
7193
2550
8541
4382
1087
748
2070
5983
2164
5244
3985
4024
4409
5646
9665
5085
1668
3463
8292
6891
838
8746
940
963
5915
9781
7326
7151
326
7109
5971
2299
5131
7516
1627
1761
8128
8649
5517
7190
9062
2860
2824
7377
6256
9195
9030
2273
6253
9308
8549
8593
4242
3749
2283
8792
877
6170
6354
6362
9948
1478
9959
1770
1596
9353
9677
2911
241
8535
8111
2643
6929
6079
961
5491
5197
9864
2316
1542
9039
1471
1883
937
1622
5718
8992
1352
7128
9362
3901
8010
1305
3573
2159
2317
7120
6995
4875
8566
1931
7154
1397
8054
3949
2260
241
5883
7625
1331
7188
1938
4194
1365
1757
4987
1948
8457
2608
2968
3949
6111
2190
5805
7432
3928
6600
3984
6135
4532
690
1566
4698
230
2026
5224
7761
3769
9204
9306
731
6575
2117
7804
1731
1544
50
6912
7535
8317
3198
1225
4252
1007
1801
2234
5097
9860
1724
3877
102
9414
1959
4695
242
890
8695
3203
2538
2878
4736
8025
5115
366
7397
6906
261
4199
8887
2308
5112
4642
7790
8927
1739
6228
3492
3986
884
2243
3016
7755
8379
2568
3109
2596
6526
5001
2228
3859
5070
833
4606
103
4093
960
1810
9659
5461
128
1265
6439
6434
2824
5494
8977
879
6863
9585
4416
778
4815
9995
2329
1554
1449
9554
857
9170
2623
4340
7143
5907
3389
6057
4238
5434
5484
7728
2017
7984
5514
1839
5534
4107
6641
6673
1986
1074
6092
363
827
9437
2701
5447
7273
8557
3100
4145
5397
4583
2239
53
3487
5947
537
6908
5416
5479
8297
1100
749
3859
8507
34
8848
5847
2058
3953
9535
8597
6086
4347
1606
862
7232
1846
3863
345
7446
6163
8299
6295
5462
2133
3326
9545
7740
423
7843
7051
6767
3510
2059
768
8580
9849
3995
8992
7951
7016
1643
2229
5691
6333
481
1455
12
3774
6183
5820
3988
8975
244
8382
4317
973
46
6377
1913
5318
1742
5636
7720
5953
7987
6536
2270
7550
6312
5280
5351
3003
5046
7271
4255
1548
1023
68
9203
3310
2007
2689
6992
7623
6558
1276
107
7463
1900
2423
5892
4726
2332
2069
2660
6158
2789
3823
9393
6689
3707
3952
2037
3727
89
4076
6661
5427
9570
7908
9520
3359
1510
5513
8657
3472
2424
2850
531
1392
3103
8483
7977
6287
2375
2239
9887
7183
974
1257
5727
9733
9343
2765
3890
153
5328
5942
2227
3235
4422
5400
2885
4703
5151
812
131
1883
4510
4493
5902
6269
1850
9913
3342
9801
6417
3087
4470
3306
9612
6210
213
7637
7049
7373
4612
1038
5774
9968
4327
4290
3220
9930
3312
3140
2391
1723
5849
5038
1383
2278
4651
2765
3573
1632
2529
4798
9857
5274
364
8548
4255
450
2801
5764
6876
6200
5519
7205
758
7668
1221
121
6846
5373
2640
3405
491
5681
9761
5203
961
1434
3520
9625
8802
3002
4275
4024
6924
9486
5104
2483
1573
9381
7085
632
309
7616
9410
3523
2135
9884
6528
1056
3603
9741
406
4389
586
9542
2195
5526
7537
7992
4800
3129
9445
2714
3694
7461
4688
2942
4684
3754
3406
7929
7976
8975
7628
341
4425
9629
37
3947
6859
4151
5363
6939
7109
5377
1135
5385
65
6000
6078
9142
8972
1221
9050
9069
9755
4741
6026
9318
1372
7021
2979
8813
7048
1421
9368
9802
1082
9838
1351
6863
5086
6379
8213
150
7716
2386
6980
3163
7067
9864
4882
6952
7245
8041
5320
5784
1898
3644
5560
5042
386
5450
3489
7421
6493
3462
3353
6196
6642
3553
6636
421
1282
3497
9920
4320
5109
6755
7125
1047
1541
5235
6008
1654
6222
6429
9086
95
2978
2069
5009
2218
4604
4336
4550
469
6126
9544
25
5699
144
2830
6286
3286
9940
2339
3961
9456
8056
3727
1627
5217
3634
7638
7084
7509
3542
2242
2776
5659
1573
6755
730
4840
7466
847
3054
3681
5974
8486
347
9421
3012
3758
2111
3009
8031
581
2366
9554
8326
4734
9985
8731
637
1638
1460
1962
1283
9814
7108
243
2069
1658
2766
2788
8001
1061
9583
4799
9826
6721
960
5445
7841
9507
7045
1713
7200
9517
609
7833
2352
3667
2918
2656
5262
6177
5116
8476
7087
641
3051
3284
7138
4065
2599
3844
3425
222
7379
3181
8210
5111
2786
8825
3840
4998
884
7259
587
9870
8824
4316
6814
8038
3059
6470
5242
8440
2276
3964
1528
5824
7249
173
3867
7148
8485
4799
2487
8272
2615
5740
3280
7771
4614
9171
9422
1594
7951
7198
9827
4233
3147
8582
6331
5922
4591
794
9236
9602
1334
2065
7367
8374
6672
1335
1381
7573
3074
4578
5816
418
7789
429
9483
2768
2577
286
8347
7440
8901
5152
2301
5994
2454
2123
3148
1525
3560
7707
1210
4129
4815
4249
4543
29
7937
1275
3908
7357
9872
1773
6428
6115
9014
1188
8744
5511
9445
8508
8180
9629
3394
9123
1908
8973
8241
2926
1605
9657
7140
2284
9273
167
9576
1886
4544
9493
9192
4474
8055
5829
4852
5032
9636
4036
8596
5678
4063
4540
4871
3954
8991
2785
7492
8371
3196
2420
1548
1173
7960
2178
2161
3538
6453
6240
9783
2537
9101
3462
9041
8679
840
3824
3774
92
1390
2658
8023
7961
6991
3976
1924
6518
6032
7115
5434
5049
2129
6474
8069
622
1055
2197
3947
5749
5480
6740
9203
4392
2947
369
9141
6300
7050
1872
2491
825
9613
1402
9092
2294
5086
2297
9191
6139
7064
3953
3010
2747
662
7037
4465
3541
8514
3637
135
3177
6779
4655
7395
2340
7876
1384
9816
9622
7023
5564
4895
3644
3428
3184
8103
43
8200
9423
6269
9481
4834
789
657
5159
5801
7157
689
2201
1623
2279
2175
6349
4126
4810
2408
5718
8792
7187
7475
498
5375
136
5378
3297
2871
5800
2431
2245
4400
2133
4846
4552
4250
1773
9813
1981
5809
4888
7796
1113
9942
1953
5026
5596
440
3382
7544
71
2384
4102
2358
3625
9731
75
3241
2972
4667
413
5396
3300
3808
2982
7121
6732
3382
2672
5842
8421
9376
5298
4909
3287
4453
4928
5324
8033
6913
7189
9888
1121
786
1928
7172
8887
3827
6924
3058
4962
5406
5079
6642
4897
5787
9263
9994
4826
8000
7158
9337
3015
2030
5593
7151
3743
4645
6696
7228
360
3731
1174
2860
2322
4938
4274
5906
2265
4432
2609
9261
3605
1304
8815
2676
1683
2664
3417
6371
866
9838
5399
3588
4655
4348
8870
8118
4742
7242
8516
5731
7230
6968
2449
3671
4752
3153
3025
9281
3071
9555
1588
7082
8509
4911
160
8269
5301
6101
1474
5370
2770
772
5878
6682
1087
7459
9671
8356
3562
5221
9058
5671
1957
940
5687
4684
6962
5293
2237
82
9419
2088
9872
524
4819
421
9107
9445
3736
4034
6275
1354
5543
7957
3662
4270
626
7568
8145
2756
1509
9506
8095
3563
9568
856
6196
8520
5753
2710
8629
3541
9780
698
4452
5876
8285
1997
9280
4382
5527
3857
1125
3234
8140
4113
8208
6116
4315
437
7178
3258
715
6252
9884
7757
2487
3346
105
2450
2679
9089
3999
6407
5068
4137
4702
57
7788
3004
8880
6128
2259
5334
4761
2020
1409
3008
4714
2559
8417
625
6910
8717
6475
2904
8991
6960
9605
7654
6401
1535
8661
1207
6029
7776
4149
8835
8798
9967
9401
6101
116
9897
8254
4084
9166
3515
9452
4955
8272
8999
6536
2888
7928
1269
2742
9404
664
3691
9426
6150
2804
1446
1504
6163
6805
7716
9379
4977
6163
2026
3061
7821
9159
1407
4307
3798
1560
905
3676
4728
8124
9485
1204
325
1293
4374
2123
602
1751
9426
2957
7193
3304
5649
5588
8965
5827
203
222
8304
9801
2641
1112
3582
4585
8234
6992
611
6188
638
4683
5218
2213
4599
2689
5869
2407
3937
8554
462
8220
2124
1262
8824
3455
380
7128
3011
8985
6205
7234
6263
6330
9082
1298
392
8040
8413
8200
4535
4027
2429
5802
300
8868
7928
7407
1944
9884
9555
3008
9234
8501
5048
7389
5298
1450
393
5498
7656
2890
3841
6962
5688
5881
7480
7613
8566
4812
3824
2096
2317
1331
749
3399
9280
9698
328
4941
4267
577
4601
6681
9745
9975
4327
8990
3514
6000
6390
3942
2759
8809
6934
6881
7076
3633
1843
8477
3648
4851
9632
7087
7187
1072
7054
186
6072
2970
1426
7470
9924
2480
8645
9543
3724
639
5369
5760
413
9523
5692
24
5647
2094
4936
3100
7703
3923
4235
8647
388
2534
7147
1121
1248
4506
2484
8364
7674
7210
1731
9001
987
2917
5084
667
5638
1931
8950
8332
405
6994
2953
6071
937
4450
1324
4332
5620
6770
7588
744
9934
8040
4892
7438
5011
5113
3056
8905
8738
3673
2717
367
7546
1182
7545
2702
5596
8425
1697
6460
2541
1130
552
9583
3144
4999
5683
8412
7492
1023
1726
751
2067
1262
5942
4574
3682
8220
3975
4161
214
1098
635
6271
8009
851
7042
9307
6016
681
2795
8342
271
831
6149
9274
3671
7088
931
456
109
3189
9427
7869
2450
6114
7893
4713
5785
7862
2226
8969
7486
1305
153
4610
9133
5082
3600
5909
1646
1221
2419
9062
9685
7747
5435
3481
6005
8355
68
8089
2170
5135
3523
4969
29
4055
8672
76
4939
7504
2663
9647
9913
7593
8640
1156
3513
4868
4617
5300
208
5163
1328
9376
3278
7240
7990
1518
7406
5411
4062
1855
9363
5854
826
1907
3659
7137
9220
6251
9247
6847
7025
8473
7254
3449
6500
8987
7629
3705
5518
3399
4442
5286
4759
9512
861
1274
6684
7301
8240
5646
4823
1073
4932
8051
4209
1935
9805
28
9343
8763
7713
7803
9387
7978
5836
3470
7281
9554
3010
622
9929
1431
3286
57
3783
9209
8536
5934
9963
8910
5390
8941
8912
2475
3862
7649
7055
8274
8588
1533
9747
1315
2109
9046
5008
7157
5164
9989
7941
512
8020
5038
7465
485
5889
9419
3161
2899
4717
4761
3253
2022
9170
8842
5306
9811
8242
3079
2625
5385
3356
6367
9325
3889
8776
3726
5919
5919
3074
7625
7190
4033
6210
5647
9160
5371
8584
9431
3514
1497
2721
7042
5098
4464
6279
4929
8604
6036
1694
3508
5798
1860
2393
5225
5989
3672
3462
1280
8470
569
0
4724
186
3584
4938
188
2974
7118
3784
3633
7677
4438
3782
4978
1214
2895
3229
4282
7685
7314
2985
5447
2543
4749
9399
6710
8713
102
6190
7531
8999
5712
378
6261
4353
4657
6658
5208
2865
9722
6897
1242
6665
6453
3979
3013
4440
2130
9094
5738
2174
5590
4946
2984
542
572
7736
3646
1832
9300
8399
7199
1932
5382
5256
818
5407
8945
9250
1538
1629
8788
5556
4959
5991
6126
7426
5881
5097
4036
336
7613
2451
7472
3490
6041
9867
385
1796
1993
5021
2406
2655
8825
320
1970
3523
8526
5665
2508
7874
3245
8351
7800
8869
1446
9599
9311
2983
5601
4449
9540
1445
2690
77
3362
2070
4626
132
9169
1751
5306
6969
9747
5239
3977
6440
4069
7110
9694
2092
2788
8967
3052
1523
4575
2684
9449
6292
3205
7762
9737
3861
2141
9086
9762
3712
1482
1655
9431
7419
6320
4836
1546
2771
705
1575
5517
8494
2874
1399
8244
8563
179
8766
4972
420
6047
3656
3877
4916
2751
350
3078
1114
3624
3303
7368
4068
948
8948
9765
7739
7257
2848
3580
9112
2554
9297
6443
5987
7483
4838
4194
1484
5625
1330
5295
6316
6598
9331
3706
1522
7855
6609
6625
544
872
1482
7224
2017
4675
5142
5287
4969
9548
6177
4123
4260
4722
2789
3192
8169
7506
3636
9626
9369
950
5016
7692
361
5953
4221
785
6376
5913
7125
8906
4443
3733
9906
5581
1990
5905
1804
6660
2024
4308
6956
5031
894
839
2707
7759
8233
9764
5583
8932
6473
6776
4043
3948
4361
1109
7002
452
4627
9075
6058
5606
3581
7376
2399
334
2115
1893
7632
4557
3643
8746
7823
4630
2630
9429
2224
5935
3530
1915
1474
2914
9830
8708
1300
839
7607
2047
6900
7203
104
8526
6171
2820
8232
92
7498
605
374
7905
5761
8563
3439
751
9809
7194
8910
8408
6729
804
7763
7731
2784
5046
7956
1248
2654
6644
7715
4690
6989
9099
8921
3450
6755
6755
8546
1426
7463
7986
6914
8201
5111
4387
9481
132
9682
6621
3069
8797
2951
9325
4746
6938
6853
8383
4165
8739
5076
3214
6447
2771
2695
9113
8450
4954
705
6709
7878
4388
6041
5393
1633
1637
6258
3339
7927
2518
4388
4088
5846
2434
9960
6913
7442
1394
6842
6256
3595
4478
2049
7839
9128
4021
9564
9619
3922
4488
3001
5920
16
2567
5611
5128
821
4371
8213
3272
7662
7301
3457
4891
6107
8791
7413
4155
5483
3049
7583
2376
8785
1321
1797
3278
7635
2624
5866
7576
1351
8605
9782
9465
1494
3599
4715
5919
5847
8985
936
5909
1441
5150
8049
4127
8541
2249
6357
1682
6291
7724
7118
217
2634
9957
5024
6490
6173
4094
4999
5281
6635
8099
5220
7736
1097
8833
5317
2698
8643
5728
2050
1064
2981
8255
4940
6260
1248
5265
6766
7277
4067
2649
7919
4036
5311
3031
1987
5459
5280
4598
6568
8084
7836
8319
874
968
1639
8357
9854
181
3643
6015
6308
3659
4303
1767
7323
8121
1295
6904
8753
812
8815
4578
2183
188
1138
2920
2312
2269
652
1711
2755
7681
9472
9659
1634
8656
6701
9511
612
5311
3816
671
5686
2463
9237
3792
5085
7563
163
675
1151
9951
3343
7787
1495
3248
6306
35
7970
5494
2434
1821
7174
2408
1845
320
4204
7435
1839
4970
7856
8381
9999
4194
892
68
3878
4376
6156
4304
1142
3522
6077
2786
3848
7284
4477
9741
7622
45
103
3246
3117
5834
6053
4205
4914
3102
4213
4380
1942
2286
7840
6190
7004
9540
880
3556
3387
3983
9479
3840
8030
3503
8673
3386
7236
5022
6503
144
5236
4435
2396
9985
5414
8735
820
5996
7618
4157
7947
174
6140
9093
403
8762
9500
8264
3107
5876
1465
1542
199
6857
6824
4435
8628
7860
9729
835
1018
2496
8698
6286
3109
9315
6499
9936
2858
9640
5503
1343
8212
382
232
4880
3720
8436
4269
9558
4626
6836
9860
1020
5549
338
8965
5563
2258
8160
6029
4770
282
405
5600
5048
2124
2550
3152
6454
313
554
1683
6542
4745
9469
7455
5050
5940
9394
9556
9092
743
2398
6609
2498
9639
5870
2447
5391
2025
892
8458
4175
303
2436
5542
5796
7822
3826
8170
2669
3669
6697
6728
6110
5673
2744
656
4111
2398
2203
5607
2347
413
5019
6233
7418
9239
8073
1828
2631
645
8600
5911
5879
9900
1838
4616
3619
5434
5509
1673
4689
206
4527
117
1224
914
6817
4814
4476
5031
3449
7564
5009
9956
2840
8568
777
9060
6046
8865
5820
2523
7281
3773
9077
9036
5487
2051
8572
1761
266
1992
9518
7056
8154
823
5706
8684
3358
3237
4763
4120
266
3757
1315
5510
8227
5700
6838
3542
2553
7113
4468
8650
2295
7027
6907
4436
433
5294
9095
8897
4579
5916
7527
6115
1590
2496
7727
3462
4356
3760
5034
3852
2994
6557
9594
3958
7404
3849
3051
5874
702
8669
1949
530
4078
3900
1182
7116
97
3314
8016
8749
6630
7390
8427
3341
3836
2493
348
3277
5000
9558
8063
1324
9651
3239
7124
7604
6224
5056
8731
5196
2644
1501
9202
2721
1955
2530
130
5176
379
6016
6919
6827
6212
6982
4527
4381
4675
56
4643
1789
3537
930
1001
6157
7003
5372
1598
5733
1243
293
576
3825
3323
5560
7054
9716
4301
937
3249
714
3410
4661
5836
4576
6052
7960
4949
8091
7027
3181
7904
3316
4318
1177
787
2783
5448
614
6732
1453
4963
4218
6319
8603
7136
2958
6476
9428
9328
9598
2701
933
5070
7593
7593
281
7756
9668
5408
9649
7157
4607
7499
8972
3181
1094
613
605
9237
3128
3683
4395
8129
4703
6833
3070
3264
3712
2199
421
5379
5830
1616
7488
1993
6087
1583
7539
5817
7078
6319
6197
4993
9287
7006
1920
7404
6827
1064
3844
3585
5051
1121
5499
6458
8498
8595
7526
4475
883
1402
6980
4521
4540
8946
8688
142
1499
3579
7315
9432
5896
4350
4844
4913
9142
7647
4534
9238
9771
4150
9802
984
7682
5018
2232
9023
2807
6537
2609
3319
2310
7636
8247
2565
3141
3090
3100
1389
9195
708
6066
9673
925
8543
3474
1262
1031
8594
6460
4504
8419
4992
6064
1982
7362
9797
1665
6225
3311
9633
1464
916
3241
4635
2482
9372
8911
9567
2999
1162
5706
7483
9243
3493
7993
5663
3861
1476
8518
2666
9924
8400
2296
5795
9927
3778
6643
3198
3463
2505
5562
8728
1424
6138
2966
8281
3618
7419
4617
7877
3746
3929
8433
7448
1929
6529
8743
7631
6650
8766
9137
6692
4210
2524
5174
6229
4527
4493
1623
7064
3517
6114
5878
4452
7699
8824
7918
288
7036
7088
1566
9146
6504
2206
724
6424
566
9869
8705
9101
7989
4102
2684
7299
5462
1934
7542
4543
4951
8206
7709
2255
6961
3466
3149
3897
4581
6740
2774
1646
9640
6713
8409
7313
8371
7273
7389
1186
5974
5749
4183
8922
7123
4826
1772
4962
5499
199
4559
865
8683
403
8682
7002
3392
9051
7735
3562
528
6239
1364
3539
7256
2942
154
1506
5310
9244
2458
6328
1621
1250
2578
2669
7659
9269
4022
1610
7359
4055
2300
3813
885
7043
7120
7021
3414
489
7405
6692
751
887
406
9921
7983
8119
5416
5792
9647
4259
2587
8774
3590
5571
4502
4402
3489
9960
8097
2140
4276
843
8940
3055
2831
48
5989
8369
1109
8151
8642
8979
4571
504
7534
6831
6849
2459
5672
2906
7079
4589
3833
2744
8684
6970
7886
4190
1354
9772
9810
3280
9077
6334
5210
6897
1696
596
4957
7742
6330
7109
8184
4107
1184
4810
6525
8892
3018
7275
225
4443
4418
4022
8331
3954
2577
2859
5572
2528
276
2472
1655
1111
4038
396
4238
5921
8601
5209
693
9617
4762
9966
2105
1650
8324
4049
3349
1158
2691
2007
2591
2793
1371
1675
166
119
9185
9582
2453
4922
6253
5794
9146
7711
812
7202
3541
6643
2133
5913
2464
7136
354
4391
8110
2
1645
6102
2452
6876
3204
5774
8100
6316
6278
5164
4161
2928
3288
2189
2862
5839
5842
9262
2211
6002
3183
3291
7672
4441
9144
4237
4390
6949
8071
3657
3383
1128
8754
9531
8950
4777
8783
5566
9632
198
1900
1137
4156
1937
8634
3492
2812
5610
3007
5593
1904
1262
8907
7192
2557
7204
3621
8808
5964
1599
5221
922
7853
5764
998
9422
8433
877
1051
8974
8509
6742
7451
349
9034
8760
7465
7037
338
3444
1324
7379
3381
4610
4521
4239
4599
5836
7407
7728
8161
4263
3511
6346
8262
2953
807
1432
5673
7534
3942
3256
7284
8298
7187
6590
4662
566
4130
5448
9040
9012
4336
2527
8882
8495
8063
8446
5687
10
2702
5711
7553
3753
1380
125
4220
6044
7193
5541
2905
4456
1596
469
4697
8988
3381
4245
1259
6892
2619
9506
4144
703
8847
680
4010
6380
5559
3448
4067
161
6021
8672
2733
1585
2217
6419
1337
1377
1307
2454
4934
6454
6400
2723
9095
7433
9098
5707
6579
8430
8343
6404
9799
5376
4707
4740
9564
9167
2959
6907
9445
9774
1807
1371
8710
8189
8778
6599
2457
8895
5026
84
5901
2059
7908
7551
6061
6431
6518
6646
1874
5448
7115
590
6973
3733
8783
1810
2395
2612
1101
437
9061
9787
2941
3828
2571
9274
815
463
34
8013
8049
7381
7580
5697
9046
9272
4730
9471
2059
5046
7040
8310
6006
4145
5270
1094
6724
3540
6981
389
508
4535
4389
2654
7491
8479
1918
4525
5393
1430
4985
5309
6259
2839
5874
8616
6421
8036
6923
3662
9034
2949
4097
5858
5853
2079
1593
1071
9975
4077
3123
7386
4255
5058
322
6925
8453
7087
3945
7861
3596
3981
8879
4878
5701
4389
826
2022
7832
870
242
1886
1731
9788
359
266
4962
1413
8659
1044
4971
2933
899
7724
8417
816
7848
6656
8935
8138
6657
6247
6747
6874
8475
7354
9936
559
4704
9223
7810
3678
6301
3736
3940
3831
3739
5001
4709
7245
7121
2184
2147
736
3822
3332
9995
6375
4373
820
5871
381
9871
2793
4433
3695
3009
4027
7738
4929
2173
2074
3169
8118
9494
8284
1449
4657
2060
2267
5146
7842
8993
8749
7575
2658
7408
732
6377
729
1028
2296
2909
4883
805
515
9969
3138
6153
5921
4877
5616
1281
6344
3265
4
3340
7220
2886
2324
7388
3381
805
8340
835
717
6902
3308
3906
7360
9614
6196
2385
7711
3815
7964
2508
2038
6773
8501
2986
9458
5619
8308
6032
6512
3518
6988
8316
899
3682
5269
6368
7255
4180
2222
6433
3569
2865
6305
5937
1792
5306
9684
6170
4391
5059
7411
3665
7028
8393
4679
6741
2179
2532
9647
7835
7254
1988
5367
208
617
7212
1686
425
595
8104
2397
3104
380
3758
9248
8678
9666
5598
9077
7106
5591
1533
8820
8974
7691
4277
3727
5686
2670
3571
3069
5147
5815
2401
9594
3704
1084
5323
279
8206
1880
7417
7230
8890
4071
1647
9619
119
4017
839
2209
4988
7273
6823
4349
4414
9
4075
6195
3860
2410
6832
4550
73
230
6424
8659
2777
2691
4226
7182
6166
2235
5454
1908
2455
6619
7051
9626
6952
1379
2059
3957
1533
4838
982
188
3204
2744
7150
3328
357
4590
9580
1924
6075
1273
6382
1797
1982
2494
6365
6353
1607
9296
1022
5408
9994
3004
4710
8623
7056
7586
7723
6571
1199
2403
816
2461
8302
9616
4863
5726
965
6819
9433
3277
2724
7448
8796
5140
3222
9486
4718
6497
495
7437
8030
6809
5217
2310
5319
1949
5769
6790
7152
6984
6517
4691
9082
8390
9374
1957
7010
8507
288
8761
9279
6405
1298
6296
4067
2338
1062
3442
6077
4536
285
9812
7189
4216
5350
8377
9915
6471
794
3983
8978
9477
8576
9187
2003
7676
6136
7871
3674
3243
2150
449
5229
8441
1196
5483
4013
4518
1819
1430
8078
6046
4204
1226
2883
2746
6379
3261
4433
5410
5575
2581
5150
926
2672
5530
6287
1310
4389
3272
377
2199
7462
2444
7034
7007
7445
2737
1931
2926
7457
9977
753
3034
9070
8472
6813
6847
6209
6557
5482
8767
4522
5626
7336
5376
3848
7276
8582
9228
2944
5584
2628
9991
3859
2563
5316
3779
1
8676
8602
5645
6472
5165
9581
1530
2689
9461
9384
7757
3968
5136
4845
5418
8531
7601
2370
8484
5936
6092
7393
3127
6850
3054
7994
9761
2358
7240
1435
5365
4926
1132
9896
9913
5088
7906
1856
2417
369
7548
3721
2149
8366
3993
340
3305
7730
7020
8070
6924
3452
9191
4485
2410
7523
4305
5755
3452
9010
2674
9661
4688
9130
1403
7835
8343
2621
8985
2427
8240
9203
8790
4342
1183
8821
4965
5327
8465
2067
8334
5354
1996
7870
770
8782
3380
5034
2764
804
6228
500
8229
478
2992
8918
6460
5524
5823
5160
2423
7657
5166
4745
7125
4789
5396
6305
6
8281
6596
7400
1119
2977
8116
9121
8339
8900
4520
4554
5166
5917
546
6514
7818
774
3058
3655
1885
1968
3350
5105
7074
7025
9895
5981
8827
813
6993
6446
9986
7365
134
3021
7873
47
5788
3431
5321
5949
5001
2765
3522
4639
6401
2719
7636
6731
8306
4169
9192
3015
442
6594
9814
6879
6135
5852
623
1819
8593
1489
6409
5724
2661
5040
3018
810
5878
1506
3129
3522
9605
6145
477
7954
9550
2003
7419
5843
1536
9855
3572
2875
3329
3782
1421
2347
5437
2197
9733
397
4933
1730
7845
7492
3975
6512
1388
1392
5692
2574
6875
1093
1572
7129
9672
8311
5462
2497
1738
5514
4892
6462
629
1633
8348
934
2000
9616
8600
5378
3128
8919
5515
1032
7070
4914
8229
9118
9130
8070
7371
2547
3975
6897
4549
2716
2273
790
7537
4687
102
4376
7461
8328
9023
1174
1644
1988
7352
2012
5935
2778
3270
1698
120
3560
9060
3471
8191
5209
4172
7775
4596
8507
7291
5162
5944
8238
6816
6074
1819
2569
537
5055
2282
8455
2294
9164
6722
7192
1656
9754
5202
7107
9486
1520
8146
2895
5116
9829
9514
2656
7534
3265
5651
3149
1122
6274
7971
8053
9080
3896
5959
8742
8960
8487
5387
4072
813
1374
1514
2779
2268
1534
5460
2333
6072
1959
7895
4916
3152
5012
688
1406
9746
2237
7072
9554
3344
9899
7046
9860
7430
5799
1282
4540
9636
1309
5043
809
5313
8395
9699
3446
1075
4589
2410
3946
7308
3327
7405
7985
4294
3476
3656
4466
7013
8714
8605
1610
7035
4547
4949
6577
4574
5794
62
1393
6292
7126
7654
6540
2889
726
6584
9845
3556
1856
8534
4249
4588
5583
2861
5013
4371
7305
7247
3591
2430
468
8114
200
8038
1868
6610
2075
6830
1987
6292
2258
5875
9852
4474
674
1151
4322
479
3371
6491
2500
2567
2820
1227
4753
5289
5731
6858
4788
5005
8949
3676
4500
4438
2926
2079
5868
1992
6957
3808
1702
6231
3385
6346
9635
5453
7658
9642
8458
4346
8618
5253
7771
8341
974
8244
9190
2188
7497
6472
5308
5319
4620
3962
2165
3953
5422
4260
7849
7471
8026
9578
4399
9416
9391
9082
402
8067
2878
3179
1579
2979
9941
6096
9596
1429
6132
9015
2105
6741
3041
9351
5440
2515
102
7039
3442
7410
3937
2992
6054
1034
2045
2200
4250
1755
5330
7263
5789
4062
4827
5256
1458
5335
2458
1016
985
4266
2735
5602
9581
7289
4957
6771
6509
5381
3537
460
2352
7729
1423
3173
9143
9441
2189
3320
9348
3663
6234
1385
5211
629
8041
2766
9058
8173
6153
2911
6089
770
7040
6105
926
5220
4009
2137
9853
9641
1432
9028
7117
310
3062
7597
1630
3774
2506
1069
6500
9393
2420
2338
812
671
6799
9636
1859
9661
5250
9536
4908
6213
9825
4787
4417
6843
3650
4441
1689
3448
3151
5051
6699
7617
1860
5830
9710
5345
1931
1024
1659
8076
3417
2499
9755
2000
8657
3166
8422
3511
8768
7749
6583
6710
2186
463
2785
1650
2406
2739
436
5890
8353
4082
5377
3640
3850
5627
2348
7111
2038
2169
8768
375
8278
6980
2301
9426
328
5479
8161
6053
2014
8602
420
6029
1495
7196
5855
1269
9278
570
3732
2657
4213
8947
849
4375
2695
3379
9410
2313
6777
6244
6712
1338
5507
9453
4146
6676
6127
808
8828
3958
3195
1781
3404
6939
7488
4857
1264
8612
4379
9266
9254
1008
7104
7340
8382
5705
7620
7518
828
235
9329
6724
142
9056
9760
9560
4881
2409
9811
5687
2832
9079
6430
3535
3139
4254
514
4658
7085
6966
7261
239
1718
9215
7023
7967
2016
7017
5876
7862
8132
7557
3044
8324
7325
9945
5583
3953
3739
4653
2126
6533
3079
6920
2244
6194
9521
9871
4265
9745
9000
9173
5890
5042
4733
2158
4736
5794
3999
4268
1736
449
9053
1739
3215
8108
4458
9565
8066
2027
8495
5340
3503
2224
9216
5032
9890
9138
540
2912
4029
670
4383
4958
1034
9603
6768
9739
7797
4810
8811
6990
3265
1023
2399
5326
5154
4336
9395
2068
3378
3950
3629
7585
7140
1168
3714
6774
2788
8851
4339
6357
7792
8244
1460
3027
1833
3653
6736
3351
8625
4003
4336
9065
8760
6855
6745
8569
8802
3895
8090
8412
6425
90
1020
7400
7821
5772
6742
5799
4490
6812
4726
8030
9522
4288
8866
5770
3719
1435
9759
3804
2641
5046
1324
3110
8569
888
6260
3407
8533
3578
6337
9298
5648
3787
9426
5749
5947
2785
8321
5054
8747
8319
5175
5320
7287
7956
5877
2985
5841
5839
1999
71
2851
8216
3480
9647
1993
4932
4719
5401
9908
8529
4425
4140
1510
5494
2078
8264
5269
6359
6570
8005
143
4472
2346
1244
2323
1372
6088
2533
8917
5221
8526
6049
6835
4806
1
2129
7932
6571
8204
9388
5961
6023
4807
9776
5681
6682
8898
5182
6188
1578
7473
1635
9495
7038
2199
2114
7469
2794
8214
7626
2620
6433
8920
5139
7549
8227
5972
8949
5751
2993
6061
3272
6392
2718
9825
6801
2935
8257
6657
3007
8772
3888
3819
9794
6190
8790
1764
1785
3554
9930
5003
422
8788
7978
8085
2983
7513
5192
8394
4588
1346
5363
183
5329
9697
9324
1449
1028
5770
2388
4877
910
9459
4997
7743
5115
1759
7647
6494
3827
9173
2902
3488
6450
9852
7488
7155
7249
450
6044
135
4891
8837
1886
3471
9418
6389
7605
1894
7451
1760
7891
2711
6045
9819
2844
9806
7638
3819
7596
9221
7040
8441
4195
1802
9270
6305
8103
9975
8671
1932
9422
5394
5260
8774
7248
3864
9106
2438
2104
3997
3116
1487
1246
5878
4271
5860
4324
1124
1624
5783
4754
1111
7172
9178
9127
5277
8325
4853
3365
7247
1104
4017
2062
1584
3156
9177
8734
683
2962
8332
3962
2797
1782
2935
7684
6300
2693
2415
8126
7353
4431
3158
8689
2551
3614
4587
7194
6093
4294
2570
5323
4224
3215
8269
4102
3297
2784
1217
657
4621
5476
2763
2508
459
5164
4647
9793
2730
6876
9349
9487
9106
659
2115
8206
5739
8075
5241
3577
2745
455
7255
7338
5646
4659
7694
3398
3338
5376
651
5028
3163
4710
9845
9784
9413
9446
1828
608
2581
1937
7652
4431
9767
9139
107
1909
5972
8336
2659
7896
8384
5358
9663
7882
3372
3704
3298
9179
4245
4922
7067
3278
2943
6134
1244
2135
8464
5255
4026
2807
5991
3522
297
1732
2721
2169
2896
1344
6575
4168
354
234
2309
1447
5884
8868
8307
4861
7293
2231
9516
5595
9955
7462
7382
501
4759
51
3347
3664
2250
4086
9339
9780
7537
2722
1169
3561
3454
3430
6950
4950
8934
8056
4209
3820
8255
5635
4496
7548
2627
5209
2276
9933
1676
8221
5763
3339
2727
7551
9510
7205
6580
6419
5486
1178
1276
1177
5194
2779
1088
6611
9217
4624
901
6115
1661
4201
3814
1770
4697
279
9139
6085
6878
8158
5963
7519
1129
3599
4650
5048
9755
6760
7466
3592
4880
6696
7293
2916
4997
8947
4333
4222
2589
6042
4459
8677
7558
350
9607
1203
5322
6131
2782
4920
1478
5916
682
5471
181
766
1829
6672
6868
4431
8990
9727
1341
3895
3262
1151
266
5317
3937
3779
4181
8763
4141
2617
6484
1916
872
7680
9924
9209
5591
8776
7409
4030
7638
6915
5236
6360
9754
1246
666
7688
5711
2951
198
9341
76
4616
8032
6678
8581
1593
3510
7029
5107
3247
5325
5556
5737
8411
2757
3279
4469
4813
2894
4370
9808
9585
9530
9166
2858
3917
3757
2766
4793
3098
2318
9004
502
9750
5127
3100
9986
3599
4670
8296
8600
6053
2515
5412
4850
3138
6850
4966
6146
4176
1511
4536
668
3201
7987
9481
4039
4052
9562
5901
5841
3378
2209
611
8628
7132
533
9374
1441
8629
8743
3750
9405
2463
3149
9317
1755
7129
2079
9529
7021
4214
7711
7234
9134
2076
7160
6626
1799
1577
6387
1675
383
9141
7994
504
5802
9415
2118
5190
2419
4048
9908
5737
6191
4844
6977
2476
4747
955
5962
6163
7141
3640
6440
9318
59
9719
3493
4905
7233
5277
5681
6239
7091
3096
1354
504
7558
9129
2496
8113
321
2579
3237
1149
8511
7510
6009
486
9490
867
7038
2982
5736
1371
8493
2986
7697
624
5420
6757
7110
7932
5766
8329
7271
3461
7639
5952
4268
6359
1412
5299
737
8516
3837
1257
5894
1089
8699
110
4681
7321
3441
6872
1404
6987
1520
1074
381
5365
9674
9807
9263
9441
5425
2494
8500
1174
3770
4457
8080
1663
8537
1082
6100
6217
5290
9484
2231
7756
2398
6489
120
8379
2495
8089
6418
2579
4477
4140
7893
7606
745
2446
350
2859
5329
3855
1672
763
1152
4995
5274
3735
8890
182
3315
1955
2669
3933
9560
6826
2133
2947
6536
4870
1081
5070
6907
5586
4369
2649
2456
8584
7776
9665
9909
122
9675
8795
1300
4021
4783
6930
5899
3938
3398
5216
3535
8961
7634
1493
6130
7104
9574
8628
8965
3166
1317
5231
1544
8308
6232
186
1568
4128
6103
8686
9436
7335
4265
9642
908
390
6161
8052
8123
2191
6233
6652
6684
930
1678
2227
4548
1512
9449
122
7266
842
287
7507
1104
1016
9452
2017
7892
187
7791
7920
7998
55
6380
4440
7666
9834
4757
5511
6496
7906
3738
8317
5513
6364
1930
75
6810
7855
1402
9595
3988
7414
3121
7159
3560
8369
4052
8570
9531
1980
3552
9569
6601
4682
6982
4853
7209
7973
4053
8090
2908
5514
1573
9769
5428
1076
7296
378
4515
5064
7459
5336
5193
9273
7783
5528
9881
3472
5236
5704
2142
3223
9402
1965
1072
4222
7171
5935
6418
5829
6501
1107
5164
8376
4326
7184
1140
541
3962
4543
4645
8989
9005
8693
9022
7375
9343
3909
3229
2864
1501
9360
2765
2534
4940
3581
3834
2829
7275
6696
6456
8453
9040
8448
7376
4166
9474
7652
9901
2715
7547
8574
8870
2497
3849
2671
6515
9715
5434
7961
8797
244
2719
2564
1090
3515
1327
8314
5877
8399
4755
7343
5669
2055
7810
8150
1897
7455
2945
2657
2511
8151
214
7988
4247
4765
2806
5171
8914
748
7568
2397
9510
7046
5448
9547
4118
5542
6521
6744
291
4784
3325
610
4820
5485
5137
7056
9210
8292
6209
4210
4367
9302
5735
9209
9066
2574
9742
2465
3335
4295
9567
3741
1864
6509
3884
3706
6924
3691
5832
6823
9951
1688
8143
9870
3325
421
4435
2504
1658
9848
3927
5684
9823
2280
342
9892
3082
5161
9723
9293
5774
1768
2939
5117
2865
3700
6696
3873
2565
3813
781
5252
2542
71
287
4588
3820
4298
2856
9012
6973
830
8885
3201
7694
6200
578
6704
9110
2279
7696
3653
8688
9390
2183
419
1374
3752
8190
3473
5619
1490
8548
2581
3116
4274
9715
9622
3716
8346
4425
2546
8923
5207
1850
6087
1326
4504
2751
3734
2500
2296
3879
4286
5490
1248
4690
574
6182
446
9511
9919
4311
7529
7264
589
1720
2229
7276
5883
1807
2371
2030
8505
9704
8598
5805
4933
2752
1861
3549
4828
5356
2017
1780
8961
6222
282
965
4857
5018
2833
9336
2165
3381
8159
7532
3839
106
1254
4862
1598
9169
3394
1450
515
7722
5578
5320
4902
5291
6744
2945
9304
7840
3969
5617
991
2848
3923
5539
6161
3509
7102
2768
3585
6817
5649
7338
9251
8867
6147
833
3953
5275
1461
7020
4125
5737
3373
9895
2689
8753
3370
8983
7196
835
1902
5600
336
1532
6188
81
3937
1282
5011
9817
3464
8414
8146
9293
8205
5475
7806
4323
1545
7571
5743
1541
735
8282
6202
5528
8552
6839
2802
6181
941
5650
608
3565
6508
567
6979
1832
8846
4144
8427
6709
1839
7555
1110
4053
9
1077
2599
7543
7929
5657
2963
9728
7070
7031
77
1462
4659
3513
755
1553
2503
3811
1195
3482
9344
2101
5726
6219
3051
6410
2349
299
1229
4959
4645
7971
4107
1936
2092
3229
2722
4549
6537
6504
191
1140
9155
6391
9034
4800
991
2822
2263
2249
3342
3096
2943
6990
5023
7158
8501
4220
6388
9634
434
9146
9402
6772
6898
8751
3406
490
1649
102
4218
264
343
39
9567
9480
3524
2451
1310
9095
8455
2960
9715
6682
614
6484
3478
1706
1242
4146
7909
6627
6914
920
9628
6599
2631
7046
6928
5012
738
9697
3996
4460
8189
3893
5072
4373
8288
2675
3898
5796
9124
6351
8436
4474
4579
769
5528
9800
5790
3221
8292
8427
698
5207
9920
5892
6523
5863
1382
4116
9242
2482
9684
6168
156
9969
3616
8941
5104
584
1810
2035
9212
857
1694
732
2288
8015
3357
3042
5822
9858
6869
2242
4012
2074
3955
3568
673
4653
8751
2190
4300
9954
5315
8707
4345
5986
9584
9914
1802
9382
8496
348
4001
874
8659
9587
7083
6827
3446
3327
7778
1048
8243
481
1191
8583
2245
6398
990
6245
5523
8097
7135
8927
3967
1041
9162
3931
2039
308
3821
5397
4374
2893
582
6277
207
3820
6800
2155
823
4452
6298
6185
5397
2128
6530
9332
9234
4382
5894
3801
6712
7821
3217
8814
4829
3880
9837
1868
8164
4640
5455
6821
6399
8702
6091
7494
2411
2059
6696
9608
305
2595
8710
3424
3989
1857
9885
7517
1929
5403
8172
3457
3826
5750
9949
488
3156
2287
5350
155
8556
2595
3948
4855
9190
2333
5383
3630
6600
8606
6687
9785
617
2166
6670
3995
7212
2933
4294
7849
1916
6834
6875
9887
3125
7761
4676
3554
3547
2325
9282
9462
947
3590
4112
9363
6129
1665
5679
613
9726
7865
2849
4990
41
2604
7940
1179
6810
5172
5573
6124
6273
9558
7246
4325
6485
1534
3328
9275
7907
3447
7942
7225
8161
5311
6071
3113
8058
6569
6063
9381
926
2714
1015
961
7830
8280
8163
5716
6714
8899
3564
9512
3768
1863
6594
4427
4280
7435
5079
2092
398
6670
8579
4662
2260
3818
6977
8036
3880
3444
2209
9306
5942
4462
8800
3311
3521
5482
2375
2964
26
3321
6472
9483
8290
2165
858
2977
5765
3430
8160
2808
697
433
5091
6766
1272
5165
3257
6562
6261
5533
2770
813
3361
8076
4801
5974
1043
840
4063
6947
3445
1345
4279
7700
413
6292
7839
5474
3679
9421
2444
548
3413
41
5247
2890
2502
7550
2761
5878
8310
2609
7831
9881
499
8984
8133
4664
9033
3298
8252
347
274
4005
3301
2193
3919
3733
1263
6985
9697
5870
9563
9211
6807
8631
6913
549
8094
2738
4732
7463
5442
9981
7476
5965
5981
6573
6230
1577
5951
4991
8015
2500
9087
4570
5923
1100
4078
9402
3167
4117
3887
3614
917
1171
7731
8507
207
3645
6252
2194
7550
5649
1057
9746
7763
3329
7871
8920
9138
2101
9323
5293
9780
6806
5172
8120
7826
8135
9102
2320
7441
1900
5231
253
3192
9692
8858
2212
9120
1375
7739
8881
6399
5595
3579
2774
9345
8735
9881
3717
7989
9072
7443
2383
6559
4107
8583
5379
9291
9710
266
8710
5941
604
6020
7696
1784
4552
9090
9200
9387
490
5155
2071
1615
1911
3469
1198
9846
864
7549
7653
2738
5955
4337
2468
757
1039
7290
9781
4559
7319
9689
6879
1694
4524
8294
9038
3732
1885
1956
5450
3983
3769
1337
7784
9861
9088
8166
615
8194
4528
3285
2045
3330
4209
6010
9937
7554
2722
9340
7885
8023
2530
4070
7206
8359
5522
3495
2732
3098
4383
780
2724
192
8615
9557
1872
5662
123
1834
1163
3769
9380
5864
5839
6305
1488
2439
8015
193
8829
2566
7231
1995
1782
6387
1126
8058
827
4789
4026
7779
1237
5867
3456
9944
2732
4803
6480
720
2529
8557
7927
9159
5258
8378
8819
1350
4742
1997
614
9253
8640
2211
5472
2520
8699
3966
8024
2259
9132
8486
8608
9917
7808
8010
8303
6265
1302
6892
6442
4804
7424
9213
4537
4803
7613
8044
194
162
7187
5548
2762
1509
369
1292
5342
6992
4032
7366
5780
1878
4411
1643
1338
2615
8798
5380
1030
508
3221
3743
6989
3740
4475
4595
5778
8129
7114
8646
6892
1279
8656
611
5706
8500
6160
8384
3441
3620
3498
1368
9296
5047
4004
6832
9666
134
3150
4339
339
424
7458
8861
9670
9169
7657
4604
851
5509
3714
2540
246
5611
1430
4350
6976
4789
435
5051
5899
4701
9121
2339
5628
1554
7842
6558
3420
5700
7834
3798
9131
5701
1286
9744
2470
4854
1150
509
3082
7099
229
6941
4002
7921
2859
4019
5315
4857
9851
6238
7215
2584
3067
1153
5857
206
7506
7195
962
1762
1580
179
8295
9327
4217
6803
8561
392
3200
6437
714
5547
7337
4227
957
1952
83
7727
7145
4635
6868
7837
1420
5713
6883
9638
2870
4986
6026
551
7719
3884
9604
7484
391
361
9079
4241
7928
1318
9947
7558
3338
446
3060
3472
2489
718
4903
2690
3244
725
9995
3209
2346
7567
4914
9155
2916
4201
1369
8303
3313
2790
1216
4221
42
1533
4504
7568
2382
2666
8525
6588
3667
3980
1030
3818
9268
2750
5134
9690
9607
7197
7782
3558
6540
5304
893
1877
9836
2217
5496
1343
4551
4075
9088
3235
4874
919
9936
1390
6133
3616
628
1487
9102
5173
9679
1418
8628
1665
4839
9290
794
176
5178
4201
2422
7097
6887
7605
4763
4716
2497
740
9316
3659
178
9108
5584
7828
7224
4767
6027
6369
9508
684
8438
4385
4891
8609
5971
1613
7053
2331
212
2267
9650
9620
2120
9135
4766
6351
3338
6237
8708
4754
1149
7284
6651
7309
3657
4756
9369
8853
7568
2126
7989
826
8645
4789
9105
8098
1028
971
8980
2770
1650
9180
133
5346
9496
4912
4981
1678
1053
5703
3321
1145
6390
1207
3859
8454
2550
3731
314
3842
9518
2779
5291
1210
5038
7398
3501
7981
2128
5262
3012
4375
5643
5983
2925
3192
4543
2956
1377
2998
9618
9428
1400
1122
7310
959
2600
9337
9815
7326
6297
8755
2254
9817
4492
323
4875
8154
3085
1875
501
9896
352
4111
8647
9492
3206
1313
4350
7802
7997
8356
1548
5481
1185
2943
1037
1349
2999
7044
7567
9155
8208
4979
9507
6858
1019
564
1691
8840
9855
7192
1935
1672
6563
597
3676
7904
8059
547
9008
1328
5726
3555
142
4459
4669
9899
396
4425
1447
2535
2681
9553
7216
7460
4522
7928
4912
8302
1457
4262
3195
3793
597
4213
7025
1982
8016
9993
9734
9062
7185
310
8993
2089
8011
5124
7842
2797
9653
6081
4361
4825
4083
1973
3150
3143
7328
1130
9475
3501
2397
5921
7103
5742
2173
1513
361
6986
5300
4680
3995
7508
457
9623
9106
2077
1471
1954
6503
3791
1019
5624
1200
6007
9047
9071
2370
8677
9494
4207
384
9869
4513
629
4582
44
9622
9511
2787
361
8465
6462
9168
2551
8150
9416
2495
6295
7140
4539
1617
9235
6561
4769
5993
4414
8056
9872
7992
2956
1787
7965
5171
1966
3882
1355
415
4303
1372
4823
5305
348
4985
9544
319
4178
9825
231
6660
7878
8994
787
207
9929
2823
3711
160
7930
8523
6362
7372
7382
20
7400
1642
2782
5521
1701
6022
2288
7461
7790
3562
4808
4823
591
1952
494
9173
1162
2915
5088
5821
6912
1497
105
6445
7767
9935
5995
6547
9507
2873
5699
1549
9165
7469
7742
6220
5549
4345
873
7486
4929
2438
8691
2272
5911
8985
3560
7038
1446
155
2303
145
5557
6863
1771
7901
9281
9003
4362
6631
4914
7642
4528
61
7018
8624
5343
357
5916
8230
809
8189
3229
589
99
5438
10
8320
5257
9743
6380
2672
3806
2431
8860
827
4106
1888
5942
1178
4952
5806
8256
8692
8073
2713
3635
1213
2435
7748
95
2785
9182
2908
7515
1518
845
3160
3019
6663
9648
3910
6382
6072
5216
7204
4580
2431
3329
4399
8896
9813
3107
4673
4958
5592
7628
1724
5885
7365
9215
3217
6418
7140
2565
8170
9435
782
867
5002
6507
7083
5197
1660
9693
8169
8244
1091
4343
9002
7514
9145
6059
6692
9923
3764
5003
9603
9524
117
650
5269
1453
6363
6014
2300
7256
6361
1223
3987
6651
451
5210
513
1314
5024
9871
142
9415
2008
8011
4505
8541
2510
7574
2524
688
8263
2641
4628
1263
3164
7964
7687
2641
7284
598
692
4958
554
3072
1751
9708
6175
4672
2973
3701
2380
7351
9938
7617
3149
2513
9945
7766
4001
2434
7336
2166
4141
8330
2714
4838
9895
5688
8820
2121
3414
3578
2083
6161
7687
9058
3263
2862
1168
3010
1425
4195
1721
5300
3642
8441
1790
6649
253
899
6780
1300
861
2747
1103
8947
5066
19
9408
5647
9736
1458
856
4364
2451
5639
6976
2038
9367
7833
5157
1367
231
6968
1700
7023
2080
5593
6704
5147
9093
8024
4171
932
6655
1291
5530
7963
5499
2777
6266
2651
1819
1502
6833
2266
6539
9324
5730
1115
419
8855
2947
1701
6327
4968
9725
7891
8281
8747
3958
553
6331
3737
5843
5531
4823
3013
6325
5467
9007
4176
8584
8746
4955
4447
8097
8043
9449
8684
6925
4759
2047
9329
6217
7670
7911
3880
3359
2354
5293
3379
6107
671
6661
8296
20
3402
5125
6103
40
1752
8683
1885
5389
7155
9726
5492
7311
4474
378
8243
6685
1610
6174
6645
1354
8918
4717
4046
6106
5949
1343
6903
6468
7160
4434
4185
6082
2286
3515
843
5388
8991
4280
8019
5301
6478
6701
718
3077
2996
9538
8613
8266
2838
6305
9102
4491
1250
1549
5831
5567
1883
9923
4794
105
2950
8552
2881
2898
6415
5177
8782
2513
4450
7461
8999
2213
4352
6403
4958
8218
2796
8860
6345
1761
1472
1311
5611
5580
4715
5361
3438
6764
6929
2288
4053
4046
3685
5348
3243
7856
9922
2630
7951
2628
503
8578
6959
9605
4249
8634
1780
1846
3204
6551
6209
9813
7726
5340
4296
4642
1061
2652
4251
143
2531
5272
9121
5813
9358
9043
1487
9582
1687
511
2841
9885
6130
2332
6110
8909
3119
435
6195
4626
822
9927
1867
4826
2119
8943
5707
1351
1468
8357
5454
2167
8909
8221
3904
9446
4131
964
6100
3044
4558
4185
8993
4958
6750
9794
5902
4737
1953
1494
8170
7130
748
4351
9926
8500
4059
8733
7271
2025
4888
8597
5280
4274
7873
7332
9064
176
3582
5294
2447
9090
3568
4182
3069
1015
4661
1512
8194
1077
1362
3967
1228
7907
42
4208
7983
9593
5884
9129
739
9299
1117
6390
1481
1857
3208
8102
5173
1507
7368
3927
9469
836
9185
1520
4094
6371
2152
7461
7413
1033
8775
4018
204
1403
3662
7133
3087
8780
2520
7472
5156
1817
4907
5038
1569
5224
6698
5324
759
2496
9506
1617
6572
9673
928
4755
2872
8806
5248
5725
3600
6843
9621
7367
6067
9608
3389
1510
1602
1500
8819
5855
2815
8987
3038
5209
4905
5901
4267
346
182
3964
9364
7310
7976
150
1083
7415
1187
4318
5838
6122
3969
9136
2384
1134
1336
3924
8707
9526
1402
9971
4097
9999
5944
2142
5695
8159
6063
299
2649
8139
6295
6713
2745
8477
896
1945
7848
1901
8514
5293
2940
4624
7990
1437
6911
9148
2430
1404
6957
5933
1528
217
9747
2871
8825
8886
8934
506
8230
1420
7754
1562
7420
6560
338
6451
9748
3771
3053
5524
974
7010
241
8116
7728
3726
4500
1921
4944
1269
6625
8161
2472
2703
5374
340
8194
3626
1450
6619
5765
1432
9312
2127
6573
1332
7314
8666
2854
4221
8275
130
4034
2638
1863
1177
889
6354
1010
3669
6
8816
5345
9229
460
9776
2554
1742
9744
4737
7238
7073
2478
6481
786
346
3684
1667
9113
537
5663
9577
391
9458
2725
9763
7791
6978
2454
4686
3905
304
3976
4146
3283
611
5824
3866
5133
8318
5465
7258
7141
1482
9787
4853
5722
6644
3089
4185
7300
8523
6825
8051
9223
7099
311
6639
5178
7505
9752
4685
9858
1523
2660
9162
5815
6728
9965
2454
1923
2452
616
5061
4206
69
4740
4688
7524
3668
5265
9772
1214
7503
1454
7760
7900
8718
9631
1524
1837
4520
8798
6673
2511
7105
5205
9246
5989
8170
8766
667
5696
880
6276
470
9687
3910
1371
2427
5464
271
5288
4885
6377
8136
4628
407
9872
2059
3561
9734
3926
4918
6396
272
7754
6935
6935
2634
6529
8166
8943
2853
7211
1355
6235
6115
2419
3445
3751
7348
5219
1600
3213
3516
9637
6660
4082
289
9544
5146
2958
1422
259
2351
4159
6023
2596
6277
3171
4755
8627
6200
5113
1681
7543
5439
6139
3823
2092
3145
3070
8222
3472
2708
2159
9479
2586
4999
6377
9159
371
9233
4238
5412
8969
2392
7589
3131
4997
8269
5450
2554
8996
6227
1554
1343
1503
4752
2947
6081
79
9241
670
7201
943
4867
6180
9812
1089
7073
2884
2570
3351
6276
1790
4088
2346
9172
3982
3798
8902
9656
8911
9658
6315
1808
5144
7651
616
1053
3318
2927
1816
2795
3675
2098
2324
5126
8464
7807
7126
2890
8668
3418
1542
3369
8002
8545
6228
8438
9241
9646
7793
7052
134
3921
3639
8036
7156
9154
1721
7871
2139
2557
9598
4343
8553
60
2837
8894
3088
8165
504
2794
249
7030
1249
4337
8565
4471
8572
4880
8069
5560
6739
3996
7128
2627
2470
7181
8599
3222
454
4979
5469
3497
3260
3256
9747
9232
7925
4737
3133
7063
413
9862
173
4701
9017
351
791
7077
9276
9500
6928
6651
5578
8919
2779
2143
8352
8574
5941
7999
8507
5118
7557
4388
5455
1860
6060
1525
1620
4634
4420
836
745
887
2270
4961
1811
1780
6538
3929
8002
5150
9297
3070
408
8554
5236
7860
9485
3256
5620
9203
9278
1022
7954
4238
9194
9801
1379
6826
7160
360
3636
5523
752
3993
217
4518
5050
1178
5485
3864
7400
4213
5295
4200
1328
8215
9021
4624
5084
1923
1067
3711
9900
7279
6721
154
2408
3061
1715
4843
4241
4718
5290
5393
1127
961
6478
4396
2949
722
379
2948
1405
6002
9874
4240
8278
9593
3025
2726
9525
9952
2980
5482
3543
8857
1535
9858
8565
1799
6899
8848
6711
1741
836
1127
6420
9460
8494
2361
4280
4328
6543
4520
1753
6543
5673
7125
4443
7144
7732
4848
176
3279
9097
7672
3863
2894
6643
1210
6632
6821
3938
983
1004
7412
685
1605
4247
5349
9740
9845
8255
6732
6088
5713
8160
4000
9033
7677
2886
6672
5219
3102
448
9366
9066
2411
6126
4788
7142
4459
2391
7767
6259
7312
9758
9306
7631
3698
537
2091
654
126
1789
676
6746
8738
8250
3411
9846
9200
1776
8978
9278
1649
549
7713
5231
9499
1485
7385
5058
2656
5723
1608
2616
506
2881
7419
3155
2661
3701
9971
936
826
2247
4698
4195
1363
3205
4436
3392
1734
7590
2675
7058
9537
6457
9225
1002
9982
8698
3726
2458
3778
8043
8915
270
2606
2727
8459
9064
5924
6820
3624
1582
6354
1404
3564
3630
7633
4788
919
5892
1482
9511
464
5676
5919
9147
4959
4093
6120
3047
4213
6515
7005
5338
844
5131
6591
1146
7257
172
1802
9171
9299
5919
1394
2915
1513
9683
1100
2731
1807
6634
4542
380
120
4874
7444
8082
7601
7095
8406
2926
3517
1274
7305
3388
2717
1475
9307
6597
3162
135
3501
593
1023
5038
5140
769
1195
7210
1731
2627
8938
3636
2302
7988
808
5058
9761
3371
5633
2377
4044
9214
4186
8130
1846
869
7987
4444
8774
4297
943
7924
4296
3457
4531
817
3526
715
4311
6924
7629
7145
34
3729
4913
5173
5631
6498
3800
9209
5793
9133
9490
8722
3899
5633
6934
7370
4107
7771
7022
4146
9483
1797
771
4502
6377
313
7192
4893
6935
3589
9938
8564
9778
4568
9819
6260
3268
8150
5344
5859
8604
3169
9557
4649
6181
1798
5855
6500
4867
7612
1996
3392
5109
1871
8949
7733
7451
1196
6463
412
4659
1811
3408
6372
8265
8818
2375
2062
4618
5158
7170
5615
9037
2788
2187
4931
6461
7475
8287
1170
357
3590
3445
5600
2469
864
9779
8240
9698
2598
3724
2386
2668
2235
9895
1351
709
8022
8979
6235
9674
9899
3966
6264
7287
4175
1009
1979
4494
7100
4046
7875
352
7922
7187
3029
1070
203
7971
3674
9312
7378
51
5906
6692
4981
6205
9708
7412
8463
4977
8034
8932
3378
6939
9137
8781
9442
8799
5639
2654
8845
9682
6535
5367
9766
4147
97
1133
9380
665
3387
5192
3581
8094
9092
5933
5814
3848
2548
1218
5620
4089
250
9388
1279
4932
4941
2660
3495
2929
9302
4550
6826
767
1164
6561
4145
909
9831
9458
7233
9905
4680
7052
8298
6607
5170
8974
6433
5319
3726
4838
7730
1025
3016
4611
8920
2105
4479
9345
7862
2193
4032
3893
5891
8061
4086
8051
5100
9133
8972
8977
2812
4638
6667
5436
5906
3514
636
3588
6485
1048
1035
422
2068
619
7110
2284
8963
9319
4039
9803
8689
4363
4670
3712
3742
7313
7597
8865
3876
8375
8748
5231
5449
2815
6882
1593
8921
9869
6691
571
683
5170
1439
4922
7812
1190
5136
9501
7995
7311
5125
2740
8129
6703
4034
6465
8821
3770
4008
6337
5293
1048
6579
607
9454
223
9817
3656
4531
1839
9990
9573
5737
2195
7699
9986
9687
3403
8395
7731
3644
5643
5650
7985
9654
7603
5671
3464
7985
814
6677
5490
4056
371
7860
5719
8095
4609
8240
2129
2956
5671
8402
2529
5306
4746
9267
6494
3093
3329
1694
7148
6745
7403
9882
953
633
5223
6064
6348
525
8731
5026
3006
9731
1287
6847
5285
6218
5344
9580
9497
9851
1175
4263
9237
5679
4675
7484
909
3290
9145
9834
7650
1841
6140
504
5326
2244
1472
5128
1657
9801
1687
4542
7543
9246
17
2899
1656
3398
2083
62
1232
475
322
9691
2120
3488
6028
132
4136
7038
6021
3517
9919
2789
9323
7211
2592
75
2266
6166
1174
9724
9385
2868
9040
5704
2116
5219
4634
5488
3811
6781
6252
3296
1793
6607
3775
9963
9545
7573
1405
5137
2566
7648
4863
2973
3717
9368
9186
7438
7316
8663
2585
2171
7026
5085
9249
9264
9100
7196
4919
5990
3744
1426
1389
7887
708
6706
6521
8323
3861
7179
122
39
5696
3191
3832
8844
5444
9894
3527
1192
6871
4095
5032
5149
1736
9930
6835
1630
1271
717
6692
4014
8535
7040
4239
3369
4992
4176
1967
17
5435
5295
9585
2126
8098
1648
3459
3527
6258
9664
880
4629
321
4923
2524
2298
1762
9134
9520
5347
1608
7605
2586
9689
9914
700
2417
8480
8897
3870
4050
1652
8652
2196
2105
6831
4187
4163
4977
9957
7887
5424
5456
1977
6355
8341
6063
5937
4031
553
1328
1699
6434
8921
3003
5542
6273
9964
5930
7722
7563
8925
2490
8539
9985
8060
8150
517
8481
6735
3767
2320
2878
1979
8449
4264
8812
5624
5880
7565
3966
5603
3719
5259
5630
2049
4848
7995
9622
85
5709
5079
1421
4366
9049
2762
5152
2596
1842
7002
8870
8033
9814
4909
6542
3567
1726
537
3077
7745
3636
4979
3239
7041
1177
502
8011
8775
3681
2049
1813
4810
1159
5610
337
5571
265
4178
9421
6433
9680
9082
2989
1196
7794
6635
1596
3354
9548
9028
8098
1558
8166
366
2506
7168
9551
2308
1606
2325
5394
2001
5138
7295
4868
7056
2006
8738
8655
5392
5086
8626
893
8807
1016
692
8569
9552
9715
8396
6533
3086
7175
8983
7169
6774
9985
361
3020
8265
6558
3428
6815
8152
5349
9398
453
6964
1644
586
5676
8472
7114
2815
832
9064
28
280
8980
6333
4011
7265
591
2591
264
3176
9634
9999
384
644
8269
2050
2525
3551
7131
3424
9290
7239
9525
4968
6427
2017
7221
588
2695
149
5536
5344
2320
4899
9525
6376
1007
8927
2804
7869
8764
6146
7516
4010
7055
3800
9935
6918
7897
2210
3174
2211
8597
5960
5230
6985
7863
3647
712
8436
4827
1937
1550
1200
3144
3830
3423
8938
404
2141
2076
5395
8222
565
1781
7980
5978
7567
9679
9121
4630
8690
3953
1936
5584
1185
787
3709
6872
6966
8653
8870
6894
3070
9780
915
4206
4080
7540
2131
3806
5064
5565
2449
5007
9944
6014
5233
4581
5443
6928
7273
6239
2796
6076
4635
1101
2761
5916
1726
3164
6325
8133
16
8543
7277
8790
5172
508
7416
1095
2610
5744
6616
6792
7296
7513
3034
4748
6024
8316
4720
8174
6482
6411
9510
9947
720
9612
8423
2505
3783
5284
1803
3190
9701
2279
4550
992
2212
5847
5247
3148
2997
2304
9339
1922
8265
8850
2825
8402
9720
9633
8570
8012
1271
548
8390
7608
9429
8466
8817
438
2062
6990
8571
3574
7796
6275
9406
7121
6270
6450
341
176
2250
2324
2102
2885
971
456
3803
252
4542
8862
1141
7836
7479
9283
8167
2607
3850
5708
4143
5290
1370
4926
7406
7630
2261
1265
6608
5711
5365
8349
7241
4872
8778
8778
6914
1255
1406
6045
7887
8894
7385
3442
518
4385
6116
4667
8976
2382
5698
1662
482
6908
4506
7225
312
3184
3903
9087
6039
4720
1524
6447
722
5311
6454
9080
5625
8624
2845
7693
830
4583
9800
45
6026
851
5604
4090
2620
8010
5939
309
9819
5387
1068
2385
6175
3898
6971
3267
6100
4949
4056
7212
6039
3123
2805
1826
2346
5918
5361
1229
8192
3662
1735
9738
65
8329
9768
9079
1113
6162
6906
5091
6646
8112
9676
2354
9241
7922
3927
230
5155
2152
1188
6909
4263
4206
3480
8383
4337
7240
1435
3706
1309
4778
1983
9602
8741
6255
123
294
6701
4347
1744
374
543
5650
5897
5221
7699
1431
5797
9411
4732
4675
6987
9656
643
6503
2688
6893
4813
6140
9363
2024
7991
2984
5978
7174
4959
3406
6676
335
8287
7068
6797
791
1100
4211
4026
5913
5583
8144
5687
7126
5520
2135
472
7624
4347
9494
2992
543
2461
8006
1359
5800
5697
7766
2404
3269
1165
9210
5344
4427
4742
1287
7155
5081
994
9811
8428
8645
1833
858
7091
1369
7333
1416
2257
4390
4006
960
2430
9210
1716
2070
8204
5961
4481
2826
4228
7573
4482
3527
2040
1508
9090
9598
3118
127
6734
929
2889
4590
7374
1440
4618
2430
501
520
4898
439
8806
5743
3272
8310
8308
1284
4764
8752
4494
7265
2342
1227
8910
8698
9812
8087
8697
3564
8816
2102
6913
6205
3268
6858
783
9544
5839
1155
5571
5594
8971
1365
3971
1301
8752
9000
1604
217
8088
4290
7219
7370
318
5001
575
9733
5767
3229
9179
480
2233
7332
255
2960
6888
5716
6349
3620
6749
4365
134
4661
9926
5114
4961
7140
4268
6649
6892
7170
8861
9706
644
5490
4607
8626
8112
4680
839
4662
6910
6813
7164
5
867
2337
4212
1466
3204
4045
56
7924
2987
1287
4450
7474
6923
7037
1005
8862
8718
4369
4963
1156
4671
5195
2172
3054
7603
7229
7061
1716
2319
8796
4476
6905
5126
7148
4041
4553
5723
757
2122
500
7040
3761
1005
2876
6602
5769
1607
7614
6461
2039
4438
8110
3002
4863
5704
8233
3827
8635
8527
293
724
7879
1467
7970
79
2808
9474
1778
4338
6979
2480
6567
2667
2632
6375
3913
7493
7741
1795
280
5267
5619
9455
7849
8391
6800
4550
9234
2724
8741
4036
4981
4205
5179
6810
2236
6427
8022
965
6599
2168
1940
5426
8180
9393
388
8891
3908
9273
2533
2577
6682
7676
6411
4474
1290
9246
24
6682
1127
75
6537
3267
2735
7446
3524
8496
8613
5432
1835
4204
2005
1118
5541
9719
6139
6008
4590
9833
895
175
9027
7451
834
8310
907
6113
3344
8984
5816
5252
8200
2385
8478
7638
5809
9468
4190
1292
8330
8018
7981
3057
1455
4972
900
4959
7277
6047
9222
8443
7211
1122
2775
4810
5821
5579
673
287
7398
617
2219
3969
3855
3418
1326
999
4756
3404
6978
3664
2571
5314
2925
4687
4341
3107
7005
4416
4576
2880
9092
2176
2103
7480
3435
113
9252
3180
4582
3363
3171
1175
2849
2624
3339
920
8837
1988
3748
1719
3567
6257
8774
4643
1844
7491
3582
8997
8090
5145
3866
6769
1454
4048
9868
766
6942
2144
362
7455
7120
9356
5219
7810
359
7886
9913
9992
6269
5578
8251
1111
5816
4180
9239
6467
6621
8971
8621
4145
4150
4498
9578
2944
2238
3054
6661
6458
4787
7352
7648
4358
4582
2392
46
8457
698
3742
3510
2213
4417
4230
2533
4469
3357
5503
5055
1019
8008
6047
1711
6751
3154
3702
1436
8215
4461
9769
6678
3424
9524
2403
8991
8574
7907
9130
9586
2853
6033
3566
5207
8447
6810
7160
1754
4321
9668
4965
2645
9952
2616
8086
2662
2332
9323
6243
3853
4648
9310
6400
8783
518
7364
2610
4323
1054
7363
1187
3579
9673
4143
2227
1168
5897
9368
8915
1676
9497
7826
5980
9038
3963
5102
8356
4088
8247
5689
8006
2597
3789
1637
7093
9339
6502
4316
4853
9345
8400
1970
1426
2966
5117
5117
3758
482
3700
1655
3275
493
1024
9459
9135
7661
3216
6811
7070
8468
8066
4346
1708
2090
1768
2210
1869
537
7257
5446
1205
9748
9646
3077
9033
4870
5558
4959
3140
5422
916
5914
7980
5508
9522
8089
7652
4759
7442
7732
1887
7850
1366
4642
2145
5523
6944
1804
5081
5565
2420
3549
899
1046
4607
2410
6056
54
8228
1828
8107
4091
903
8717
6681
8539
9331
7519
893
3569
8123
3236
3880
8135
6159
4524
7748
3184
3698
1488
1797
2697
3260
2971
8760
2756
4318
6593
5184
6950
2539
5975
28
7592
2345
7148
2040
9246
1687
6578
807
6900
7946
5034
319
3584
1838
8287
2082
3522
5706
4097
804
4950
1215
1585
5924
4167
7211
4616
303
2778
4865
9466
9893
7710
5058
9993
7386
3402
7150
8964
7440
5265
5371
5806
8360
4130
3997
7976
1508
8344
9422
8092
6972
6629
7075
5133
3689
2702
1525
2011
393
77
7902
692
6521
5971
5780
5331
6156
182
564
4083
9389
8988
830
4553
3004
1209
6491
9479
593
2211
5404
260
6056
9332
9922
8742
3509
2677
7471
8536
8082
5385
1166
2335
1804
6441
814
4353
3418
3044
6918
1058
2781
8536
6160
1886
1998
4661
8830
9547
9301
6240
5278
6115
7202
2782
3210
5447
8024
7754
4861
1578
766
2913
69
4891
1089
3145
2374
4252
4000
3989
665
532
3004
2832
5687
1420
361
654
7532
1635
3436
7042
2823
1182
4065
6575
4449
6957
6912
9753
2090
2565
5073
3227
3161
6715
1082
4271
8564
8605
1445
1313
6993
7314
8222
5893
8872
4796
1319
1069
7493
9059
7679
4258
24
2074
3693
4805
6707
8741
7062
4596
814
9349
3748
1751
1610
3049
3331
4993
4435
6914
7586
4606
6501
3236
7818
256
1100
4286
2564
9955
2235
967
3700
8738
7668
6089
3001
600
4314
357
9429
4951
1320
712
1222
6002
4113
3282
8974
2804
8868
1697
5433
5658
7107
1401
9064
4924
1441
9364
393
3239
7742
2605
1414
6982
874
918
9840
9018
8441
9778
967
7651
6998
2003
2293
6866
3043
6271
1294
8500
59
2773
4520
257
3814
4576
1837
6778
6074
560
7931
6124
2558
6609
720
1873
9516
7328
5955
9001
2213
7808
1901
5367
6302
2006
4814
1590
1555
6178
6620
4677
3300
8469
3301
5152
116
879
905
1901
7212
4167
8744
749
3344
7185
9638
7328
7662
8544
742
8288
5782
3545
6842
3802
3826
1824
9534
1451
7880
1281
623
2231
599
303
521
1053
4729
1302
5359
3513
8160
801
9169
5152
5789
1758
4885
3411
7768
2531
6185
9775
7418
3234
9018
7096
5690
7450
5077
2812
8916
4694
68
3484
6061
6474
1087
7640
6041
5111
8201
2727
7093
9625
4166
2889
9368
3545
533
5303
7405
3253
6653
4771
7011
2627
3321
2811
6959
6626
8472
4166
3379
3707
7654
2069
6272
6564
2563
9243
1847
2330
6937
8395
7142
6999
3102
9257
9757
8374
1098
251
6805
9573
9067
2154
8331
8758
9488
7144
367
9124
1324
951
7287
9815
9257
8395
8895
7512
725
9032
9088
3972
5971
2306
6154
5091
2333
2319
1735
9590
2517
1123
9308
7386
8956
6814
1305
6618
6444
3463
5064
6752
7314
9413
1985
6508
8664
5756
2431
9843
659
3509
6231
2555
3481
2731
4872
5229
4172
8742
1869
6894
1927
7518
1602
1962
2488
1214
3057
5678
6505
8656
8241
6275
8443
871
2782
9389
1978
9378
2081
9168
5590
8936
8943
2597
4630
7020
2345
674
9944
8575
8372
9851
8271
1413
5467
627
2778
5773
268
877
134
4700
373
384
5978
1215
8690
9370
3755
1128
5472
5444
6211
3933
195
2002
3484
8806
2602
1175
4528
2053
8010
8778
2052
7797
5604
5940
4299
5562
9146
1543
1946
9454
9106
778
6188
1727
3470
2723
883
6937
3391
3588
9176
7735
5172
4775
2552
4658
9916
5477
5647
2215
4684
3498
6262
6321
4933
892
3978
2617
7910
2546
8586
7596
5298
6477
3345
4816
5342
6493
7891
6768
3377
6825
9927
4449
8243
4504
1090
2109
7847
8334
1943
7977
1056
4740
2871
6188
5912
4018
8325
3622
1098
8247
1125
8997
7123
8827
1858
7504
5831
1986
8574
2541
190
5811
5046
4861
3219
9670
275
359
6994
7068
3331
7745
2462
2686
3634
2618
5321
9873
7637
2811
8214
4950
5992
6609
161
3218
4637
3916
5001
9912
5890
2140
7688
7298
131
2948
5651
34
4113
6741
225
4229
9571
7719
6471
5777
9441
9264
9964
8346
1356
4494
6236
2961
7519
6654
785
2873
4113
780
3759
667
7853
247
8415
4563
1774
4731
5901
9252
7005
2713
6645
2343
6690
7921
2335
8041
2600
9006
8776
9890
3633
9920
3335
3805
5396
7019
8112
5793
9699
5946
1621
8940
6125
5864
8330
5283
5286
6922
2875
6905
305
2261
7344
5449
3351
4468
8643
4278
9995
9392
6819
2774
5584
429
1471
1539
4078
1600
5700
2990
5068
5801
1491
546
669
623
9899
5283
2528
2231
4434
8379
3932
9492
3385
8596
6449
3521
1790
4318
2949
5968
8979
8047
1638
275
7087
4203
5483
3978
1339
7326
2822
1762
2141
7771
8665
1697
6736
7276
441
1947
6114
4988
1740
5996
5350
9608
8769
7257
9464
4187
4486
8508
7705
9609
5611
11
4478
2618
7498
3243
339
1980
2189
1146
1363
1890
987
6891
1086
588
8971
1639
945
4807
2045
9574
6246
8179
1366
509
1435
7248
4349
3158
77
1504
3935
8145
8623
5657
9023
8745
5844
4396
5397
9376
9022
2053
6880
6131
6292
7102
5410
5394
1590
9622
8382
609
8869
3025
5874
747
5189
4678
4263
7909
1837
5674
4823
7430
5094
3085
9867
4604
120
7552
2999
6498
1441
2920
3171
4216
9894
8898
8271
5428
6106
146
4317
6079
8443
4754
560
3980
127
2667
9487
8688
6517
6175
587
7767
7970
8096
3617
404
6404
8728
4139
8279
4092
6713
1287
169
457
759
875
9835
1384
1000
3292
6062
1377
1725
7491
9823
3746
5946
757
1584
7971
6763
7463
6957
5174
4039
6032
7924
9025
8162
7110
9546
8502
4816
6466
1561
2621
8387
4533
5364
3554
8602
6135
3849
8469
8617
6900
2048
9727
3292
8208
80
9604
6125
8186
6197
5657
3580
3235
7736
8631
2404
1603
7636
1174
7166
5953
4718
478
7394
6187
7896
7318
3190
6825
4828
1553
1229
9722
2124
9362
7683
1438
6705
7792
5553
5801
7511
7738
6708
9438
2786
833
3117
2857
9651
2778
6108
276
5309
9930
7501
6545
1419
3319
128
9115
6128
1968
2235
3937
9202
267
4143
6602
7431
274
9523
9018
9663
2288
3975
6808
6104
8050
9752
786
6960
6887
914
3161
2274
1520
1799
2809
5520
3556
2317
8945
3002
4058
902
2979
5682
6615
9952
763
7446
6046
6634
7996
272
3445
8814
4952
521
8572
1073
5512
4537
8037
5033
1825
781
2859
3678
9390
7328
7664
9539
6949
1636
500
9852
9852
932
4223
4027
7902
3784
8739
2289
1881
1918
5465
7111
4233
4200
5864
4937
4261
3159
8542
7625
7701
4105
2023
8589
5221
8964
4750
890
7191
5589
9365
2468
3395
84
4646
657
105
7181
7994
8437
8558
5014
9173
9425
8682
6823
1866
2967
4548
6706
6343
8354
4007
7861
7677
5645
5573
350
5528
9540
7163
960
1985
6038
5571
9396
6926
6339
3346
8724
1658
7422
3614
1401
6839
1372
9787
9907
1585
2904
6836
8647
6572
3546
7456
1106
6983
9487
8669
4228
4441
873
6691
6207
2197
5901
4381
4530
9262
2586
5333
8509
6851
5813
9152
8732
9458
4548
5609
7020
9396
4514
6033
9271
5101
4324
1096
1836
9183
2812
4713
3344
5506
7063
6390
3287
3145
9249
9964
3623
5081
1751
4186
1751
8589
7868
1769
1112
1212
888
2411
1038
1021
1864
9102
8013
9693
85
8344
9786
5471
1304
8487
9729
3499
5654
794
4808
4957
7843
5431
6108
9470
1292
7496
502
5344
6057
1599
4713
4528
2842
4912
8756
925
1461
1543
8503
5559
9958
4012
6863
9332
579
1653
9245
2401
3576
3789
1583
1548
6555
9018
9812
996
9190
8062
4665
3187
7763
6111
7528
9358
1004
2319
3717
2934
4496
3443
4613
7809
7840
1573
632
5699
9025
4390
9549
1829
2544
9802
4745
4952
7171
5662
4963
7562
9316
8364
3133
889
3076
5753
402
6710
6819
3539
9913
3879
9502
5282
8463
5565
8659
2252
8836
8553
6666
2143
593
6185
4080
54
1334
7670
5717
1176
6711
2673
3724
5603
2944
1141
9334
8490
8053
1658
6951
1583
4462
1270
653
6947
4617
3451
7578
3431
7977
6099
8804
8823
4368
1122
847
986
7030
9749
1896
3186
3272
42
8695
8418
3628
7559
7532
8029
7854
1993
1145
7875
9461
5453
6693
6139
5955
5698
2354
4729
7357
7140
2409
4992
4600
9405
695
2013
3192
2764
678
9402
3082
4083
9851
9131
4986
6422
1241
7274
2489
9326
3419
4048
7058
6981
9080
8746
3992
661
3706
8768
7067
8546
4691
2684
5526
78
4776
2177
1064
335
6657
2554
5154
4693
3089
2569
8765
5045
5103
7578
8729
8143
2466
5901
5132
7779
7701
7289
3132
9246
985
5304
9494
2413
8106
8796
3548
3705
1254
6640
208
3580
9279
9001
4129
7422
6004
5162
5456
2805
6594
6379
8652
5839
9940
4004
5844
903
8759
6367
45
5110
5088
6527
1441
1183
52
632
138
9752
8425
392
5804
4723
518
2626
4526
8651
3063
2933
2486
2291
7505
4101
4397
5397
6333
5971
2482
1237
7116
9175
9675
6640
889
961
8030
8062
9424
5088
1487
2301
1212
9212
456
8773
6099
22
6744
7480
9674
5542
8845
8512
4221
2940
5665
7274
6353
2710
2888
346
7950
443
9553
7759
3849
5423
2333
1187
7707
6886
5123
9892
9859
2820
8711
988
8955
1564
9263
1992
3276
4364
5366
629
2406
3986
7242
8371
7778
3876
7561
570
9347
1743
4002
1800
7182
3403
62
5222
2831
6140
5565
374
144
2849
9919
4763
2273
1842
1303
1922
5877
4668
3196
8284
8742
9444
647
7325
5994
4656
5611
8990
4584
9879
8005
8855
2546
2880
3510
6501
2030
1566
5525
2180
1036
4285
6961
9864
1832
2111
7045
6407
7497
5889
4510
4540
2517
5063
743
2248
4970
3798
9225
6335
1995
8385
7031
3912
2613
1033
9437
8090
1553
2046
8295
1590
6708
883
3114
3285
4909
7420
5051
7550
9698
3665
9551
5262
2268
5584
6926
4013
5115
52
3704
1463
3092
4335
2510
1176
2107
35
8433
7529
6938
9634
5996
4139
2652
9425
8372
1301
922
2750
9050
487
8930
1881
7747
2704
7699
3838
171
1646
2922
3597
6821
3067
3833
4669
8430
8697
1927
6168
2791
9390
5246
7373
2372
6811
9843
6095
2851
2876
6328
5451
4896
6847
1213
6763
8599
8696
1200
5710
6842
3347
2333
7197
3389
7902
7967
5660
4834
3777
1247
5641
5326
8805
3061
8495
1455
190
332
596
1492
5351
9629
8232
8974
5074
239
329
9911
8575
5647
9207
2423
7808
8290
6694
9231
8227
9271
7498
3267
9175
5480
1464
7468
6149
5037
6262
8232
3892
8353
2380
1698
1356
8886
252
4723
7196
3996
2950
6252
4830
8257
9623
5781
7368
9459
2307
2211
1038
7675
6596
6308
2900
9197
7543
9687
8998
3576
9547
4612
3762
9901
1663
6292
4058
9736
6837
385
8451
9617
8998
5069
4658
9830
6703
9658
5924
7022
1781
3633
9259
3087
204
4803
6622
7722
8728
7611
6735
4110
3230
5282
2337
8523
347
3253
656
7262
294
4090
475
5902
7143
7400
7205
3870
7011
5315
7699
8544
2370
1514
747
8089
4532
6601
6602
8538
731
8992
3531
2158
8370
8591
7397
560
7717
2494
2004
6600
5695
9316
9905
8980
3514
274
1501
4592
7845
266
1401
1983
3289
3601
7518
7004
6311
384
6990
2650
5308
6668
8703
3588
1239
9597
3388
7059
137
7609
8555
5631
304
54
2248
63
9660
4709
3652
6247
5900
6729
3203
1903
5594
817
9513
7616
8396
1730
9035
1804
9466
5986
9954
2566
3549
1584
2885
4042
6191
7370
3029
8695
3835
682
3549
7229
7364
5603
4858
8657
1111
8475
2566
9816
7742
8202
5216
2255
7896
485
8740
3938
2912
8543
1555
6249
7796
7087
4331
7459
4496
313
2073
1998
6887
7244
2828
5577
5312
3604
759
3653
7121
6461
585
4157
9849
2442
4569
2378
1120
6240
8599
9760
8263
8692
9863
1062
2448
5335
8992
7338
7245
8696
2184
1863
6582
9094
2734
5808
7593
8323
2297
880
8663
6568
7779
3303
3155
2909
8841
9499
1291
2962
1010
3212
6135
4257
7003
2003
1433
8514
5938
3295
3653
5266
5735
8106
8709
1831
591
6256
446
5932
2363
835
4220
1570
7668
9106
1542
1382
9035
5774
6359
9316
4040
1983
7718
907
2757
4155
2797
1201
3551
2122
1932
1456
5172
9737
2650
4158
9239
3688
5705
1421
2570
7463
5732
5307
5619
8648
9014
5870
6184
7719
5144
5273
6270
2250
5452
2752
5027
4282
3712
1534
6288
179
8527
2677
4916
8146
7284
7947
1289
7715
6995
5137
2175
5200
8158
7590
5802
6143
7571
6221
7472
4639
5701
9054
6760
1908
763
9860
7105
6157
9793
384
95
5178
9663
9490
4351
7494
1442
5526
7843
9127
2608
37
8805
6480
2492
6818
5481
1283
7715
4404
8448
8444
5102
4668
8050
8851
9195
3002
5255
3300
8765
5951
2740
1348
9711
2674
8134
5017
264
6429
612
4009
1421
2562
4971
1061
8219
5183
2707
6039
3395
2760
2610
2170
4920
9148
5339
9161
9482
2421
3499
5272
7592
3608
6487
6584
4525
4054
4976
3622
8683
5044
5165
6762
8819
3263
1425
3322
9241
3711
6166
7224
3425
4596
5823
1005
1293
1478
7943
7246
6835
9346
2699
9916
7268
8002
9699
2702
5124
7068
592
7110
2036
2787
224
549
9950
3288
4068
3732
6701
2458
5756
3864
9937
1802
3334
9284
4750
4676
8768
2474
981
8389
6392
7956
8413
2936
9637
2576
5770
9638
6117
8981
7435
1569
7632
5181
9459
203
6273
4438
6611
3987
5128
6448
5578
1744
3165
2627
6958
2868
4353
8092
7401
7689
2107
524
3610
211
2214
3473
5233
4056
2181
3264
117
2412
9963
7366
8148
7667
1458
3086
7368
2454
1609
3148
5294
2057
8501
4984
1296
7698
2559
8413
7415
2531
4744
4960
7664
3112
9598
9452
8890
6428
1110
596
935
3650
3814
7604
2927
4707
6110
3498
5825
1012
1771
3425
9461
6037
1757
2799
4815
9347
8892
1918
1464
1929
7599
1327
8637
6576
2066
1190
9984
6657
7445
7751
9431
1129
4990
8950
5358
7150
9055
2220
9613
5760
384
3289
1261
6351
5329
3789
6343
1112
337
7481
2735
675
5315
95
3998
9897
937
2292
9844
9073
5935
5908
8284
5430
5728
1915
0
4526
5051
8800
3320
3609
6745
640
1378
3811
8714
4405
2559
7599
3098
2786
6577
5461
7221
970
3288
6420
5820
276
1592
9889
7145
9149
664
8698
174
861
6034
4052
9985
9148
6322
9343
4924
8021
6504
7771
709
127
5912
8282
4905
4017
263
9585
4621
3503
6175
602
5209
3592
7372
4925
1669
3851
6840
5591
9154
9275
6833
7813
5258
543
8965
5675
7483
1050
7486
4521
9802
4657
4626
1155
4670
9809
7533
6125
9576
5446
943
4849
1510
5064
8953
8433
3635
6095
2697
9054
4419
9773
6208
5008
555
5039
7774
3953
5926
569
5794
2452
9133
9284
7312
1881
7234
7416
7588
7883
3026
4419
2360
1632
2006
6457
2573
123
3814
9963
686
4443
7224
5135
7323
4479
9559
7777
6513
9384
9375
4341
4088
383
6295
7137
7493
271
7231
4170
5631
7284
4618
1425
1013
2740
1861
5292
1240
1476
5593
2550
726
2579
3503
4537
4433
755
554
4562
7325
7225
278
9119
8672
827
686
8661
2544
1763
5497
9870
7863
8601
3520
3488
3124
9666
2285
1738
958
1531
7494
8042
2065
9217
7208
5214
987
5210
2650
5018
9205
978
3343
5536
3821
8035
5679
4913
5305
3779
6081
2914
3557
5621
3843
4882
5978
8674
6791
7555
7202
2108
5227
2499
6671
2338
9246
6684
9790
4300
1735
7576
6399
2562
7105
1138
8000
1499
4298
7470
9707
7300
5218
9211
8119
4799
7967
483
3991
5119
370
3596
4413
6696
3869
6212
4665
2767
5320
7547
968
6155
7583
2586
8667
6892
984
2507
7259
5980
4683
8940
3202
7217
2290
4716
4424
9321
9243
4733
2490
7005
3464
552
6455
3781
137
8315
5213
2896
2326
7888
3533
5589
13
7329
6829
1496
2124
3612
2118
5920
6466
4121
6155
3338
1818
2603
6037
2284
3968
5531
7652
6032
9624
325
7849
4210
6140
2475
3468
6455
945
10
6927
529
54
7426
6337
6784
7442
6345
151
2260
2692
2601
6220
2651
5320
4534
3075
4379
1109
2821
5705
661
6365
3939
4205
5988
3683
9852
8474
9247
4496
8068
577
1281
809
3875
128
7601
5160
1127
2600
8761
7344
2100
9971
5346
7391
7939
1959
9708
7308
9776
11
3680
1748
1393
941
9953
1650
3095
1928
7758
533
1794
2076
8112
5888
1066
9471
8202
739
6104
5316
8961
9091
765
2100
7149
2756
7532
4265
663
244
4890
7879
5534
7942
6653
939
5149
9964
2460
1133
3183
5939
563
5696
2430
6067
2096
5661
2393
4559
1672
2367
7504
9802
1339
2758
5941
8249
583
7808
3998
4929
1930
1233
2639
6425
6045
1881
721
1551
862
7717
2205
5585
5338
2215
3327
6957
9877
5183
8715
2948
6292
3163
319
9884
7343
5053
4941
933
9317
946
5244
8931
8781
6135
7691
7101
5471
7667
1769
3547
4636
8967
2588
3126
235
6850
2174
6871
8575
3416
4057
9623
9007
3129
5673
3595
8778
3523
9298
7562
5174
4833
8618
8930
4891
2705
3976
1066
9763
4912
4095
2721
2866
9896
4187
9003
9437
1243
232
8276
5568
1597
6708
1959
1456
5520
2073
2232
553
3998
5666
1446
2172
1793
7349
2819
9204
8235
9102
2527
8472
4947
176
8873
7718
7895
6140
9718
7724
4671
4244
1584
4178
1544
2216
4403
8501
6029
1670
1651
1881
1118
3795
8047
9127
1052
5293
1483
9486
1049
2449
5018
9422
6323
6857
4165
6991
9582
8418
469
3360
6415
888
1164
7730
266
1533
9272
194
8715
1134
2214
4897
9142
8076
2418
5766
1389
4841
3186
6506
1357
2497
4958
20
9287
3949
2993
9031
278
2829
1963
7732
8639
5789
3689
5579
4368
8272
5603
4948
6696
9747
4767
3662
7704
3518
6590
6514
8943
6935
1788
3105
4513
4676
8307
7614
7789
1278
7180
5374
6153
4794
8378
4503
1859
8938
5339
9301
6314
7279
4491
3577
642
9853
9443
3820
5331
5389
5679
4351
2089
2999
4256
9486
6228
5871
1414
4531
2069
2427
7986
1340
6000
7129
8167
8563
9219
7821
761
1465
2874
378
3412
1837
7741
5755
6126
4266
4742
967
5322
5025
2080
7287
1947
1366
5031
4306
4050
9424
2219
6221
4087
4516
7085
4808
9734
9880
4307
1963
6688
9466
150
710
9416
8030
5233
4675
9766
5489
119
5287
7287
5054
9158
8095
8913
6812
7916
5275
5362
4042
449
7859
8341
5165
6739
6593
4343
5647
2601
9792
9856
9156
9431
9154
398
6395
9181
3102
803
4291
5888
1879
912
1562
1956
4680
4900
7689
6343
2374
1220
3276
9884
6906
3550
6604
8366
8830
6189
2602
2336
5906
6030
4256
162
9911
8243
3663
9240
6345
5602
1203
562
9610
5808
3820
1154
6661
1754
6721
2076
5910
5091
6862
3445
8251
7716
1522
8658
2262
8946
2079
9828
1514
3423
5540
5079
4440
1459
1893
8880
9781
2043
7550
3745
2830
9662
8525
2146
8192
2951
1204
2226
4864
9025
5250
3996
208
8906
1713
4307
7333
4188
4255
9154
3993
8336
7166
5419
9973
5207
662
5047
7945
4812
6615
6240
9474
613
6744
8907
5652
5774
89
6154
4745
4588
6807
6814
993
3036
5419
8789
9162
6654
7774
6602
941
5494
6024
7779
4438
7616
4477
9911
3122
152
5162
6314
5400
404
2364
7585
7893
9858
771
4897
4141
3138
2103
8753
5764
6118
7291
9472
2816
820
6884
30
6444
7378
4036
5710
8785
1894
4321
1472
447
8055
6894
7608
2424
8527
5703
6183
452
580
1191
9313
2621
8381
3749
5069
7228
571
2470
825
1456
9977
1837
9683
9152
6025
7924
8875
9792
6420
2515
8899
7920
7750
2917
9029
5043
44
3522
2714
3507
2270
9829
5171
3661
3437
8153
9441
4509
7731
1146
2584
962
3775
2233
2324
6330
5287
5447
5340
4793
1376
9850
9688
9017
4554
7634
9822
7744
7757
1888
3569
136
5374
532
2507
5803
2471
3665
9118
900
961
3907
4802
3815
5012
5935
2924
1626
4608
9684
5628
8787
5984
9861
9971
3444
615
9022
5022
6686
3015
9446
4273
3194
3520
9735
5107
2144
4310
3724
6604
5322
5910
9203
8902
5992
2953
4430
3312
6497
1491
2354
7351
3091
3697
4787
9235
5906
786
9990
386
6875
5511
2315
5901
8058
7179
2284
1113
4706
523
4305
9842
1143
5921
3611
4049
1455
321
8055
5073
741
3780
9954
1553
6224
1085
5091
9574
7798
4770
7558
7224
5490
8180
6073
4673
5947
9251
190
8365
8031
694
2682
6427
7701
3817
4021
3724
3539
5037
7729
9985
6105
1716
2478
2033
8455
8567
267
4934
7046
7570
7358
3464
8141
4552
6763
1602
9181
6282
3693
5251
2841
6018
9336
3314
1047
2275
1294
5533
60
9900
8848
8376
9931
5567
7459
6281
6380
9646
9176
6644
7793
8759
3226
3651
6329
9620
4447
2563
6805
630
4537
4023
4127
9366
775
5173
5892
9905
4687
334
8971
6991
5827
123
6200
6628
3882
7606
5615
882
9354
173
5349
6231
1668
2906
1365
3980
5433
2298
6372
1148
4958
6075
9662
3330
6522
1667
2991
726
3023
418
1201
9885
3355
3957
2355
7488
3995
6376
8865
5589
6134
7006
8618
9045
7169
8549
8044
2331
906
5278
5555
4039
4469
9839
4727
5090
298
2977
5514
9922
3245
8715
1365
1509
8850
2310
4968
6027
91
2981
3752
1392
2640
408
1744
7968
5920
6002
9904
3751
2477
5529
3586
3561
9383
8544
1180
6710
3698
8966
4997
2088
1271
2747
9866
8428
5841
923
3507
8585
4791
5461
1748
5722
3189
5427
6112
7201
1883
8988
1748
4432
2424
7414
377
9844
2218
1156
3049
87
821
2974
5441
7717
7897
2309
9738
3201
6029
8383
7055
4403
2087
642
7191
9919
3631
702
2061
6673
2612
405
2269
1886
6364
5752
7442
6266
1645
4679
4581
3439
6572
9657
1813
8962
2180
4187
9595
1206
6568
5042
1891
7291
5706
2054
6889
7408
47
3758
7421
8652
4672
7570
661
5822
4780
9750
4169
398
4826
7377
69
4022
1383
6560
4886
7296
1435
5585
6388
2588
8215
7306
8285
4142
6585
4619
2455
1050
8300
5671
3275
4160
7589
5531
6647
1364
3577
6190
4739
8683
6625
2855
4114
4113
3856
9520
3027
9856
2892
397
5502
1049
7326
2575
935
6352
2637
1340
3449
4760
1773
1577
6420
9357
9704
5857
208
2907
2149
6113
3833
5484
4180
9592
3491
4936
7915
4634
3324
801
7013
5381
6997
6773
6366
8099
1702
4685
7636
2932
1063
6342
9602
8194
8314
8659
1816
432
3204
299
419
8251
5607
3817
2078
3293
9924
2030
5266
7311
7624
7471
8136
8953
5549
6282
8124
5450
4507
6440
610
1351
4912
1231
6556
4949
2256
2629
9521
7813
4519
5502
2430
3099
777
695
1320
7360
1891
3539
1277
7557
7035
9899
8600
4500
329
754
35
219
1047
5101
2984
413
7979
558
5863
4397
3950
9341
1052
3891
8786
2231
9130
8947
4838
1220
2388
3536
9278
6906
774
3401
8950
6485
3819
7752
1539
3599
2316
8150
4838
1104
1576
5210
5265
1214
9749
4787
2606
1820
2282
3957
4147
256
5019
1583
7931
7009
9999
9936
2584
9631
9722
2350
1841
4349
9167
1923
3010
7289
3790
5952
8966
823
2068
3225
2483
9776
126
7745
1764
453
8454
6543
6530
8642
1782
7391
1572
3186
5015
6120
6172
2837
1645
3214
6431
1939
9732
5246
6110
6409
1319
3561
7959
1519
8666
1771
4922
9212
2324
6660
856
3800
1623
9670
755
7958
8477
1505
3630
6627
6166
7913
9900
7221
9500
4209
7616
1174
4183
1083
9914
118
1180
4582
411
1756
6190
5408
1576
2886
1718
2793
3595
8491
8184
5457
7515
2372
1227
2862
3150
3559
1355
5340
7919
7869
3852
9611
2563
4136
3699
9094
7018
1839
719
7234
6504
4274
5223
5164
9803
4170
52
6051
1842
5359
7116
201
8133
3347
9424
1889
3494
2498
5839
3832
1489
3933
9584
29
2945
4939
7692
9510
2286
2016
2513
9632
9286
4932
2177
3993
8594
97
3493
8365
2384
5024
3000
6207
9811
5505
8726
2657
5197
9719
1376
2933
9551
8111
2248
3685
7338
5618
6273
515
8399
1940
9968
9819
7809
5535
4355
5669
3616
694
9819
4347
9956
9633
194
3764
5226
8430
995
1050
2091
6837
7010
8487
6558
5867
2742
2052
6829
9449
551
9794
1016
2860
8349
4005
7866
7029
5514
225
8991
3799
6808
2246
5877
4119
4230
5106
137
7193
6719
87
100
4645
4206
5983
4123
8027
9123
1357
5420
730
6606
8375
3816
4419
6929
7449
616
4161
354
831
9847
3917
5088
7677
9372
3345
5262
7105
1766
4282
7744
8789
5916
4582
5955
6721
7558
9230
3616
3184
8840
2924
6494
9924
5431
1742
9326
3013
8386
1608
5251
1340
6872
6810
9456
3307
8686
3613
4080
3802
6154
2437
1433
8536
848
1818
4783
777
6820
4579
3260
5601
3762
9311
6896
9577
4301
3754
6620
8927
4033
3256
6780
2548
9624
4928
8990
416
2219
3585
3144
6133
3729
3294
8253
3747
2801
2832
7048
5028
2589
6602
65
9446
4275
5865
622
5410
7945
1203
2276
5207
1288
5727
8234
9981
8341
1990
4768
1798
8118
643
5131
9156
4392
4316
5685
9627
1264
9379
1949
2997
2472
8879
725
4564
9634
9561
9733
2799
6440
626
5658
100
7928
8781
6194
4104
649
4321
1533
3946
9480
4787
9799
8340
6415
7118
4596
9764
1368
8248
3995
6070
7411
3561
8052
6382
6111
7225
4566
5829
5496
5943
7498
5278
4743
6635
6089
9017
8678
7130
9003
8406
3552
9468
5868
1496
5301
8777
4661
7573
6095
1546
7475
8107
2851
8630
5328
427
7003
2697
4384
7360
492
7898
4383
650
6986
8953
9537
4378
194
5701
3803
458
1674
6151
740
310
6736
5766
5944
3560
1802
8251
6695
110
1265
872
1970
3206
9849
744
335
9527
7680
1843
3960
113
7798
1558
8339
1610
3434
1512
9628
2749
5595
1371
9383
4767
4069
3807
1354
5579
9036
4424
6244
75
9806
8669
3772
4131
4953
3989
6688
3585
7394
9643
2908
7991
1347
2782
2212
6802
4296
3442
4329
9185
8100
4890
6670
6115
6161
1499
3754
4033
627
3123
8987
5570
4646
7503
1171
4646
9077
5831
4646
9769
1316
5559
2486
8416
3191
8185
5615
5216
3449
8018
4930
9574
5912
8874
6017
5731
6903
9710
3392
5149
5127
3852
9861
2345
3574
841
5318
6834
1229
4562
3098
9980
1399
6668
3747
6898
4326
1937
5603
6449
674
91
303
9343
4717
6174
3105
8484
1873
9446
5086
6466
9406
6069
8712
1350
4489
637
5539
1372
8074
9425
8429
7014
2294
837
526
4419
1898
7971
6886
2276
7930
4672
8959
3001
4302
4755
3008
4683
6238
4754
8884
7850
9505
846
2402
4523
1833
7429
4452
2948
1839
9066
2269
8040
4592
92
7087
1288
6751
3472
2516
3806
3660
8358
8269
514
7668
8933
3648
773
975
9486
5026
2790
6659
7028
360
5403
2873
863
8527
9822
6312
4793
5737
1256
6776
1179
9163
7421
5848
7136
7790
5593
5202
9057
4876
5956
4970
2642
3698
571
310
4209
5081
8675
9150
9243
3644
9518
93
3825
6045
7351
4376
8685
5583
1590
4403
4777
2705
4322
1045
4228
2628
3925
2413
7908
4346
4420
9024
669
8058
9340
8408
6921
7310
7845
5389
5902
9390
7457
135
6383
3652
4284
7250
6550
2046
6476
9168
1366
4975
8880
7762
9844
215
9735
7809
3721
6522
9166
7579
5640
6622
2359
5814
8336
6562
6133
305
8302
8220
8841
4407
3873
2499
5120
8140
6909
1800
8816
4933
3208
2492
2301
5391
8828
1619
9225
4645
2427
6647
9831
6003
472
2082
474
2390
4513
3409
8114
6049
6913
738
5424
3450
8449
6266
5557
5300
8561
7429
8758
593
8200
9086
3189
1852
3129
1524
5625
9559
9487
5342
4787
5558
4439
2415
9701
9503
344
3925
5032
5185
4522
3475
8713
4248
6683
8271
4124
8361
1880
8392
7995
6561
2108
8540
7037
3522
4171
7432
8681
3107
8782
6996
4466
4748
9131
1287
671
3569
7920
6468
5546
4205
6998
822
1615
4932
8247
6458
2614
3184
2340
9475
3020
8702
1128
1414
1127
786
967
6714
1579
4669
2729
210
3750
740
6262
6582
7445
2392
3610
6238
5940
6786
3681
6644
6257
4629
4730
5551
3108
9166
8121
5925
4849
5377
2885
3675
9225
4433
6054
6096
491
9915
2372
9531
8409
5008
411
6718
1508
6411
9077
8742
577
6807
9489
9863
7684
3494
8380
7720
596
677
202
5436
4153
3521
7066
1147
3789
2807
1002
270
4019
1606
1977
8005
4119
5948
7825
6208
3272
8722
3202
6512
5030
3282
8261
5848
4099
8844
8117
1094
1373
5457
4594
1284
5438
6793
1547
5496
9941
7662
4562
257
3992
6378
5215
3511
68
7543
6468
2952
3986
3205
5921
6837
4455
6016
7275
7976
2705
3254
1343
1369
8824
987
6607
3446
893
8504
7386
1940
6154
4691
4662
9947
8822
583
9578
1930
5251
4692
7013
6958
4006
9717
3820
8201
2111
7810
4136
3853
6709
9486
8074
8561
5551
7843
2502
7580
9928
9248
9379
4921
7077
7630
6883
6910
758
2051
601
7870
598
8779
5672
7027
2722
4828
3911
4620
8194
7132
7573
1362
1718
9796
4542
8765
8615
9026
9136
771
9682
3774
2359
8285
5511
1246
299
5588
8244
3268
8144
1872
6289
3277
5924
9584
8779
2891
3864
8169
1243
1854
9146
1669
5804
9531
213
580
6804
5485
3427
4003
1360
408
7321
7876
1933
283
4929
6497
6799
613
9929
7316
5071
2534
9697
8257
6702
657
37
7945
6943
6828
5676
5701
3438
7290
2613
1665
7566
1831
5903
3057
7171
782
5709
5149
2228
6635
3971
8442
2798
2478
873
8555
8318
3052
884
6037
740
9691
9948
5179
9489
5785
580
1372
231
5615
7183
2406
5817
7018
434
4
8058
3253
2445
7653
2116
362
8546
8099
1623
6151
1991
5062
2560
1237
6723
7553
6711
3638
4103
7806
9613
2140
5907
7368
431
8555
1157
4304
8791
6041
3629
6860
7620
7441
3473
8586
9050
9196
6873
2975
1278
5581
8118
2078
9698
8791
1762
5785
5898
8232
7895
1875
4727
4961
2171
6856
168
8974
7027
3959
2378
8668
2326
3642
2348
6713
48
3145
4701
9202
7657
169
9340
5764
69
9141
8726
9577
2215
3680
3274
7812
5971
3423
3897
1121
7492
480
318
5028
6246
7805
4380
5643
4449
7028
2211
7328
5975
8876
8812
3696
2383
7948
6202
4754
914
2937
8963
2423
7026
502
5354
5537
313
498
6777
7884
7303
2146
7896
8436
4424
8213
7063
3834
6211
251
9885
1424
8444
7148
7969
6139
8845
544
455
7488
5347
3480
9234
8877
8123
2719
8495
2955
5099
6511
8139
1052
8041
7795
597
617
9398
7974
1624
255
312
8076
1081
8590
8346
1158
8901
5378
9089
1393
2085
2488
3191
7888
3849
2876
8304
3828
4435
75
3523
7478
6403
7
8842
5014
361
6066
8043
6610
8437
172
5778
4918
9461
8193
420
5668
3217
4664
3273
3429
9831
1455
4703
210
2171
3662
8090
1642
2398
1367
2796
6957
7216
1734
1911
9188
4941
9416
2354
1221
5390
2990
8695
9473
7983
5343
7071
8060
8959
7700
4717
577
7868
8922
7706
4804
7616
5036
5666
3645
2918
6140
1871
3048
4412
7694
2269
6705
9480
6778
8944
2247
9349
1247
2151
4184
8484
8940
5690
5406
1573
3364
1493
1069
55
4667
8455
2702
2014
8142
9782
9296
682
5208
5772
3532
6058
7416
6145
3414
4705
8895
5513
8318
6882
866
4100
4749
3334
2736
486
9371
1378
7590
1745
6784
9136
1301
5339
2657
6072
1872
6113
44
250
9919
8315
3513
9135
6874
4652
1941
2716
1292
483
5935
2175
6355
6771
6651
4075
2765
4006
6954
9314
8701
5297
2224
9700
7782
6697
3727
2945
5488
5425
3171
4073
8870
3961
5591
3737
93
977
3667
1678
9411
7266
329
7048
3198
9939
400
3280
4025
5638
7852
6430
6341
7723
734
9445
908
508
2416
6727
2872
8040
2130
7173
4299
925
7188
3620
6432
7230
7639
9311
3459
4199
5858
4947
5558
9369
3864
67
9996
3238
2517
9060
5019
8071
5482
4198
6542
8312
6772
9348
8801
8572
83
7007
9939
1513
9379
7021
2518
4407
3356
2861
8348
1459
5874
4859
2189
4818
1166
3051
411
7194
9741
5359
8836
8530
3338
1350
2611
9638
1151
8182
8300
4322
9593
4490
8955
7789
6374
3545
4872
1924
286
8705
2300
4247
574
6705
9679
7807
919
279
4623
4786
6908
5576
8263
9941
5627
8445
4548
3207
1571
5514
4743
1210
4415
144
5143
4018
3949
5117
7151
3265
4364
8862
5704
5984
1662
6424
2913
7327
246
7171
5649
2188
7879
8062
601
2362
5139
4642
1061
4906
6091
9864
3452
9187
6671
6439
6304
8221
2380
9366
1215
6671
2646
1835
2969
9545
4862
3423
1038
4982
9343
4061
4918
9266
6223
7232
6957
5555
8144
2064
2145
1047
7555
9529
9979
1938
8107
4577
6030
9103
4085
998
1877
5631
831
9721
6116
2295
1076
756
8522
1718
1100
386
1939
2753
8174
8955
4443
9387
6637
5828
6988
8117
4335
1563
4614
2996
7825
3448
2369
1549
2781
4854
6723
8010
1319
3533
3817
5236
1309
7490
9201
4185
5058
8005
8049
252
1759
1381
6028
9620
8640
4428
5811
6679
8130
9467
6532
4081
4624
1536
883
7804
4304
4989
5734
6106
5212
5007
640
5392
9077
2537
5617
6260
5623
5876
266
9204
177
8779
9330
8306
7188
7201
8424
413
603
5108
5402
8441
1479
2571
5406
4106
3110
8359
371
7867
5580
4320
2752
3929
8809
8069
565
5176
8016
6333
1294
1982
974
9421
9005
1634
5074
1593
6709
365
5044
6218
5027
4422
7656
5985
58
1
3245
7227
9882
7797
6148
7479
6211
2060
8267
3763
2427
2245
5274
2842
9149
6653
6497
8133
7099
6465
6159
9186
8428
1961
5853
8661
6462
5047
3359
6410
1818
9933
3338
2492
9590
1351
2243
6818
9924
1192
3757
8409
7293
845
8884
8666
1890
4500
2364
989
2177
2631
8829
693
6130
7596
7897
418
3970
6107
7405
6221
4825
4169
8156
7190
4522
1552
8874
4698
7370
3321
9853
6577
1424
6930
4804
5366
2761
8771
9927
540
94
6189
2644
2548
8098
9841
5156
6666
1822
2274
4227
6159
7132
1091
5945
2421
1087
4057
3004
1776
3607
1678
3317
3051
943
1735
9405
176
1744
2581
8224
8247
6553
5956
7823
6894
3145
9040
5767
4569
2359
6915
5456
5959
8755
4680
8898
1368
650
9946
4763
8130
406
8801
1665
3360
2342
5777
8402
1705
4292
3989
1199
5782
6179
9463
3
1329
8977
2690
6273
1463
5943
2009
5773
7380
1952
3300
8696
8552
1283
7217
5356
3470
3772
2614
8215
3664
9716
2692
8713
868
4905
9598
582
9238
3252
1292
345
9866
6675
4008
4184
9432
2171
3121
2880
5397
203
7555
7806
1157
3475
5270
8138
8214
9855
1087
497
7176
5456
5417
8716
8335
7980
8680
4236
2963
2034
978
2687
3588
3334
9488
8491
1525
1563
543
5453
902
3685
3431
2590
2648
5795
1591
9826
3164
5652
4311
5236
6686
1446
8856
9214
3925
8762
7395
3626
2472
4983
8269
6969
2470
4566
738
9711
3893
9983
9985
6504
3089
4279
4195
2781
9841
7352
9915
3918
7908
8959
5151
9708
5268
1904
1535
4263
3224
6130
1012
9799
6723
4886
7308
2977
1139
5489
1131
1114
2055
4173
9700
2458
1834
6086
6953
3463
8725
903
6564
1608
4882
6827
7397
6762
102
6284
1942
7575
2444
4923
3904
244
6369
3698
7081
4252
3130
2697
6521
5493
9921
5251
6520
1364
3036
9365
2644
2119
1636
1004
2246
7321
9688
3109
5916
6394
6041
1123
7804
4865
8065
8963
337
7009
8002
7035
7492
2321
7367
4326
881
1966
917
2623
1239
4257
135
2731
8335
5719
9106
4957
3184
266
2663
7555
4114
7669
4707
4672
4898
1526
1770
8494
3987
6711
5060
8451
8310
9640
440
1309
8168
7350
1200
7293
805
4772
5962
9244
3234
3429
373
7916
2496
803
5874
8628
6830
7065
984
5809
2117
5324
16
629
742
9875
9929
28
2507
138
1842
3395
7744
7102
3786
2705
7137
3517
4716
5201
7120
4521
1849
8155
7294
5786
2454
6226
7893
6284
5028
7500
4461
2563
2943
3917
6147
7419
8760
3274
884
8257
3268
1249
448
4188
1803
7394
6725
8085
513
2697
273
6140
2030
5810
5482
9244
3873
5641
3799
4572
7435
2956
1666
8975
9375
2047
6386
9650
6911
6613
6679
2063
8018
3551
5524
9220
9252
3862
1692
2308
2100
2562
4537
1220
1113
8888
8291
8968
5552
5603
7556
5465
2312
3349
8117
9919
5602
3890
255
8429
8967
9403
3820
2796
9599
4479
9432
2444
5408
4529
6562
2739
8319
6611
9761
4271
3248
6550
937
7984
1184
1191
1771
7406
1839
4564
2406
6127
269
2536
4988
5224
3916
2861
5843
7442
5218
2098
5915
1893
396
195
7463
4386
83
6509
725
9923
6588
4981
5752
4763
8919
5215
4055
8491
9267
5427
4714
596
8704
6288
5747
1995
9220
9563
9356
7609
5029
5413
5393
9745
3877
6260
1860
3898
1640
7328
6438
7870
6096
8868
5201
8838
5238
2520
3054
1356
3639
1019
1896
4888
1929
5927
4525
3860
8010
6624
2262
3709
6062
8697
7856
8959
427
3808
7209
4603
3683
391
2551
5931
8288
474
6950
1715
9808
3962
1991
7923
9467
8570
4155
7953
4829
9011
176
6288
1474
1225
6781
5475
8163
1067
2595
5260
5120
4484
6223
9134
9716
2201
2496
887
9144
2224
2194
2306
1044
6563
622
8525
7736
3633
4746
2688
5774
27
510
9170
1843
4334
76
1637
8114
8812
1356
6247
421
2781
2019
4111
1870
1432
8971
265
5287
9022
131
376
4114
4173
9657
9900
842
8865
3857
3782
2051
5236
3149
4386
3837
5332
4484
9265
2294
4624
6923
1671
1382
8534
6397
6819
8098
5433
494
2277
2246
9
2212
6311
6170
2577
1565
585
1720
8367
1504
5601
8830
7293
1912
7110
3149
1893
7641
1532
8026
7527
8279
9130
5872
669
5419
4347
9115
3245
8287
8311
3494
4439
6287
8377
7216
3659
996
1855
8284
7617
7360
3628
6051
4458
191
9451
1195
700
1110
9452
5377
6916
2642
5180
4182
8838
7618
7927
3866
8950
3393
1188
7079
2983
6642
6530
7040
2555
3178
705
5381
9951
9381
2213
2399
3444
5265
4355
3335
9370
8351
8391
4761
7453
2364
6477
347
317
156
1554
1613
6310
5786
9881
1528
3862
773
7368
9518
2373
1959
3149
544
259
65
2768
7502
8009
5502
1809
8595
9536
8675
8171
581
6112
4286
6914
579
2370
5055
9670
1780
8768
5559
9642
7521
2635
8443
4757
5861
2585
5336
14
4019
3569
5059
9226
7670
3647
7588
1777
5937
8113
6928
4475
4036
2212
297
5646
8606
3367
6458
7914
9575
374
7245
8190
8383
4888
9630
6444
734
2237
294
9992
2834
2313
8371
5845
7552
7137
7681
4109
4003
9944
3297
9724
2929
5311
487
6441
2775
1236
2392
7854
5968
8962
8356
6853
6904
4528
9793
9980
8324
3346
7894
4096
1354
5918
4875
6052
7604
3985
7239
9173
6064
8567
2635
5849
8413
5913
8447
146
2960
9278
9297
3721
5971
593
7931
7608
1380
5971
3139
1744
4971
6984
6416
7655
2302
3693
3475
2557
4534
860
4021
4361
7773
9295
7046
5901
3239
9768
6171
2112
3937
2940
7261
1065
5594
9704
8224
8963
277
2307
420
6448
1875
8948
8972
5119
6649
919
9091
4606
9719
6210
4395
2394
9957
2811
2479
5476
852
245
6500
8952
5186
4329
1622
6484
2903
4569
3867
3370
4250
5505
6685
8784
2902
2883
3204
8614
1705
1048
8836
7308
5543
694
5221
7720
3251
6590
314
9074
5425
4091
9057
9251
9244
6319
9456
8121
1749
8015
4224
9953
3176
9566
8332
7798
2927
2746
1324
933
9598
1939
4524
5899
8847
2200
4721
1523
9798
4017
4305
1519
9419
1805
798
4599
2208
9909
6588
9776
9713
5933
6309
3437
2518
6844
9881
8157
1851
1696
6814
8459
1467
4313
9466
7825
3433
593
2273
5726
2983
976
910
7073
658
1349
9540
2640
9605
1759
2652
2633
8296
8232
9995
7203
8411
2326
2920
5854
1144
3464
6809
8070
1306
3085
5801
5049
5561
2654
6953
6524
1001
5414
1335
665
5528
6316
9703
6667
9975
6848
2977
6996
6671
7499
5532
6957
867
4596
588
5643
4480
7132
1842
1634
7243
6731
8372
2691
7647
4205
2648
4188
8271
1464
1542
1114
3628
1945
9898
666
8362
442
4845
871
0
7779
7873
3819
4374
8566
7723
2670
8693
911
5338
6585
9795
8467
3914
9786
6554
9596
3979
7850
2159
9356
6159
6990
545
7751
9000
2929
4275
8500
1343
5168
2125
8777
7528
890
2438
8222
6238
8406
4298
1864
5483
1336
5866
5157
4836
2581
9072
972
315
8543
8630
3540
2037
7163
2687
8691
3365
7323
9726
5843
7456
8775
5716
59
9734
1792
7781
6947
8990
2371
5409
4328
6513
2108
6668
4821
1870
9240
7110
7542
4012
7471
8551
5390
434
2537
42
4374
6029
1700
4999
9622
6122
657
5452
58
8993
8320
451
8488
1653
1484
3129
1061
7825
2873
6629
2803
8064
5547
474
8963
2396
1249
4399
7146
5826
10
3779
4134
6005
6990
5156
3482
9297
5732
4643
2055
118
6679
6084
6256
1774
2740
6031
3267
7753
9082
1551
6585
3475
1994
8424
6552
3867
4041
5839
4272
7907
5454
9022
2014
192
4934
9205
9729
1445
4676
1139
7672
2881
7048
1435
8198
4442
1891
1413
662
4412
8317
7930
4096
9152
9408
985
6090
7659
7536
7995
7302
8509
1534
8244
8310
1805
7070
8831
346
148
676
9663
4441
5376
4129
3716
1572
2432
5205
689
4528
5118
8855
3707
3735
4880
9196
3129
6925
4834
7369
5299
9385
4320
4608
4500
7309
8653
5154
2476
3990
5210
8865
3917
5121
7637
9952
4486
25
7532
3607
9414
7036
2065
9678
9934
3445
5054
4197
1621
6046
3653
6304
8989
7580
307
4200
8631
3888
4006
6861
2511
832
495
5543
6341
8499
8342
3733
2664
1845
6486
9222
7429
9048
8610
990
6675
7967
7680
147
6050
4308
6210
6032
9202
1249
8550
2395
2305
8719
192
7463
5795
2668
56
3390
3759
2619
9847
7169
7757
4794
7803
7454
7675
5611
5106
8780
3241
7665
8926
4565
5008
525
5063
3505
695
1320
1268
5757
8301
5325
8056
7277
1198
3139
9888
4243
7998
2253
9197
7191
2631
775
9473
7011
1003
121
5772
735
8197
1057
462
8365
682
8362
1360
4286
2617
8584
4437
1513
7202
9392
946
3462
1283
3115
8196
5761
1200
8837
3946
2488
8763
1750
4413
9864
3375
3369
2448
9706
1880
1620
9557
4479
4439
3198
6606
6844
1062
5509
1370
4419
1543
5749
8543
5954
3539
8693
841
1047
8479
5772
6593
1943
7583
1736
9566
8157
784
8824
9400
7914
1888
2137
930
3216
8509
1207
7148
9022
7174
8596
6211
2246
6409
5937
9761
1382
2189
7633
9262
3282
4830
4404
2115
6058
6565
7726
261
2262
718
1009
6478
321
8444
4720
1933
1251
1415
2140
9614
4490
4234
7436
9191
1851
3081
6671
3143
4914
4356
4536
5968
69
9711
9157
6065
8693
8482
2085
5553
7494
79
4068
2199
6158
1441
5205
132
7271
4636
7867
8832
4072
523
9036
4233
632
3039
5049
4221
803
5976
2947
6224
3430
6503
7823
9777
1771
5455
7331
2439
641
1603
3196
6437
8007
9189
3076
2969
2290
9210
354
7582
6710
8719
1777
6776
2640
8562
8866
74
7634
9999
7765
9131
5634
8046
2613
6671
6147
1920
8184
5497
1686
4836
1981
2755
3305
6097
5905
395
69
2556
8120
9025
444
6144
3898
638
3777
9013
1734
9930
2621
134
1907
2423
8823
4729
360
5827
4023
5396
3521
481
5788
6876
1724
9365
75
8213
6241
4421
9462
8890
1343
1234
1336
6744
3204
9246
5203
5035
5781
1873
4396
9784
5525
2481
5540
48
7171
1968
5483
951
4611
9929
1357
2788
2150
916
380
9823
871
9982
5500
1460
4888
6638
2122
3478
4593
1806
9402
3943
5281
6835
9816
4111
132
7639
9659
381
5444
6329
118
7766
8459
2036
119
6910
7137
419
5711
5805
4706
3338
3617
5687
153
1491
7713
690
6040
93
3857
8507
1552
8789
6804
396
5941
5826
8779
4873
321
3684
3167
4315
7353
4411
7686
6825
2899
1869
8823
8738
2468
8243
113
9823
90
5787
2581
1719
8035
2827
451
5994
1768
9101
3862
4830
7628
1376
7219
9801
5139
5867
6780
620
6170
7868
1790
7803
257
2975
6903
4116
4725
9220
587
9505
4528
4249
746
8098
6826
9053
5266
755
5909
5515
8477
2409
7776
8601
4561
7910
8897
8071
4933
9843
3670
6190
6332
3239
880
2437
492
5970
721
9173
6609
2903
1642
3809
8338
2036
7572
6289
4439
5848
1059
4727
6362
6628
1064
944
7768
2380
2315
7943
5417
6387
1550
7586
3547
6111
5646
5227
7231
8763
7825
9814
4431
5406
916
3858
3886
2016
1312
9317
6121
2838
4883
6360
946
4850
6340
9698
7405
3497
6644
4490
9206
3799
3233
3875
3905
6848
3531
3821
1312
2865
5949
3970
2945
662
4630
6584
5157
6123
315
8273
2345
5781
3968
6651
8910
2719
3422
4629
9342
8961
1647
8783
34
5636
3580
15
8082
7918
4177
3409
3413
3017
6491
3763
8218
6927
786
9378
8400
7256
9161
1405
5748
9760
4239
5741
1037
7960
4571
8522
8647
4971
1016
9582
4741
7778
4264
3395
430
8950
53
868
4132
7734
8874
6722
4460
2347
842
2830
8700
4491
3713
4236
270
1368
9542
2740
6657
51
2783
8952
6068
9423
4990
6800
8563
1633
8448
4543
6796
4798
6825
8340
8889
1816
9719
3521
7241
9730
8512
7620
8623
6800
9042
7873
416
8655
4003
6810
7102
126
4808
7283
8457
4225
2175
2330
7391
6555
4293
7543
5012
440
4182
2807
5481
6782
2089
9035
7547
4512
6224
2407
8780
3402
3484
2141
1912
9054
2957
2585
203
305
7111
8997
2225
7462
3975
5813
6997
7734
8603
5130
6918
162
8820
3372
1066
1482
5290
7354
8334
1170
7590
5815
3099
7430
8932
4692
152
5198
4645
701
2675
5767
1479
7033
8842
2779
7719
2602
7020
7837
4811
256
6820
747
3111
4847
3192
7374
5881
839
3637
1360
9775
8326
6957
2812
6309
381
5284
6853
8821
8534
5671
2750
2055
6119
5984
9827
7064
1163
7537
2195
4355
7626
9934
9311
2458
6515
6534
4614
6346
3909
7295
7330
9729
4867
8955
7852
243
6353
4750
8778
993
6810
4584
6530
2649
2793
704
8775
9993
8009
7295
2092
8926
889
953
3412
19
6822
2415
5749
3549
7034
8119
6000
618
1087
4443
7285
104
1884
3483
9608
6578
1090
4033
6306
6317
4601
3176
3383
5065
7640
7131
9845
9076
4360
6308
9756
3952
7309
5993
6345
6515
7624
5380
9810
1636
7204
3198
2566
7143
6364
7491
1481
2336
8080
1920
2099
3718
9960
8141
1172
7115
5562
6879
1705
6463
9781
5314
6394
1239
3655
8728
7293
777
331
3699
5631
6163
6426
1002
4182
4871
6611
4642
7862
724
2801
2424
9521
1771
2951
9752
5956
5110
4455
2498
7215
3615
6335
9707
5279
1870
2141
4504
5228
2709
8783
1669
5886
9621
756
3376
2624
8457
1606
9647
478
4789
7753
9879
824
3470
6141
5129
535
5012
8311
8682
742
1492
2176
9167
3988
7816
6117
3238
1653
5949
5333
5788
518
8916
8805
7921
5650
3364
7221
4622
7489
6728
9121
7332
7217
389
2962
4976
6927
7109
5025
9306
3366
1641
8667
4696
2217
7856
1400
9185
8305
7276
8013
165
2713
2871
6875
9646
9351
6848
9735
5367
3296
968
2967
4002
4926
5041
4311
8710
8477
7701
1103
7336
4360
5108
2242
4347
6370
1030
3577
3689
8610
5395
7872
1809
2862
3612
2446
9613
4021
4545
7551
7733
472
4027
5710
2940
9053
4279
3794
1379
8772
851
1198
4565
5402
2259
5444
3065
3523
3369
1317
3205
8005
3032
4366
3183
7171
9210
5950
8056
5992
5517
7909
8106
8079
5457
5661
5458
9986
8928
6780
9847
9564
2636
5542
65
1643
9672
32
3948
5635
7016
7705
6898
2463
9674
2533
1553
8579
556
5686
5141
2848
5292
9200
7175
5383
8144
9865
9507
5365
7390
9938
389
6684
2195
2331
5061
1802
1100
7883
9692
7587
4180
2044
3244
1361
7631
6890
1597
879
7115
8672
6955
7495
8674
4324
6802
399
1097
1505
954
6452
8616
569
4797
6554
4368
7948
7966
68
411
6087
1515
5287
5304
8538
2159
9160
6309
632
3511
7043
5412
5349
6154
197
8118
7260
1609
5015
8292
4072
9658
5969
6117
8344
9482
5615
4008
7873
7969
2891
5444
9236
3522
2729
6658
7307
4218
5350
7482
2632
460
9714
3218
9468
2128
8551
157
7848
4162
8482
1603
9250
6557
3516
1333
3562
2396
2564
6686
7319
3285
7710
1686
1172
2656
4615
1593
7517
7516
9945
7724
9094
3976
4699
9554
2280
1203
9537
1902
1843
8117
902
3089
379
8829
1898
4491
3625
821
3966
9445
6619
118
4586
9250
9951
7847
8478
9100
3853
5124
4221
2246
7061
9989
4870
4322
107
7650
9108
2197
8952
3503
9979
5882
8731
927
9424
6226
6758
4870
7157
1724
8431
6114
8497
1857
225
7910
1994
50
1269
2261
8720
4875
259
9043
6940
6112
9678
297
6804
1229
5628
6361
7230
360
9167
7157
3095
8783
5623
7532
7634
166
3757
3407
9158
3163
884
1357
572
4683
2350
6058
7979
1752
2787
2479
8084
8010
3887
9313
2224
9612
7387
6051
2615
2946
3773
3737
95
5396
1597
60
658
6054
211
6523
8509
2811
7523
664
5960
1320
922
2976
5788
8766
1252
1131
3587
1235
617
4894
2238
1353
1918
2312
4793
3443
7823
2132
7245
8393
9451
388
1709
5760
6239
5751
7025
1173
8866
2582
9145
1932
992
4605
263
9078
9782
5033
1338
1036
6949
9743
2041
4518
9671
7147
1308
7408
8603
792
9059
2431
399
1587
8024
8265
175
4593
4046
8036
9343
2518
9815
3492
8432
2861
6730
3685
2696
6499
8559
1471
43
5684
27
7469
4380
4759
4886
1983
8681
7926
9722
3206
4850
147
5365
7730
3579
2067
8162
1238
3817
7300
1110
52
3997
8237
5818
811
8678
9305
7734
296
6643
5115
4150
3388
5306
4004
3152
2273
7955
6204
4287
6343
7759
8005
8871
3461
6510
4850
1174
8804
9438
3621
7336
3170
7628
7769
8894
87
3634
8690
8673
8941
7333
7585
9107
9597
9135
1802
9863
585
4951
3042
5989
2839
9374
8597
6137
7926
5766
6583
6754
4592
7552
5974
1204
5479
5679
5990
5810
1639
4129
6163
9456
3480
5127
2202
3125
8022
8378
252
7115
1283
3305
618
1326
8073
7857
1892
4096
9947
1890
7036
3802
1140
8183
2145
2998
6037
7274
559
5679
6901
6045
7603
7486
6397
302
9502
2124
9421
7688
3048
3565
873
8702
4460
8602
5457
9037
4364
1819
1479
5001
8422
38
2568
8298
4681
275
5974
1614
7448
952
1669
1598
4319
8892
5659
1934
1043
5947
8125
9978
8796
1941
332
7394
2017
1376
9195
33
6555
2379
8483
1143
7781
2039
4730
2836
3545
70
430
9006
4182
446
7115
4707
7084
8063
4147
6295
6480
4541
5758
4404
6324
1135
8199
2736
5483
463
577
7114
7857
436
4760
6811
7255
8185
6405
4972
9862
4838
4068
428
8575
5327
8129
7803
3154
982
9491
9899
9246
598
7689
9630
361
1908
9444
9757
3065
8073
8466
7837
482
1834
9494
4397
5453
371
8926
4558
4789
8223
3381
3351
287
6011
6866
8580
8902
4069
2686
1291
4309
5464
1249
1577
8577
6676
6412
8358
2160
4866
1226
7636
7915
4213
1447
745
8481
8965
4992
4804
1485
6459
3426
2228
2861
8632
7835
7417
7643
5338
3978
1749
1760
2282
8981
1068
6601
3526
794
9788
6740
529
9878
6855
638
2525
3185
2927
2551
6813
4415
3793
1389
5617
9258
6868
9962
2770
3454
3376
8167
138
5154
6207
9335
1995
4228
820
8451
6907
7170
2427
8890
4672
4062
3447
1455
5222
8294
4322
1140
5172
9367
7110
7046
7682
6534
7994
614
3880
2997
2597
9874
7459
7586
478
1087
9143
2491
9659
2351
236
5545
2324
8729
8027
7391
5623
4320
1426
5677
9953
1853
3038
7894
4589
297
4545
9801
1789
4505
47
3253
9051
1831
1163
9858
4590
1867
3839
9573
9896
1506
3596
6700
7844
1091
5376
2971
3159
1503
4658
2659
4779
3950
5484
9944
4213
3247
8925
3815
5492
3410
5137
9928
5980
7638
4891
1658
4691
5148
1343
3090
7126
862
1075
3055
9882
5292
3230
9369
824
5278
3919
7060
1782
3283
3108
9849
2291
4684
1231
930
3116
3323
2995
3946
3636
3743
9822
7586
9486
6231
3530
2575
8126
1198
3044
6849
368
6280
5341
2878
1067
7602
373
2853
5497
1305
8931
2005
6158
6114
95
7073
9040
7265
9687
3275
831
4201
7858
6802
4214
7268
6870
7038
9320
5493
7800
2769
4954
4914
4446
2802
1009
117
6667
5460
2883
4913
7269
3385
9866
6216
9384
8947
8532
5450
3897
1870
5098
5995
7227
9086
7163
7432
4900
8326
5058
5279
3540
2698
246
873
7828
3282
1185
9691
621
2480
5892
2834
2102
9372
5863
4948
6537
3043
3441
2386
2954
2977
2368
5086
7157
3771
2634
2309
6975
7747
4461
1715
7752
6977
3763
7412
9145
9353
7953
1187
9412
804
4359
1600
7611
4501
8410
4670
9351
1399
5766
8475
7266
234
9459
1920
8142
5920
301
118
9714
4856
4687
2558
9384
9279
8256
1043
3486
5263
1832
8906
3852
5234
3648
5993
8813
759
7867
7679
2001
7721
6653
557
5334
8834
4450
364
9844
2927
6540
7101
5000
5269
936
3245
8470
9788
7307
8002
8926
7957
3785
5827
4650
8011
6295
5444
3181
6458
4898
8643
4735
9405
5834
2715
2296
3068
873
8134
6482
8617
9166
1247
212
235
3697
3630
5459
3040
175
2391
7664
2653
9919
9102
7565
6222
5027
2688
5235
3975
6620
6471
7575
6347
1287
8269
7127
3065
5947
4178
5465
4329
5275
9724
8381
8699
5616
8454
3844
8717
6103
2054
6006
1431
4436
5107
4942
3246
1403
675
7404
8899
9563
7891
7770
9412
4164
1458
5354
8728
3479
5872
7644
7451
7065
2662
8110
8524
666
9618
1441
7080
8004
4702
5223
9470
833
8987
8282
8659
5915
9780
8440
8886
6838
7010
1943
3814
1008
3623
9610
9780
6510
2469
1236
5617
2010
5585
9156
4279
5238
5773
1556
2036
8484
6517
6883
2004
5173
4355
6154
7465
4362
8851
7330
7687
4168
1507
3599
343
6152
985
4554
446
2021
4495
4337
2151
7065
9577
3688
300
3716
7523
7225
5660
3572
4819
5196
8887
8824
5686
5942
2345
8586
5663
336
1858
5510
26
4168
9182
7872
9337
3546
7394
3283
7556
4841
9115
4962
5634
7478
8560
7894
8474
7093
3410
1389
1558
9678
7081
4799
4550
1933
3902
260
1150
5587
811
8810
4575
5354
315
3255
100
6328
3812
7066
3823
6500
2973
8145
9119
7159
7963
7826
1838
2299
2989
6463
8697
3080
9127
5256
2998
5986
4351
5415
4321
5127
6498
3894
7463
7485
3909
5062
515
6078
7846
1415
9368
2767
8466
1082
1725
8209
8120
28
610
1377
9816
3511
503
4422
2185
6412
9935
7626
134
9524
5822
9550
7918
6614
4628
5771
3353
963
1879
6615
9101
6825
9702
2882
1048
2094
2546
3264
1953
3488
4687
371
933
2629
4417
8440
9367
8458
5297
3135
4528
4858
3138
8244
2263
4253
8301
9962
4185
4538
9376
2290
3819
1561
6909
6390
4878
3652
3273
6904
6136
1200
1256
7297
253
7866
4748
5479
3873
4989
894
543
6909
8428
9710
9720
7306
9252
3415
7501
6818
786
8988
3431
4666
8293
1011
9180
4628
4297
6681
1249
8514
8645
1292
6075
8148
5215
4679
2484
3412
3230
1305
5830
5814
5889
314
8927
3346
7528
1066
5280
4970
9552
6795
8622
9146
9166
9939
7342
1010
559
4994
1453
224
7302
3669
8709
9344
1
5411
8065
9808
7493
3454
3865
4262
1455
3981
3960
1781
4555
5564
2206
2647
1315
1837
9898
2060
6082
9886
7444
9993
6416
4630
2039
873
8675
3799
3089
2620
6946
7509
231
8953
8553
2203
8767
2443
5915
1928
7564
3465
7523
7663
8249
9314
6091
6014
7064
2051
5215
466
5495
3524
1564
7592
9293
2813
8923
3985
8673
9353
2154
4678
4570
235
1555
7262
9918
6188
109
4861
4636
5959
5603
3861
5793
7195
5214
1053
6116
7766
3812
6947
8166
3228
6031
4587
6838
6340
5129
7135
2425
1511
8725
5545
7537
1065
9834
2979
4700
457
6162
2396
9625
9571
6694
5210
8401
5099
2877
7650
439
2241
5880
5616
8481
1231
8155
2800
9089
9075
8693
8632
4024
3997
7774
9784
6333
5368
3245
5131
1153
6754
1591
2749
676
803
5023
6473
2718
9099
2658
1418
7411
9928
7447
9797
5208
2212
8514
1625
8341
2175
5730
9356
9947
6400
8129
4909
7231
406
4033
8956
4371
7892
5723
7021
7946
5278
1371
6633
411
4649
1383
4524
9385
7536
466
4711
2403
9177
4013
4862
8079
2972
4154
1261
7456
7095
5268
1861
9044
3168
8191
8326
7335
7382
1853
4647
4513
4943
9649
3348
2371
6384
3756
8293
2631
3283
5315
8036
3386
8939
3023
7054
9431
560
1724
3930
4825
2661
8194
5437
1933
7093
9183
4265
6410
1476
2108
6083
9025
892
5807
5995
9907
1336
1308
7018
73
3946
2672
3265
5542
3807
4596
7242
1828
3434
9461
6973
9695
1853
1594
3783
5740
4525
3936
8292
5411
8759
5749
1512
6157
7732
1016
5239
4328
4800
9149
1891
9176
5236
2963
2311
2469
2995
7281
5322
4105
607
9846
7617
6416
1329
1961
8270
7540
1340
7769
8339
390
8250
610
4358
6205
4965
9675
3636
6673
8074
3295
4915
2678
9209
5265
6988
2480
5166
2804
5883
5582
3801
3150
4857
6390
8297
6568
177
318
665
9356
4184
4734
9796
3353
5794
9209
5449
9110
1850
6413
1232
6642
229
5269
2390
5031
4144
3117
4773
1961
8746
8837
7297
5830
2204
5559
9114
1589
6065
55
4325
5806
2782
1351
1539
3909
1931
7564
3291
1640
3023
3838
3932
1962
9590
8836
2009
5390
392
5291
7804
8501
5188
1644
9215
3861
5447
3274
5737
3083
281
6684
2522
9346
5104
6587
8704
4
4854
7292
7669
7774
8082
7350
3110
241
7827
4300
368
4775
2818
4551
7253
8619
4905
8818
6089
2870
7013
4218
1194
2101
530
9382
7425
6485
6177
4561
5684
4475
9405
5474
5574
6746
1030
6213
2525
8933
9171
534
1037
1756
4980
8328
816
2901
7212
947
1362
5179
6971
7015
3201
1064
8241
9535
2744
85
762
8902
5502
9439
1157
1018
5960
5689
5168
8175
5443
4190
2127
8706
8093
7275
2280
8907
9754
2565
5584
9423
2413
6111
1422
8471
9112
5184
9718
7644
4486
4249
4017
5237
8713
1107
1466
343
2224
8075
1226
1257
7324
4711
5606
5733
4675
4294
1671
1952
8265
4431
4683
2877
3623
9454
8893
3255
9441
5621
560
5341
9517
2467
8926
4700
611
5106
4110
8066
5989
23
8785
2500
9529
1424
3138
5290
3080
9939
160
6599
91
2877
3382
1021
4978
1426
8016
2113
5532
2142
1526
894
1972
7946
6518
9216
1165
674
6503
3272
1330
6135
5594
9661
5973
3872
4527
6875
3610
9903
5930
4445
3638
3586
7626
7644
7935
9536
7702
1892
9610
2039
2969
3068
5308
698
9970
6776
0
6101
6694
3257
2486
9518
3720
7626
9218
3713
5250
9556
3371
3686
6882
3377
401
7002
3930
4281
2468
3670
9503
2492
6869
8480
381
4547
5014
6975
5708
4162
600
4047
1711
1774
1846
5241
5236
1998
7302
8993
3875
2110
7125
2474
521
9007
1392
3668
1766
3563
5654
9457
867
4202
1111
6251
6019
6625
6576
398
4893
2702
5809
74
8931
5458
8850
7683
2885
6906
3305
3745
3836
8430
3485
4454
2732
96
9552
28
1716
7262
3833
7493
7075
7537
6042
5654
6933
3868
5065
4344
861
2071
8417
3847
4361
9561
6086
2461
9142
9069
1518
1908
7915
6461
7067
8489
153
366
9407
4574
5892
6332
6197
9650
6946
1364
9838
9900
4775
2561
6731
86
2260
9189
9665
3592
836
7017
3285
358
4216
9784
7417
9909
718
9733
7745
6297
7745
2868
2917
5734
5530
1784
3102
61
14
3017
9925
5044
8063
7244
3279
891
9
3497
2923
7873
755
8048
2807
1917
837
120
2435
2314
7371
9390
7672
3604
8949
4999
1287
7466
3219
4400
1367
1717
9596
2242
713
6099
8054
2449
9264
6254
3155
7772
9152
7713
6825
9889
3201
870
7293
7848
8084
5309
7054
1849
9956
8569
7997
5306
3528
9852
4237
4814
449
2913
8956
5852
9838
9004
5922
1705
4051
923
7289
576
76
7980
8252
9406
4875
3433
5054
8943
5990
9021
209
2477
3661
5916
5814
6703
8307
1664
1747
75
9733
5782
9014
624
7299
706
1680
2420
8509
7968
3814
6320
2511
9184
9608
1366
5523
7538
79
4633
7293
8396
7732
2510
5601
3456
7267
3072
1993
5717
5876
2452
4265
2439
5374
3369
952
2793
8640
3576
7631
5551
4311
9931
9596
1196
1694
2015
3856
9434
301
868
1577
5838
5614
7029
6770
1680
8998
2005
6896
2031
3150
6257
2678
8467
2549
1279
1134
3321
9367
9858
1450
7834
6050
6849
2810
3544
8617
9383
7401
5064
3634
6278
4356
7419
7934
9409
9484
4390
2638
2319
4263
8633
2165
6961
587
3820
9044
9746
7320
9109
688
5237
2242
7926
1801
8949
1277
3508
946
7501
3131
6545
487
7160
4429
472
4707
4086
1107
4911
1547
9303
6959
5622
5867
4145
6808
5953
781
2847
3354
6288
2748
3955
6161
1565
946
7729
6898
5282
6518
4233
9934
5719
6405
9873
236
2222
6602
1925
6965
6888
5639
4707
8784
9619
3080
214
7218
7217
3546
5366
4989
7799
8832
4687
7988
4992
580
4258
8525
820
5939
6317
752
587
6191
247
3603
8502
7511
3206
606
3057
8271
1493
1654
9757
3446
6030
3386
6111
2720
2868
1759
5480
41
5530
7357
9941
2109
9628
6143
83
9426
398
9775
2681
371
8435
1183
3964
8244
5677
7815
1434
9902
104
4776
874
1960
4180
8402
5883
5120
3461
5073
1928
7923
7316
4565
1290
5992
7746
9089
8185
6645
3342
5811
5431
4931
8056
4971
120
957
4701
89
2236
1166
319
4369
8700
2175
9096
2321
7249
9554
7818
5544
3405
8398
630
4642
144
1136
5143
7183
9391
3951
7645
2692
9432
7665
1071
1599
346
6295
8773
586
3967
7394
1576
8895
1288
999
753
8935
957
7366
711
8019
6814
4935
5428
6475
7203
5044
5627
7159
6227
8771
1627
4758
8416
2398
3222
3038
8418
6931
5023
2286
4760
9676
4049
4373
5005
6631
8882
272
1066
3337
5076
5918
2554
5757
1184
6728
1006
2758
7720
7593
9334
7967
6711
5311
9671
8915
1134
9799
2010
1348
9966
5796
9769
6908
3565
4185
1161
342
9452
6543
3151
5971
4416
2696
7119
9705
1936
4979
6601
6317
2023
4970
6010
7611
6231
5036
956
8932
2185
999
7330
384
1370
5225
9345
328
4687
7181
2121
3585
1540
9532
8934
9260
7089
8653
2049
2889
5594
7935
6231
6593
5130
671
3007
5458
3503
8277
967
5413
1036
7651
3871
4231
6145
744
9271
9535
8900
9877
226
9236
9218
256
1296
8383
5508
9862
6531
5639
8108
4802
1462
3834
21
1183
3931
5893
3747
1016
1149
4512
8892
1289
2090
809
3745
3710
6521
1916
6396
9608
5895
4278
3840
6555
4756
3306
9915
7975
9216
6262
6123
7143
5278
1642
7664
1549
3711
682
6512
2472
1648
3252
8984
4772
2111
8207
7570
7756
9194
1243
8247
2760
8056
5955
1834
7141
5450
9194
5311
6494
66
3810
1827
1428
8624
8568
4396
626
331
6645
9012
2324
2699
1901
5241
2713
733
3011
6120
4600
3730
6355
2160
5050
5635
2003
6531
6525
9611
2099
1304
3860
4879
4392
2886
1887
3120
9021
4085
2223
1096
68
2604
4130
1063
8797
7866
6887
9347
1223
1093
4969
2192
6538
8433
6531
9388
1722
7531
914
6377
9862
5793
7967
8461
2377
1671
4767
6622
4748
3999
2713
2097
5316
7513
8337
2536
4589
4504
9608
5296
593
6421
3812
1868
6817
644
553
6759
687
4596
4062
9469
9665
1168
6315
5670
2271
1376
1530
2888
1612
2641
4178
5897
1286
2770
2465
8820
3298
7572
6714
1142
7420
7385
7781
6345
4069
2824
1221
6234
6083
937
1451
4289
5944
6489
2459
9088
9110
4955
1558
9548
6262
5997
3332
7734
6398
9192
7905
1407
896
2747
1748
9830
8612
659
8584
3206
4330
466
2641
228
8635
8452
3743
240
8719
2592
8444
4785
6411
2134
9724
5012
260
8035
7138
5804
2478
5558
9555
3888
5094
1526
7453
5378
139
2083
3163
607
1864
3223
1443
6166
650
4965
4871
7805
7871
1520
5757
6388
5942
8222
1715
1198
2337
9593
730
7983
8948
934
7565
9424
8014
5991
2612
7898
4380
8048
626
4001
2937
8582
1120
8147
401
6803
4022
681
9849
2460
3645
9916
8449
191
1585
161
3252
7940
1903
7984
2984
3618
4375
6409
4983
7981
42
3472
1957
1389
2338
6198
9396
4396
653
7681
2791
6923
2296
2569
6464
4479
9390
6817
6506
8798
2153
7518
4434
6828
6793
5138
131
2450
2142
4990
9906
4314
1527
1774
8261
5875
2161
3505
3440
6222
8418
3690
8344
8005
9507
5400
2362
1531
4773
1771
2944
8502
6576
1960
7913
6458
3147
9538
7472
4888
4821
2261
2626
2715
4988
1707
8381
6993
5353
8261
8074
4107
7526
3170
102
3578
6390
2489
1054
8431
4101
2710
2851
7767
5511
1695
2282
6824
9278
3231
26
1348
6939
2371
6510
3210
1546
1434
2936
3447
1006
1896
7952
1629
5552
4066
2635
1599
6737
7623
7511
9145
7237
3333
2237
4394
9131
4565
8420
578
6641
7869
5742
7322
797
6693
5527
4248
9045
6462
8313
6781
7177
1317
1750
6483
1410
6545
9359
3388
1842
6974
8597
128
634
1047
9173
618
8087
4181
9786
9731
7292
5965
79
7113
4584
7978
182
5541
7242
9557
432
741
9462
1563
4996
3384
4231
6476
6500
9192
7881
2615
3484
67
847
9792
3422
8770
4064
4771
8165
4344
2423
1189
1442
817
1283
9215
9599
6644
9244
3138
7931
6031
9595
587
1572
660
8842
9196
8302
687
8519
9572
4532
1077
6126
9039
2821
7975
2713
1809
5083
216
8649
4042
7818
9930
3390
988
5963
6996
2840
3360
3808
7658
5566
3646
4679
7841
8835
1083
2904
8870
6119
2520
8179
9775
1754
6083
8255
9702
1173
1186
8488
2112
6144
5858
3302
2413
2457
4200
2440
3078
9515
5137
16
8012
285
9690
8613
3471
3363
5034
6451
3556
5187
6974
1237
9419
7976
7595
2937
2556
1118
5258
6936
6427
5862
854
5287
1853
5546
4211
6058
598
4884
8464
999
8392
8619
8329
8100
424
1923
3097
5736
7561
2110
5370
6220
4077
7237
4294
7692
5391
7491
5520
9350
8207
4517
4743
7985
9899
4194
3224
1991
4330
3642
9251
3895
3011
1559
3083
3483
4766
9209
2275
7290
7996
1740
8012
8738
1540
7670
3485
8752
1002
835
4024
6867
7511
3134
8956
9915
1372
8765
4403
286
47
9946
7226
8900
6026
7551
7028
5412
5651
5892
8475
1590
7650
3920
9035
6288
7881
8088
7680
1439
9655
9727
7534
6115
7823
2815
9086
2501
3763
2311
7013
877
8952
3750
1522
6637
8454
8427
6906
5793
2420
5033
6080
2758
8193
564
2779
383
5809
9701
7376
262
2897
3615
4153
8384
2995
6246
6256
9252
1868
5188
5052
4739
5146
1415
5233
3735
9807
1117
2556
8968
989
2955
7278
6008
8218
4771
8316
1185
2356
5653
1417
5895
8597
4204
2848
8650
1295
3736
2127
3797
3651
7339
7747
2342
8805
8771
9859
6436
7020
8391
66
9586
8747
8950
3373
2234
9874
3714
2362
6130
667
3787
645
4289
5940
6393
4625
5374
5998
9753
3118
912
363
4343
2891
7358
7481
4391
3917
2443
211
5065
691
8071
7837
5656
2009
5575
6301
8368
853
8144
4937
6425
2203
8544
2428
9571
4968
3939
9148
9832
3292
2402
3418
4795
130
6163
7522
4540
5135
7342
5892
6273
2344
2836
3795
9460
4804
8612
1779
198
7435
7202
4466
1879
8236
7643
4358
9218
951
5667
4439
2718
9051
1091
8364
5827
6627
2673
4125
7525
5539
9108
8644
9194
7843
8091
6671
85
4947
6310
4667
7892
4011
8790
2206
1782
1161
469
1961
5455
6078
9363
8975
3010
3320
6178
402
3221
8696
8922
3110
3358
499
8790
308
6979
7030
914
5771
8995
7148
682
270
7781
193
7465
1556
8029
3225
6279
1034
122
6197
6978
5691
1262
7040
2202
6017
957
9192
5935
7452
9586
166
5035
5879
9954
4953
8092
9857
4157
4452
5291
971
875
9864
1594
2391
7955
560
4774
3204
5023
3763
5348
7038
5151
9913
731
4289
2646
7667
165
8208
1436
292
3228
5628
2650
4750
7005
6365
5241
4188
1445
2738
5893
454
2876
3750
795
371
9573
7812
9979
2661
8759
2463
9492
6963
7291
5239
3113
8855
4207
1065
990
866
5285
7092
6435
3403
35
6018
8186
8130
762
2984
8143
3502
2822
629
4585
2871
4749
7623
8042
857
7681
1618
1125
6597
6018
9630
6755
7342
4950
9413
9189
9286
8795
5153
8203
1170
8738
889
1030
7510
5934
3409
790
6350
3722
620
7982
2158
3200
7416
3544
1288
7757
7093
4179
5830
3352
7048
6270
9575
7127
8542
9339
9830
723
2030
4244
7030
4538
7124
3606
8329
9400
6504
1951
5752
2819
3106
8548
6842
1778
7295
1986
4684
5852
929
1744
9962
6282
350
4113
1061
6164
5642
1440
9987
3880
3248
9178
2104
5492
5591
4939
7881
2626
3555
4755
8355
3541
7135
1398
7820
4302
8819
499
3150
2089
8984
485
1068
4252
9289
4467
1297
2362
7303
323
6549
8797
8485
9780
4465
1796
2061
8108
4868
4264
5391
2532
1347
9520
1349
5774
9588
1066
2681
6339
4241
1978
179
1149
3582
6387
8063
8373
5394
4746
8259
6013
3209
6324
2145
9985
2943
9255
9567
9339
4623
490
5679
7576
2693
4004
7070
5893
8830
2553
3150
1192
2828
2816
7239
3282
918
4534
4106
7083
9289
50
1155
3043
3344
7493
3372
5568
4004
6626
1526
2391
3885
5451
8734
9703
3131
8749
4901
7540
4285
3221
5029
6816
5621
7926
8132
7389
178
3655
7406
8032
7324
1586
3998
6659
7904
2477
7057
8334
8287
9908
5538
2311
7341
4916
4487
8922
6
4017
5724
4896
8042
8177
145
122
5292
3500
7831
4696
9917
2568
727
1347
9538
3637
6662
1816
8383
4503
6611
9592
1895
6623
4541
9820
632
9572
3996
8393
1936
3218
3770
5595
3416
4666
963
4103
4023
8631
6843
8401
3676
9811
7592
7400
8896
7558
7569
6594
7684
7529
6044
9193
8081
1771
2851
8277
9201
6102
5510
354
5490
1925
5237
9595
3817
3323
9493
3957
713
3759
9265
7606
794
5243
9855
3893
5162
935
5964
4841
3943
7225
1106
8454
2703
2742
1830
4537
6984
5312
2787
1292
7566
5501
9776
9454
9390
2956
4360
8401
4333
9423
5879
9620
313
2892
5290
9530
9472
7700
7258
7276
2913
5410
2666
1716
6427
4942
8622
4465
1902
1128
5573
4497
4403
9508
9994
9264
6250
7669
4622
5315
2676
7705
3245
9111
1387
2089
1432
2619
1859
3121
9181
549
1000
5994
3025
4639
5225
7061
4687
53
2403
9969
465
6979
2306
8293
4814
8601
4132
298
5327
9448
4559
2452
406
9617
9731
4751
4323
8412
995
7103
5459
4681
2049
1340
4098
3062
3574
386
363
8525
3996
7974
334
3301
8501
8062
1616
2897
2770
8138
8126
5485
403
8734
5322
5679
9123
3151
6533
9485
8126
7858
4224
3914
7979
4780
2161
191
8530
9800
4814
7123
7559
9491
2384
1946
1400
7938
3570
4735
1462
9335
6395
4924
7834
6232
8922
1580
9471
1505
1443
8717
7402
5575
674
1780
9120
797
6056
6180
1323
6949
9705
6235
570
6649
9721
461
2967
5793
7528
5333
4193
0
978
779
3836
4767
9608
3894
7901
8092
1162
7420
7221
2836
1407
6127
411
3044
5873
5965
6972
9387
6305
8283
7034
7807
4189
5020
2997
12
9502
4999
3915
5622
5186
8940
1911
396
2588
6413
1060
6591
5372
349
9323
9640
7827
6600
1067
1359
4268
5888
5200
3691
8503
4641
6070
8518
2920
369
5557
8108
8111
7432
6184
9513
8607
7347
6218
703
2807
5814
4244
1347
504
8621
307
2890
8707
3526
484
5903
9987
599
3592
7104
5292
7018
956
2313
6325
1114
2355
7318
1982
8034
8708
8541
8882
6367
4039
1977
9117
5771
1800
6130
5656
3041
400
745
6507
2679
5700
3407
8658
8115
828
6109
4181
552
279
3977
6227
5188
4579
1812
7532
6135
7223
4475
3366
6728
9050
7784
2970
733
388
786
3691
6524
5446
8250
5284
5455
4267
7799
6437
30
4926
2556
9029
8322
5190
5467
4307
8205
9140
6991
9173
2275
4651
9569
1155
9142
8585
7824
7449
6294
7241
666
2270
4791
4144
7824
8477
7191
2920
9395
351
9121
3558
2854
7247
9712
2911
5409
9962
196
4222
8976
2499
456
2555
2741
9015
8511
8502
2186
9794
289
4799
1719
2259
6028
3319
4512
1938
2771
8777
524
1002
8327
6609
8448
7687
5495
1143
7717
7286
1819
7877
3213
9171
4876
3773
9433
1008
8170
9015
4145
1201
7029
4196
2723
87
7676
7049
6387
5905
5155
6153
8709
2933
3172
3163
8252
487
9070
7683
924
2319
6821
219
8903
5377
6265
6514
8316
6482
7941
3355
1432
7375
1400
6025
9195
4212
8703
232
2846
5433
2158
4442
8594
8552
1156
3715
9502
2607
9418
1895
3622
4650
6099
7217
636
7730
1175
8351
3039
7732
1224
8119
1578
5231
7898
9173
8293
2134
5071
6256
4394
5116
7152
9179
7891
3742
9648
7665
6057
6449
5885
2169
5733
5697
4285
3528
7153
5690
8656
6460
1316
5864
2538
1522
2428
6082
4908
9155
7289
6412
4918
3657
5170
9353
1620
7098
6114
5593
3002
8831
7798
8142
3812
8780
4695
6364
7289
7797
8507
8768
60
4546
7179
6413
9857
4597
5742
240
882
638
4611
131
3284
9990
7470
1331
5507
7900
8103
2874
2838
7663
8219
9187
5721
9758
7146
6403
9551
2088
3762
2439
5183
1192
4820
8933
1271
2934
7231
842
9322
145
7008
6092
4964
9476
6156
6179
6075
4112
7026
5323
9294
2886
7934
1882
2481
8112
5190
1359
118
8722
589
3305
2969
3499
7384
3457
7483
3225
902
1435
4623
5686
7102
2956
6398
1412
5735
3831
8273
3187
3084
1494
8344
8786
9228
8278
3631
8871
9252
5418
7550
764
8208
1528
5855
3399
9674
1335
9090
2965
8365
5650
5371
8868
1841
5441
8464
8662
6502
7776
3584
5671
1837
4012
8176
8557
596
2758
9886
9980
9929
6024
8809
1228
5416
9384
1724
2969
5372
2976
954
4744
1356
7575
1883
6236
7688
791
3042
3774
2946
883
1797
8125
478
4668
9815
1820
7358
2111
1698
8884
9689
412
5626
5525
6741
4467
8735
7897
8438
1721
2039
8998
1437
1852
5731
8198
4250
5162
2685
581
5102
1522
8302
4796
1923
730
7050
9715
2097
4484
3111
4221
247
9983
2221
8620
1184
4239
6590
4163
3501
5185
1819
9604
7433
7373
3033
9385
9728
7592
3979
9410
5592
8155
7095
6054
2103
5965
3168
4727
986
5481
1563
2290
9581
834
1261
6096
5407
8444
9563
4526
9305
1591
3937
6797
299
9048
5123
4892
352
156
8064
3631
7823
7640
2210
1878
7945
6860
1243
7365
1549
1250
3332
8484
2582
5779
9536
8572
3878
8570
2818
9984
1557
2666
118
5624
7941
2705
2567
5669
3185
9827
5086
3151
1851
8468
9755
1994
1335
6882
7271
9404
8250
2249
9176
4842
696
9920
2392
4273
4940
7046
7276
2454
5310
8748
6114
4319
2869
5369
7008
9093
1734
4753
3183
7084
7565
2101
9969
8976
5629
4047
5312
2517
178
74
6605
2134
2802
1785
3775
1522
990
186
8996
6599
4548
4635
1077
9593
4159
546
1649
1470
806
6147
6807
4361
8106
9219
3
8038
7482
1858
5543
9155
1540
7590
7452
3628
3825
413
5384
4850
1398
326
5407
1932
4034
482
1725
5123
110
2512
9130
8754
245
648
8488
389
4445
175
6477
6239
9654
4051
6920
8119
866
4384
4455
7930
1738
2912
8575
4906
3188
4965
7622
4730
599
508
3457
6747
8168
3587
4113
8411
1664
6491
9776
9800
9970
5245
3746
4591
2955
4060
7656
6708
5374
1022
6971
5442
4748
2534
6948
7297
8838
6555
8836
6249
6007
9301
3236
5441
820
5527
3839
6663
1826
3463
7540
6367
7069
8715
8965
4450
9531
8913
7976
4062
9968
4453
5298
3944
9956
8760
2647
7092
7780
4010
6111
3885
550
3673
7623
4697
1600
5701
8856
826
8349
6940
4504
764
4279
3827
9034
390
2361
5889
7090
6163
3318
3065
343
680
8480
6233
1917
6474
338
9635
7244
4771
6631
3660
9754
2153
1184
5809
2016
3157
6956
3655
2543
2402
8957
5839
4721
8990
3892
1107
1633
6980
2815
8364
4746
4661
7170
2715
3935
2371
3060
7257
6249
3748
78
2512
8468
8186
3862
2314
94
7500
1235
8346
7181
9938
3873
7148
4021
134
8262
847
1474
832
8846
7706
163
4251
4688
8937
5758
9218
893
3935
2821
706
6442
6460
3227
5873
3170
8188
6314
6973
8543
4109
5257
6812
5979
4111
3620
1268
1740
1805
840
7633
9267
371
3784
3
548
8265
3936
1078
311
7514
4645
7164
9172
7890
2621
29
3004
1561
46
1581
2371
9613
8955
6773
5024
1272
2260
1046
853
7897
9965
1972
5757
5807
1801
1785
8428
6434
5888
1717
5692
4990
2089
1010
5774
9496
52
3402
8556
5076
5604
2187
4050
1542
7317
9630
7163
971
7250
9007
1148
5631
5958
241
7044
8042
5046
9007
1371
1230
7265
4524
7647
9803
1686
2903
6967
1873
5779
7224
426
1522
4457
3225
3886
376
6235
5876
1780
8812
8337
7746
9056
5898
198
6634
9258
1955
584
5902
4158
3895
2856
8677
4337
9444
8717
7831
5953
2488
167
4572
9410
27
6489
5120
3697
2206
2400
8455
9926
9002
9797
4053
1274
2881
2231
8214
1375
108
7253
3578
7859
7969
3523
261
4115
237
4044
1123
3637
3363
5705
667
9742
966
8697
3569
5232
395
8748
2631
8768
1855
3363
4377
2119
3205
9479
782
2662
4622
1357
5868
2390
1073
7754
2649
9947
890
3408
3834
5398
1919
7546
1928
1431
1744
7606
2945
3768
1078
9589
7808
6393
4883
1097
8404
7135
8465
594
9215
2651
2434
7053
7987
7715
1377
650
5227
1251
8668
7626
1491
1330
6563
4391
7386
489
5545
237
2622
5193
8561
9350
4818
3897
1114
8912
2416
3932
8233
9292
6706
9999
844
5770
9369
6213
9888
7076
9044
4118
6914
3297
6988
5769
550
1139
4940
1484
4899
7064
6027
173
235
2518
1157
2125
9877
965
5669
2371
441
4104
5214
7348
3306
3847
8359
6184
547
1712
2391
1890
6211
1701
907
2127
4350
7084
6396
8065
1071
7726
5755
818
4270
5639
5687
1541
8001
1865
8005
6923
5931
2908
7143
1658
6469
261
6937
531
2360
4288
8926
5882
7460
2402
6961
7751
8895
5452
8856
637
210
783
5315
8613
8531
9872
2985
1176
5989
1610
5349
6496
3057
7443
2396
6518
5929
2961
668
1210
4042
5209
6315
3243
7691
1779
6356
5661
3651
7482
9007
3643
6953
9189
1252
8856
1503
915
4891
2465
3218
4465
5305
8659
3948
7338
6687
6060
2869
8227
536
8447
3679
6785
7993
7867
191
6725
1064
2970
2545
3775
9541
5936
8279
8728
9189
4578
5965
4585
6869
9829
8193
9258
4658
2677
9386
7057
9523
1893
1603
6962
4565
8478
2881
4530
6815
6512
1118
6690
9569
5653
2150
8114
7140
6877
7893
1729
5827
2434
8573
8912
5804
3937
9823
5708
9686
1357
3862
9779
335
8278
46
2028
3314
6946
9004
7995
2003
8288
6479
1118
1323
2902
1474
120
6545
5696
4456
3624
1357
5755
8106
1190
247
6397
5203
2707
8828
4241
3510
8995
5607
375
2881
8878
6124
3365
9993
9382
822
3853
6681
47
3964
5041
2855
9144
1087
376
4303
336
2874
4590
2630
517
2358
2448
89
2235
7691
1250
7230
2463
204
8300
3238
2906
556
7941
2048
3862
7781
9464
8631
2781
6137
9807
4987
8598
6753
130
1860
5607
7306
3311
1383
1157
7307
6579
4098
6141
4958
7277
6055
9011
5226
7757
4158
567
2443
7939
974
5750
8800
9095
9571
6885
1619
4232
5819
5561
1371
5080
6388
6783
9140
2763
4978
4884
8483
8459
9166
5265
7692
1012
5281
9651
1167
5351
5239
1607
7524
8451
8415
7917
5412
609
1614
3673
2083
1495
9593
3749
2281
8476
1112
8951
7427
9041
2792
4233
3691
4452
8689
356
1890
4324
4967
4304
2414
6148
8557
9411
2085
8359
6969
5839
8356
4710
8593
8347
8947
1030
7865
9728
1879
5045
9971
1366
8605
5384
6659
4969
4890
8439
8116
756
1242
7678
8947
4395
1163
5852
2110
9060
7696
6705
292
4656
5104
3183
3323
597
4989
1608
5588
3324
4249
3069
5217
6401
4357
2721
1777
3101
5281
750
8633
6802
5977
8603
9910
1503
8702
3437
947
5739
9747
7957
5113
6739
8198
3150
6203
8350
8225
9344
2817
1599
3485
682
219
9215
1035
3347
1060
7028
283
6698
5127
8204
9137
6450
1482
2885
2527
1586
7190
3261
1667
7903
3764
848
2272
546
6920
1589
1800
6187
8505
5288
1797
7858
7949
5205
3020
6134
3601
4797
8710
2586
9655
6641
4390
3937
3455
3006
8927
5312
5588
6402
7117
4354
1198
1454
2264
9878
8901
9597
6439
2015
2870
1501
2098
7167
976
1632
5219
4584
3422
4990
3371
3998
3009
5238
1082
9212
6258
4557
1031
2717
1756
5433
1495
4051
1176
520
7268
2725
4318
8633
4004
8310
9693
956
9391
4730
1240
426
9739
3461
8748
3341
204
2591
9829
9858
8523
2630
2159
3078
3747
9699
7011
6081
6400
6983
6412
4758
5137
2841
8692
1089
7630
4180
1251
8416
3538
4445
4296
8878
6539
6230
1437
2303
9726
2620
4903
9046
4507
8900
2045
8135
391
4830
1881
2250
6121
4713
7156
7874
595
6344
3840
3321
6071
6536
1524
2459
2803
9439
428
9953
4306
6213
880
272
8458
954
7368
4748
6710
8353
9211
9336
252
4170
4225
7448
8157
4245
5233
3513
3434
3491
8555
3578
8567
5230
527
3944
6356
5692
8359
2994
1854
8824
8680
2201
2985
2604
71
3837
9917
5520
9755
2226
8963
9680
4950
8108
6040
7210
1671
4752
5923
6520
6565
6042
6027
2026
6466
103
9762
3146
4032
8625
3509
3888
9370
8047
9002
1574
6528
5544
7418
8785
6826
3685
2960
1934
729
9880
5661
1791
6452
1723
4766
4616
1390
9276
2114
2417
4719
4083
4186
2309
795
1843
4061
244
3427
5214
6860
4921
7243
7224
1189
322
2661
7329
9710
5504
1255
8727
7730
1082
2245
4667
2609
963
6231
2285
4160
280
4882
5430
833
4200
1842
6668
6165
9425
8633
8895
7424
426
261
5842
2974
1949
8636
7306
4376
2196
4958
4094
6573
6118
6356
7054
8851
1248
7718
558
8296
1607
313
717
3004
1631
4491
8736
6019
6977
3590
3478
4237
6902
4188
625
4738
4237
3805
5322
6776
6590
6696
7285
2776
7146
5652
2014
216
9502
5970
9325
3150
6418
4382
7265
8440
3585
1278
1590
4192
3627
6845
2428
6858
2112
4566
2577
2086
4835
1422
1408
7955
8162
267
1051
7615
8423
7232
3626
3975
4575
3611
7452
1086
6632
4882
984
7321
712
784
6931
8760
3178
1681
3803
5553
2252
7506
2800
22
2787
6635
6721
450
2883
4573
3359
8742
5638
2373
1921
7945
3253
6385
4635
8358
4190
5222
1096
3932
2704
6897
9719
8066
3967
7903
578
9401
8233
8608
6621
4486
3979
5936
3207
8872
4308
4319
9672
4280
3339
6612
9351
4709
8017
9464
3110
5476
2521
4850
6810
2324
8679
6788
5719
9729
3825
9725
781
9555
3919
9326
637
3227
1432
685
4054
1070
5727
90
1604
9570
9822
6835
4021
4886
4121
9794
1928
8072
2829
3423
3452
7750
224
4915
4406
9974
7616
5981
9019
6906
2776
8459
8055
8152
2065
5034
4158
5726
8989
2846
5345
9366
6000
38
7669
8886
5430
7038
9165
4625
2809
3769
2306
220
2372
9263
92
7451
8187
8634
1859
8398
1342
3124
6679
1872
7632
2641
3077
3497
4586
3395
2922
2744
6000
9696
8542
6377
1636
7581
4124
9153
9534
4923
6702
2704
6387
3415
4264
8588
7414
1942
5277
3437
4401
8086
9528
4596
5297
8705
6453
6417
6266
3423
318
7747
7435
8792
8790
8718
4113
680
4324
9521
7916
9961
5992
165
8910
378
5977
3111
5597
5798
1917
4884
5555
7601
416
6907
1956
9501
8519
3777
6954
8016
578
9300
322
2263
6719
9457
7293
6617
5275
9937
729
3829
4394
5966
87
3626
6879
5039
9301
3754
4431
1086
3281
6638
5810
8891
2862
4665
1702
8231
9448
8697
5696
4767
8299
7037
3834
7303
4403
3543
4309
9199
2992
2101
8729
8695
8644
8715
1695
7259
5842
1472
5167
9263
2300
545
6657
1326
9831
3726
806
8753
8547
8283
7913
4760
9821
628
9796
6833
8120
1172
4264
8318
4830
9248
459
8923
6486
5167
3999
8400
9014
7413
4361
6539
9911
4686
8787
4206
1248
6782
4635
5332
372
8173
1763
9722
8838
7875
8012
9887
6055
9351
4346
1245
2062
4303
7335
3208
1498
4994
3325
4157
1115
8468
3047
9077
6062
7160
2641
5550
4930
3134
2621
595
2602
73
6857
695
43
5855
6115
9022
3617
3991
2556
8638
6718
4536
7203
1163
8913
7363
8836
6561
727
344
9412
8842
5754
3968
3894
1319
9133
4605
5701
967
1817
8672
340
3858
7854
9580
2542
7590
7856
1259
8229
7893
7974
9014
606
2814
8337
803
2219
2178
1758
6025
5776
9238
1499
5275
3622
2965
8826
8910
8346
3639
6710
9174
1509
9849
9507
3665
4136
8634
374
9319
1082
1322
4100
7671
3054
2160
9368
4456
5718
4689
5785
8435
5800
3466
198
9661
6719
6081
3914
6417
6271
3290
3877
3881
2663
6056
958
407
6433
3821
4720
8150
9198
3620
4706
5580
7342
8130
7790
3852
2205
8710
9934
33
8585
2804
4769
3263
3306
5900
9578
9564
8744
9652
7257
5114
626
91
541
108
3815
2872
502
5797
8241
7717
9844
5968
2435
2172
3662
1864
6010
9500
9385
943
305
4036
3236
1852
7790
6359
7856
4634
8586
6157
7165
1467
4960
4792
4915
6905
8515
2993
9542
103
6623
1806
758
2816
8260
2750
910
6543
7321
3741
1335
5871
1253
1172
426
9773
8541
882
201
2919
4025
4460
2823
4341
318
2299
5112
3417
5169
7618
719
2420
7339
6295
5841
469
8507
2347
6220
2348
2122
3932
6212
634
6303
3191
3987
2225
8622
5130
4570
7214
1059
7699
612
5726
5345
2644
4868
2888
361
8676
8866
2738
6943
2914
3332
7321
9878
8535
8074
5901
1226
6054
4811
892
8106
3280
248
2614
6593
9258
2805
4565
3785
8918
2254
744
851
1184
5867
4167
1146
9113
5649
7711
6414
4303
8092
4841
4259
4291
6747
1611
3487
2918
8721
6357
304
8475
1347
1865
5876
8248
3750
1955
5631
1667
4920
8060
542
3362
7443
5575
6995
4327
5332
7274
1421
4176
2961
4627
2598
453
9211
4088
9099
2747
5673
9879
7634
9811
5438
4924
812
6770
1642
9101
6315
5023
5579
9321
3089
8936
2580
9856
140
7718
13
1958
4004
8288
8241
1326
7701
5305
6314
1858
6509
7970
7781
4196
9056
385
1977
4600
5535
311
293
6168
4776
5794
2980
3991
1961
4862
4146
3375
3488
5888
390
1493
1850
7115
5499
2927
9939
2808
5909
2990
1814
5301
7554
4356
9126
8478
341
696
7158
6341
1567
3882
2907
2214
479
4077
7233
4786
5044
508
5527
1587
4242
8244
467
4891
5046
3477
2583
8925
1261
8692
3370
513
7338
7101
5637
1639
4311
7601
415
2161
3261
6946
363
6139
4343
9258
2599
8085
197
3678
2569
8517
4377
6472
6142
6444
4654
9004
6528
3308
9979
993
5960
958
4450
6555
5997
3387
6683
9333
3458
8865
9340
5162
343
8191
293
1936
6647
4660
3902
2107
7930
7764
4678
6308
8798
8710
3154
5525
8700
5554
7740
1585
8923
5354
1294
9374
8926
3649
9412
2500
11
6562
6010
5098
1561
8229
397
8696
7744
8040
6833
9751
3775
4245
6784
2255
1358
5824
7201
1296
2962
8648
6747
45
2948
4943
1974
4896
1793
7397
1280
4633
2969
4946
6483
4881
4320
4869
2881
1496
6619
2243
9619
9994
1038
7108
3137
6554
8619
4084
2655
5502
1220
2370
4330
7020
8376
9360
8653
4450
6863
5346
2975
5125
9146
4359
5292
7505
7096
6426
618
4583
5335
3163
1632
5333
6611
4448
5654
2922
4527
4189
6724
2096
7783
8602
1844
4086
9426
2059
3668
3970
6448
6287
8174
3411
1730
535
8581
3806
9714
6094
2007
1137
9812
4492
9761
4722
2678
9504
8516
7858
6846
8062
7946
6664
4973
8998
7554
7919
8447
2732
6732
5693
9170
9553
7938
324
6717
6965
6674
8103
3319
5705
7088
5869
761
2869
2168
8933
5280
1253
7798
2014
6485
8509
7567
7242
2916
3172
6341
9870
8445
8196
6909
6756
7445
7251
4567
2027
2347
2948
9100
6116
9747
3657
4781
1310
1979
5307
2396
777
2498
5994
1060
3489
1207
9904
6712
3348
2952
3036
8615
5217
1882
7502
2645
137
6437
6347
9363
4993
685
9825
1247
9141
6050
3560
4723
1184
4316
6992
9935
5220
1464
2614
2493
5386
5656
1193
3788
618
1485
6110
4585
2972
6059
6532
1626
2747
6142
586
3458
8598
7143
4454
8054
6231
8999
2322
6164
8181
1597
6724
3093
893
200
8440
3492
9463
8293
1050
3191
2126
2154
6838
3362
9945
4622
9699
4466
9802
3133
4912
7246
6155
8870
4074
1752
5880
544
563
6448
923
2517
7565
9255
8544
6234
8568
7775
3469
4835
7307
2158
3687
1300
8615
2595
4058
1993
779
5173
876
6180
6913
7265
4611
9929
2862
3168
6372
8672
1381
7326
1569
4416
2645
3995
1111
3434
3396
7707
5793
465
492
9728
1519
3920
7225
979
7783
668
9444
408
7009
2194
4471
186
9325
517
4621
3994
8644
6408
2783
1985
2801
1480
479
2805
1392
3043
6025
8289
7573
706
6671
8088
9438
7058
8377
5826
6439
2564
3014
2494
3492
1836
5686
2181
2800
5985
2027
6219
384
2215
6642
1707
245
8480
8565
7508
4189
4468
7403
7794
3974
8800
9162
9800
1876
7360
7681
3305
1745
1668
1217
7625
3293
3806
7038
8943
4190
3837
5474
8394
3910
4461
5582
8051
6001
3070
261
9314
9162
6810
9669
9913
601
8214
3593
6121
9252
8957
5807
3380
3642
1202
8408
8324
9009
9737
214
1055
608
8
5690
9891
6246
6750
5481
4371
4378
4027
5962
1823
4400
9702
4882
9248
894
7371
9433
2846
5198
8142
1958
2531
9453
9264
1748
1503
466
8239
3031
1052
2280
7464
1574
8296
3330
6229
4441
3105
1359
450
4047
9134
7959
3799
9971
6686
9920
6547
1932
1014
7109
4476
9208
6244
993
513
8755
8786
2591
9648
2473
2169
8831
4173
8894
5
8073
4470
6728
6467
365
7221
1524
7379
1026
4196
2947
8469
2000
2091
7738
4220
3846
6363
7838
6172
4914
1462
6633
3345
1740
9655
5186
3302
891
7554
4831
5994
7094
5551
8902
8325
8697
6688
9152
7774
5424
8264
3360
1327
68
5434
331
2897
8606
1326
4150
3489
2055
5358
7625
9712
8703
9218
6700
685
1062
2031
1668
6569
5634
2185
8453
3952
3123
9091
7645
3656
5388
2747
1383
544
8677
2021
5949
361
406
5782
9390
6692
9608
554
4071
9111
6574
4396
742
7722
6859
535
2589
8887
281
8640
3765
3648
7031
427
9877
5431
7104
5934
5073
6645
5147
9763
7104
9944
6554
5931
1808
6725
4807
9212
1034
3714
5273
8631
1112
1141
3161
6979
8827
5835
6054
4591
3409
8074
2664
8503
3807
8873
6582
1478
2016
1928
1253
3240
1469
7850
9571
5171
5196
4848
7408
3833
2042
3900
3849
2120
2203
7140
5782
4614
7446
6060
1009
2949
3626
8771
3066
4834
543
4099
1697
5735
3419
9562
2418
3167
5544
7619
9576
1850
5296
4805
9781
2714
213
263
184
8829
4812
1975
4138
9817
242
4869
117
9722
1489
3008
2673
4658
5856
8440
5645
2975
2689
6067
8572
5975
5824
5777
3133
6879
1908
5825
1144
8327
7873
2438
7163
517
8391
5950
3898
1925
9755
3046
9950
2419
7436
7845
7194
8431
8961
8884
1359
1836
3054
9934
4604
9056
3173
4797
7975
3927
8145
9503
9761
2964
6664
2931
976
2113
7767
910
161
7928
5879
8109
5205
4076
9231
54
3716
7380
8789
825
4212
468
1519
4225
9286
7498
9207
1201
3605
2412
753
6219
9786
7811
6060
2768
5520
6715
4754
7549
864
7697
5445
8025
4277
8132
9544
2614
3480
975
7053
5711
4562
5254
5567
5177
7121
4180
1080
9307
9519
7708
9432
3757
1143
6676
7035
1718
5308
64
3307
9668
7282
2292
1404
1393
1405
858
1295
9538
5121
2222
862
5243
6620
2482
8830
474
9872
9632
2517
5277
5462
955
2147
9281
9944
7762
1019
1975
6224
4707
3632
3326
8154
4839
6737
9888
1970
9149
6156
160
7776
794
7152
6059
9498
6481
4358
2169
4111
6116
2879
4079
2321
2972
2366
2465
7284
1162
630
1165
7844
3964
6046
2221
9899
3275
9122
1356
2189
5077
4162
4057
7351
810
8904
2098
7311
4201
4769
8783
7026
3266
1467
4842
2527
2967
650
4891
6585
5510
628
9206
3192
5225
4341
756
7093
9380
9766
1051
3092
9401
4949
1268
8940
4836
3492
9250
5917
4777
6113
928
6744
3274
8291
8383
216
4861
516
9584
4393
5923
8698
2835
4584
219
3218
494
2402
482
5162
5451
9753
1604
6072
878
5930
4996
8728
8687
1034
7475
3013
3440
546
6391
7969
7220
6581
9904
9209
380
6882
2131
6352
4171
739
2077
8994
5955
9621
531
7060
2346
8560
2612
6424
7741
4710
8827
4512
9138
1247
2048
5826
582
1990
1857
3045
7772
9640
766
6342
3191
1358
8635
925
2194
5846
3532
9658
8205
9233
1177
8422
6710
8870
3476
2176
7708
2284
8498
777
974
9724
9574
551
1750
1369
300
1748
9515
6521
2371
7095
9610
2675
4357
621
2138
1180
2128
7466
1077
1571
4149
589
7374
8157
6935
7528
4048
8655
3043
606
8756
6752
2201
890
4179
8884
6080
3048
2100
2038
5902
8323
3186
6188
3559
5752
1888
8915
6407
6956
6547
836
8296
14
9527
8100
9581
8589
5887
3595
7747
1681
5981
5149
4212
5495
7271
336
4220
8907
3730
4095
9725
4875
2051
1403
705
8927
5228
4274
6620
9297
8141
6632
5503
4497
9550
2786
8159
3581
3195
8641
1278
7973
9096
1038
1246
4861
1613
3977
6382
1232
5189
4684
6296
3613
6520
7648
2257
9718
2994
5598
8173
2266
3962
6477
1193
3151
5685
2765
3843
6612
4832
4291
1278
3661
8288
996
8263
3557
8576
7497
41
9837
9379
4637
6597
5197
9780
1240
4441
8683
7230
527
7518
5648
3350
4731
588
3692
330
7927
6498
4233
9035
1215
4935
3251
6308
1952
2222
1790
5460
4754
2335
2636
8163
5525
8914
8826
5726
5414
6550
3734
253
4551
2571
8303
8661
8461
1328
5085
1811
7427
3896
5562
3495
3771
1130
8402
3424
4616
917
6864
208
2764
2322
3889
2207
4113
648
9529
7305
1366
5318
3108
4685
8840
9267
9371
4168
6354
8588
4246
9042
1034
1179
3590
6192
3560
8163
4801
8910
6143
4913
4171
1472
8144
2211
3619
3187
7579
5774
8653
6513
8795
9519
2800
4947
4709
3867
1977
4627
3913
300
7772
5254
7783
8239
9583
1163
8639
1148
2274
9572
3060
7863
3546
8894
1405
5706
2835
3439
575
4667
8159
3016
6909
3175
8078
463
8420
6155
7504
1324
4663
2242
8210
6192
9629
5034
6906
6135
8714
5890
4769
646
5666
7550
5503
989
1544
3406
9825
3749
5125
9784
6760
2997
8597
5106
1781
8596
6322
1082
2156
6167
5373
8499
6538
4285
7728
3963
6784
2642
3672
8732
7653
627
88
8906
1898
2268
1304
8544
5431
2045
9286
7425
9671
3336
8568
3644
2262
7611
593
304
6216
2457
1037
4334
8661
1425
936
8911
4993
3589
4893
6899
6992
9535
5049
2369
8075
7181
7672
1473
6585
775
4410
4373
9589
3451
4729
1692
218
5396
7871
9852
5773
6789
3331
9151
7465
6697
1881
8071
9855
2119
6564
4492
5704
3133
5081
5549
5406
2875
9448
2164
7431
1962
1503
1786
2718
6281
2192
4690
1145
8453
1656
3415
7994
5930
3042
7838
9491
2399
9920
8086
8176
9729
4299
7304
8623
3855
6697
426
3282
9155
6274
9455
6573
9353
7696
8130
8941
5589
4689
794
3434
6584
2008
992
2543
947
3528
326
5666
2785
6055
1426
6090
350
1041
3625
2874
5332
4632
8115
6724
10
417
5130
7455
8396
8481
7225
6662
1747
5520
7940
7634
1048
3224
7629
5474
7835
1474
7515
9742
6790
3496
2924
6250
5276
9758
4748
5037
1998
2432
7602
5693
2677
6572
6480
2230
9107
8195
6193
9052
2650
1127
8845
850
2005
7338
8193
3922
6863
9341
9829
3554
2077
5225
8174
3638
8896
2275
2430
8377
1478
4061
3985
1776
4100
4343
7310
8431
9704
9854
3948
4444
8948
5513
167
332
655
8753
3716
9874
1713
425
2244
4156
9675
9588
6390
6088
9055
4934
4887
6557
8721
1945
7059
8928
9940
2487
8566
1006
5692
9024
3495
8354
9504
5251
2830
4555
5785
9201
8858
3208
2737
1283
3399
3407
5351
2564
2939
5924
580
1182
3709
6064
865
2960
8879
9278
4836
4428
8059
3213
5801
4036
5162
850
8024
922
4588
7408
8366
6536
2831
9256
5948
106
8250
138
404
9584
9237
453
6211
3356
4935
7434
3360
2770
9371
275
4503
2278
3449
2715
9576
3413
4472
5694
5262
7462
3286
8738
7836
6502
1267
6391
6738
7631
8245
7410
1092
1694
8
3856
887
578
1140
9052
548
4587
9404
846
9726
2113
5336
1801
8530
7567
7943
7852
5661
8220
7242
8190
1252
3569
2013
3307
4846
4880
1121
4330
9596
5191
2630
9554
1384
8385
8845
9899
92
9390
2563
1430
6166
769
3960
2799
3611
233
8921
3152
4437
8102
7526
5668
64
6934
7912
9204
4348
1748
6935
2095
558
4407
3160
7012
6767
6212
1586
7016
5787
7802
5903
8702
3354
723
5510
8989
3831
6033
1525
1109
3016
2093
2111
429
5983
2961
9291
1566
6304
7787
830
3100
6710
1239
4827
1620
9706
511
9762
9366
9310
9132
2614
3047
6829
5619
1768
8385
6472
435
1318
5324
924
5586
2660
9877
8544
9747
6054
6520
6869
3203
921
3208
492
2684
4508
4382
8026
8111
4969
5138
6128
3875
2541
5312
9706
9738
9045
732
9074
8020
4272
226
5644
3996
4966
3780
4422
374
8602
6250
7213
8561
1519
4086
6220
6007
1313
8177
9788
9036
7583
6120
4418
8865
9137
7204
9921
2392
4005
9645
3459
7231
1132
5354
2103
5276
2492
8401
8242
1035
9717
4586
4456
1150
4635
7099
2172
3775
8916
1061
272
7109
7442
2835
5121
6259
1390
8918
963
6578
1417
5729
4376
9110
7714
3445
1665
1009
3735
1702
8264
6921
8293
445
6117
7382
9261
4745
2838
1753
5968
7990
3354
5626
9514
7475
3584
2596
4655
2948
7075
594
2324
8780
3428
1783
9018
6548
55
2298
6445
3880
1449
1098
7346
4784
5324
3597
7597
1463
7781
6723
3161
2232
4714
7890
1434
2404
3182
425
8559
8237
8138
2686
6458
8225
9675
4667
6723
1850
520
6794
1748
3289
4278
9233
3473
1510
8141
1052
2042
4518
621
7117
4502
4107
3060
6083
307
2250
7157
2366
7708
249
97
4578
3966
145
726
2903
6721
5809
4992
1444
8397
952
5979
9395
1182
9788
6030
6700
4949
1840
4055
8446
359
4538
8370
171
9463
9205
4102
8012
7156
2004
6631
420
4880
813
9488
3107
5389
5654
2679
4875
3763
6763
3079
3863
4226
2989
9037
9105
3078
3319
1769
8451
2876
2716
9074
2890
4099
3106
8961
2903
8923
8326
3203
7754
8835
7819
6728
1409
2112
1361
6591
3059
3304
5511
3966
9537
4162
5838
4249
6793
3565
1067
7075
7370
9805
410
1619
9895
1943
9947
4714
2192
5943
9273
8486
7976
2019
2608
5554
9835
9092
3821
9062
43
8533
3826
6822
7798
9589
6274
7215
7656
5678
1038
7982
6834
3950
3018
3282
9742
207
702
6960
7953
9753
8787
5612
8009
530
6985
2413
2728
6290
975
5522
1499
9071
5423
6263
5697
2707
1366
8798
4496
6896
9776
784
9464
1195
9112
2440
9037
8633
6105
2291
1274
1433
9291
4313
4322
7156
3209
6870
6019
1491
2474
5325
6086
8966
4666
879
5138
4773
8645
7094
2740
7553
5334
7133
2191
5084
9127
633
9693
7472
7577
4463
44
3579
1003
2103
4058
1211
7304
3152
816
864
6253
392
1842
984
6145
2409
5312
3224
9848
5090
6670
7021
8776
1583
5997
4300
3479
641
7788
7856
5715
1027
520
3957
8883
3988
3182
5152
9811
6044
8909
8242
3550
2496
5458
8994
8684
6140
2592
1467
5300
7414
9075
3170
6975
1674
2721
3107
5365
7379
8770
2955
9701
2682
7425
8270
4754
1335
1986
4051
6109
1911
5937
8384
2618
44
2728
3104
5613
8661
7117
1864
1937
4700
6020
4563
8691
8239
3625
2754
6001
9128
2381
2743
4982
5689
7471
2796
8372
8667
1362
3271
2155
8795
8448
434
2449
7442
8370
8772
10
7470
602
7550
1334
3690
8256
7949
6732
808
3154
1269
1718
9245
440
3913
5695
1716
8632
2755
8820
3514
5834
6894
2519
7487
6913
4616
2534
2874
433
643
1699
8832
1215
7241
6164
7149
3804
2464
1119
8683
5626
5630
8877
5329
5830
896
3781
4406
6195
8165
1614
692
6082
5207
4690
570
6288
8330
3082
1230
2251
7643
3338
4370
2759
1835
1454
9678
230
1159
233
5890
4961
9486
8503
2812
793
8822
207
7062
368
254
4378
2702
3620
9121
2616
5546
4171
1964
1193
8161
7028
6816
3411
9121
9068
6692
2138
8078
6729
8461
7255
4856
5891
7384
3056
7952
5191
9085
2808
4371
4530
9997
4324
1502
6270
964
6858
7197
4283
8121
1410
41
4404
5450
4641
489
2741
8336
3988
3680
4127
734
2739
7389
7621
3315
7865
3405
9714
8173
6880
6170
1778
1265
9750
8172
6341
1594
1919
9097
8593
8835
5573
5929
8670
5925
5489
7677
8002
4623
2835
7739
735
2665
6705
8136
4472
8734
937
4471
4316
6949
3717
9173
7567
989
2387
4467
1553
4730
7595
745
9205
5070
3765
8461
9145
6996
8209
8480
7169
1460
8830
9734
5477
6266
4777
7971
1759
9326
799
2586
6730
6806
2095
2485
1939
4699
1778
5533
9041
4526
7427
1225
5260
9652
8101
1677
1569
7504
819
7926
6267
264
8713
5027
9048
9377
9984
1816
2712
4290
6562
1815
9997
8091
437
6085
606
5897
6193
4916
9081
4284
4669
5547
6128
6391
3834
2716
3229
1341
6941
5462
3078
3116
8391
4159
8981
2991
5764
9942
9852
1896
8574
7072
2319
7297
2378
166
6211
3194
5165
6881
4586
5409
3491
8950
5058
1986
8053
5313
4720
7567
8694
4325
5962
1120
8151
6246
6514
2625
7281
6624
6322
8346
7194
660
7595
9527
9863
5835
9128
3100
8755
9185
635
4514
9144
7232
3395
5378
9254
7464
4928
7091
9283
4866
3205
196
4663
8047
3955
2680
4082
4408
9203
615
3619
2521
1228
5066
890
1357
1544
112
4629
1924
2196
5710
525
9951
8779
7395
7027
3692
1605
3417
9149
6226
9839
1360
747
1951
9526
6125
2475
7002
2898
5950
5446
1689
3288
4476
7042
4371
6173
8035
7318
8932
2499
7233
2701
179
98
1149
1336
1034
6580
7366
6693
5287
4222
172
5294
1518
188
6252
3235
7188
7845
9706
9529
384
6312
8514
7963
5011
9740
2406
762
4572
4772
5878
5111
8655
7355
4920
4417
7218
8339
6388
4792
9525
8690
845
3582
5164
7939
5080
1670
4566
5315
7110
1475
7885
3854
9011
7031
3958
3857
3282
3017
519
8558
3693
4638
570
3688
7123
2793
5974
5012
9193
19
9352
7856
7609
6440
4433
7796
8198
3148
5966
2085
9216
2516
5713
2138
7196
419
1648
5571
440
1493
9771
168
3858
3995
5050
4224
2639
1164
2122
1828
110
8152
6363
9305
4565
1844
2270
497
7609
9916
2253
9825
7970
518
1338
4390
4673
1807
7599
1801
2696
2594
4038
2111
6127
1573
3214
4461
1703
1991
4187
7322
5099
2663
513
6083
8876
7915
3339
7149
9577
3915
9191
4045
9021
1869
8264
3310
5851
521
9267
6945
4958
4669
2127
4328
7785
3230
7552
9125
6516
507
7422
5294
5574
6423
2172
7102
1960
2013
7278
7239
4258
1913
6419
8990
6770
4562
9592
6903
6000
7737
9519
9079
9163
7448
1359
7903
564
5645
3323
1075
1708
1107
953
1076
4930
5528
6133
9430
1417
6135
6110
684
1838
7062
8500
7882
4486
2240
9551
2527
5958
4282
320
8902
4233
2711
8605
4283
2155
5325
6409
7184
9929
8508
2055
1326
2227
8859
2914
8662
6559
7531
824
8518
1901
4026
5648
6384
7522
6591
8029
5024
7012
7790
9123
5940
9731
7980
5356
3474
3393
8484
1881
9132
5318
2588
1363
880
2437
80
5126
1041
149
3162
4438
9726
3286
9980
1056
9109
6317
7198
7886
8303
9516
2033
6837
8288
5598
465
2536
7410
3494
8792
4303
391
9801
2183
4865
5955
1145
7511
5248
1047
2789
5285
7836
1341
5355
6458
2330
5060
4991
6105
109
7602
6909
9093
3281
1375
1521
3325
8560
4063
1158
5118
2469
5077
8231
8851
9037
1212
2517
6975
3950
2325
5872
2599
3782
5736
7990
2703
2885
1499
5809
916
4319
7798
7979
9677
4209
8617
3211
888
2009
3694
4822
3288
9357
9690
2134
3158
9651
6532
4415
5576
4072
2421
4912
5329
1996
7208
3732
9289
2137
5828
8564
9940
5345
3951
5663
6907
9629
6453
3878
2679
3384
248
3459
5345
9877
202
524
60
8018
2821
2005
2420
7341
5857
1578
832
2442
6207
4560
2119
8734
4956
6106
61
6971
412
2457
3470
1253
3024
1746
2784
2335
8391
961
5584
2874
2448
3181
3868
841
6179
2680
3021
6821
3274
300
3144
2511
594
766
4421
4710
5829
2187
4800
6740
526
6131
7592
6058
3214
4225
1254
517
5661
4855
7570
4327
5100
2440
6780
6754
3721
8360
6842
9741
2398
7903
3893
7476
1752
7615
3712
5545
8531
9612
2888
7260
3585
3918
7571
9394
5918
6088
3841
47
1411
6163
3294
4117
9127
1994
7498
60
3378
9315
8385
8220
9324
3330
9872
5760
4610
4452
8848
9084
6993
384
9522
4271
3780
8748
1861
26
5222
6687
7061
4278
3090
7810
4687
2016
432
9838
3627
7662
4062
469
7327
7189
7748
2812
1681
4886
2571
723
5256
4571
3183
1556
9878
2696
4302
1922
7293
6198
3065
7891
4038
6351
9023
7804
6098
2423
4882
938
2728
9706
7382
3187
2814
5645
5320
9825
1793
4365
2643
1050
4973
2736
8133
4318
4116
4026
5409
2939
4388
3457
2981
1323
1152
3708
7614
5818
2760
1518
8910
3433
4292
3324
195
6819
3397
9606
7784
8853
3368
9662
6809
5322
7597
161
2675
64
4194
9187
2418
2794
4787
6092
620
7235
8039
4194
6082
9950
977
4664
8890
4867
413
6885
2032
2658
2051
5097
6667
783
9948
6528
8457
1717
2078
9939
4371
5950
5448
2804
2348
6616
339
2938
9247
8634
5103
4726
4116
946
1741
5828
3521
1102
3564
4233
2178
1043
6227
2630
593
3821
4762
674
3213
1935
102
1633
6031
4437
2709
3445
9777
3149
9051
2650
8714
9645
5474
4770
2743
8432
2805
3694
7729
3479
385
3380
8497
1833
3401
8695
9893
3
9481
7482
9231
2222
4831
6592
2519
2129
7461
9170
3169
9461
4205
4480
9119
3407
6343
5858
7772
5354
4253
7203
2049
5602
1532
2129
238
4301
493
2721
5822
7115
5110
2887
1186
4785
503
587
7367
1137
6428
3137
5004
8093
3485
7969
6346
1169
7025
7643
5117
3595
277
3298
5709
9379
5784
9289
8803
2849
5023
3241
6995
7871
6501
5101
1184
6349
3448
658
2512
1687
7177
1017
7852
7388
3324
762
9719
8878
9324
8017
1474
1175
5370
8380
1970
9782
24
1299
8908
823
5180
1284
9728
6432
7661
3325
7224
1949
1956
1599
9632
7289
1444
1269
8250
6943
2030
8963
9914
2690
6980
891
6552
6576
4552
3905
4302
4892
3194
7184
2734
7431
2122
8944
3594
6594
4652
6357
9824
2925
1451
910
2574
1454
2562
5897
6338
8031
7472
3456
7268
6
3162
9558
1934
3097
3241
8840
7544
5046
4816
5922
9043
3988
194
8653
5762
6530
5019
29
1617
4995
5490
3207
8299
2746
3236
2918
1911
1743
468
7283
1368
4654
3551
4543
5944
5452
4013
5644
2939
2655
3426
4084
1966
9113
1042
7993
930
2963
4400
3458
2193
8078
511
3749
4079
2685
6222
2964
4583
1215
943
5440
9718
9433
5901
8503
326
2866
280
1716
1839
5676
6390
8802
1926
9290
8807
5503
7153
3723
7835
2551
3144
3409
8082
8297
9691
2064
9013
5461
1282
7271
9716
4941
655
4128
233
5970
8047
5343
6705
411
1654
6971
6695
1219
5443
7197
7303
8376
4761
7646
6029
1648
8424
1010
7159
4288
6863
9846
883
2443
2313
6469
2210
9081
2067
151
8728
2869
4379
9015
5507
8639
6712
3451
2563
8904
9336
5622
3511
8383
6207
2612
4378
5145
6817
8483
3626
7020
5336
6560
1301
2231
4936
1662
3731
4837
2643
7690
7850
9979
7244
9594
6502
123
9836
8499
8384
9127
2830
3183
4306
4806
9343
4424
9287
7706
1013
5426
1555
3572
2038
3177
2946
3856
6133
4641
7198
6145
9223
3049
5468
8146
6225
1255
6902
6518
647
1118
4497
5766
6231
9139
5820
8602
6417
3579
4934
125
9642
2831
1459
1655
8855
1991
3980
8022
165
1065
8197
4647
5718
9805
6680
9959
2585
4376
856
7784
348
112
4863
9024
355
9578
8461
7350
9774
7730
2713
9253
9590
1416
7572
7184
3001
5365
4979
6927
1065
5894
706
9542
8480
2888
1264
3482
1412
3633
6117
8879
1411
4438
6683
3558
7686
1199
6292
3550
1413
6448
3445
2986
9198
1175
4262
3044
6846
5470
3725
3836
9138
1286
6272
9316
531
4548
3661
552
955
6253
2616
4997
356
838
8221
765
6291
8636
4391
9196
9586
2350
6800
8940
1454
5990
7019
5208
4971
9261
3519
5092
199
8475
8628
1122
1785
740
5155
8329
5487
3382
4255
7625
6788
9357
6926
8638
3331
5412
7220
1780
7533
4928
1798
6117
7844
8064
8751
8885
6257
4253
6119
1211
2127
8659
437
5271
3638
6746
6551
6925
5405
774
2060
8313
3110
7632
8895
4210
4375
5951
9966
819
1141
7594
3794
7965
7940
96
9462
4626
3567
1074
1070
3854
9296
6887
303
8078
5304
4014
603
3
209
7344
8973
5403
8038
6610
5708
1581
812
8917
5111
3346
9806
7598
8807
536
1617
4810
1027
695
7872
6811
4834
6890
6321
1660
4774
1892
5540
4647
1150
1642
2927
3492
1894
1716
6002
2298
3584
3965
321
4052
9530
2439
8222
2834
6352
9171
241
2282
9995
6419
6686
4368
2228
6928
8932
6356
7340
7395
9778
5232
6665
3853
9797
6810
7915
8862
6853
2251
6001
2978
8847
219
9820
9088
2017
9814
8229
2353
3365
8237
9475
234
1416
7364
7303
2790
8099
1630
7587
9175
534
9348
6372
1058
5738
5243
6614
7047
1399
6981
9270
9966
684
6358
4850
6630
9158
9272
6706
6298
5826
1299
6659
1493
6733
187
7778
552
2112
4797
2638
3886
3466
2577
3042
5501
3046
5157
3427
1569
9485
7059
7709
8350
7725
5362
1812
2698
553
2156
3343
9980
8915
4357
7878
1318
4960
9225
2197
2021
6805
9636
4829
1822
1124
6478
2446
1102
8400
5938
5240
4112
5465
79
8217
7553
6580
1671
5080
3645
4308
4382
7330
4293
3982
8157
1832
9502
9892
391
805
1109
377
5114
130
1612
2979
1535
3461
8512
9211
132
1049
7480
6039
3999
9550
1916
3160
5736
1752
3159
7486
6746
6990
1719
7810
3844
1870
8892
75
1894
6619
1432
4755
6085
4433
281
3793
257
8449
63
6705
3137
6258
9772
5341
6176
663
9867
3137
7843
6876
463
3914
3388
272
9728
4427
3147
2655
4175
8187
1566
8361
3408
6563
7417
518
8437
2397
9601
5302
1102
4011
7527
5664
5603
224
1300
8571
5143
5957
4767
7383
9549
4924
8122
5563
1958
8647
3129
7269
3811
3143
8210
6135
2134
2554
7114
6424
8733
4535
4378
2140
9504
9025
3506
5235
4805
6803
1288
6650
1612
9883
3347
1774
8644
6225
4449
4969
2650
265
1678
7882
6143
4226
3180
4842
4234
8214
6221
7155
6286
5100
5983
8807
8930
207
7139
2951
5057
5872
3988
2788
3836
4334
6455
3329
6434
8936
1807
5061
4843
283
8806
8993
3268
3453
5020
9464
7692
2296
2651
7591
3502
9371
7839
4035
143
2353
3367
9395
5942
4281
5168
3881
5674
3446
8547
9299
5781
7617
6315
8179
6243
4491
5898
5800
3423
7825
846
7422
8127
8006
9818
3899
50
8982
9370
744
1458
9004
7833
3480
551
1950
9194
664
7485
1404
3443
3535
9109
9974
213
1520
7614
8026
2662
190
2116
351
3079
1741
7598
7076
1810
5773
8242
5472
9355
1638
9397
981
8505
8392
96
7687
2454
1343
4141
9125
1085
5659
5528
5717
7369
9204
4788
8768
1916
2198
2409
8899
9634
1262
1383
8920
8565
7886
8490
9141
6111
5837
1071
6165
5584
486
3133
1787
9710
1792
2902
8042
9690
9726
4405
9168
3155
8525
7461
3700
6050
2029
400
8840
7856
7730
1645
3877
3533
3123
7300
1709
3503
6703
9213
4247
2888
7618
7071
3486
7343
8638
7692
6845
7581
8049
2848
951
10
8534
8098
8752
1540
7046
6650
2011
4819
902
9295
2050
5841
3222
720
21
3612
961
5855
7587
1743
1698
9290
3649
4498
7753
8418
2792
9625
642
6574
1759
7293
348
1563
2345
3493
7390
3338
9926
4143
7836
3400
4048
781
7835
2466
4096
7771
6110
1764
6200
4206
3350
9683
7278
289
8816
2888
7404
2503
4036
2191
5699
1617
6378
9293
2831
133
990
9807
7926
6160
4999
9130
2641
4271
9126
3887
1231
884
9937
9117
8435
2740
2384
2829
6146
4465
5537
9810
5579
7290
4068
361
2301
5644
602
1749
3460
8581
3964
8833
692
2825
4313
5019
4620
4414
7417
7646
9291
7796
8844
3449
2719
9858
3879
4361
6969
9573
2127
5119
8703
3138
8969
4453
7052
2539
4139
5614
8455
1075
1682
6450
883
6923
6909
53
8698
2714
3629
7089
5988
9154
3190
8043
5370
228
641
8913
792
8086
7077
1017
3433
7894
4265
8031
7395
6209
3831
2979
9242
1403
9051
926
3716
8991
4857
2916
2450
8440
4148
7231
4944
2086
8407
3521
9984
8702
809
9228
724
4979
2383
7197
6677
2442
6251
6718
2394
214
6757
6738
899
3644
1441
4900
1373
7083
2477
5178
9236
3775
4509
6947
1082
6017
5681
4835
6434
5919
3298
1904
7005
8039
9762
3099
8156
3143
4071
3021
8743
5555
5498
1358
1327
5741
2931
7695
8169
532
4427
52
9121
6834
223
6246
3257
6536
8645
4138
5993
5918
7356
2095
3343
1677
6318
2488
2953
5184
5439
591
7078
2550
7126
4426
1626
150
9922
4704
8819
7192
9359
1201
8650
6231
669
3591
1438
7462
8707
7537
6327
9301
5819
6037
6763
276
1702
1179
5544
7059
726
831
987
9407
280
5477
2005
9407
9484
9438
5342
1672
1608
6199
5012
1188
3745
4240
6457
4098
8587
7378
1438
5158
3799
1354
6899
5392
9199
7924
4018
9479
8979
1302
5478
9557
9026
1962
197
3503
7335
3802
4818
1522
8735
6852
9024
6923
1070
7550
6989
9811
9083
8357
5670
1178
9405
7964
4684
5746
9699
5539
6442
7333
2815
755
4426
7509
4105
954
256
8723
7359
1933
6555
1760
44
7363
1036
9065
5886
2351
2676
4942
6629
6453
1573
1986
9087
8720
4668
4919
3687
5857
4262
1105
3784
2404
6559
5126
4043
5979
1575
2472
9047
5366
5614
8724
6100
9502
3213
2352
2528
8683
4561
7508
1872
4625
8400
6351
8177
4391
2896
4098
7724
4105
4702
6656
5841
2574
9986
1352
6481
3651
9495
8946
8943
6771
3104
103
9625
2019
2607
1865
632
9639
7077
9198
1706
1192
6616
7723
922
676
1608
935
4566
1849
6352
5887
8309
4916
7123
2547
8023
8340
9661
1571
2918
9258
3251
2088
669
8888
1341
6161
1027
3204
3305
6706
3568
7403
9800
6057
112
4407
2520
1035
6345
844
6662
6245
5546
5773
6600
6101
5358
2022
8048
3533
4665
1305
2837
748
6107
4685
7289
7734
6680
5205
2644
2333
6887
6594
981
2803
7005
2614
8539
3157
4428
2742
9233
8593
9531
4194
1756
7103
3422
1326
8237
9477
3297
7143
837
4567
3749
8848
1909
5248
8811
3940
4661
9790
2689
3565
6509
841
3107
6360
6793
2353
7515
7643
1467
5657
7531
322
9475
2231
390
9470
8526
1167
1319
6798
2982
8894
4480
9413
5806
2062
5593
362
8746
3228
6978
6329
8286
9484
9501
8738
4830
9246
6770
6468
8884
1646
2865
7856
2514
371
4156
3796
9718
8407
5452
9681
5175
4110
4070
5388
3904
8228
4632
6971
7404
9222
4181
1736
5932
771
2996
685
4472
1289
3775
7454
7545
982
8214
3139
6870
7333
815
15
7841
3306
8829
7063
5369
926
30
4039
6497
2307
9647
8979
6633
9187
3359
8921
3662
8309
4356
3735
1483
4650
5141
6280
8242
6149
365
4082
3279
280
5214
2653
9534
5073
9671
6223
4777
7429
4986
6849
8
4376
1333
3880
6559
1624
6011
4591
1796
8750
425
3615
1637
8085
6939
5100
7186
9216
3266
7401
589
9287
8735
6646
4757
6793
7457
1316
2344
1631
5852
3850
866
6801
661
6802
6786
610
6062
1138
3164
8791
7530
9478
5229
1263
5129
3126
3033
8925
1012
430
9313
2318
5844
9886
5132
7432
8914
1542
805
4408
124
7576
3889
9572
9135
8615
4391
9546
1348
2128
7035
8279
3989
2722
7573
4705
1233
6015
5359
3273
7327
6932
3638
4528
622
2234
1023
5829
1579
5205
8007
9786
4134
2420
1260
3499
4125
1322
593
6626
6917
141
2429
4931
6961
679
7076
8988
4584
9883
7846
3450
467
2349
8184
9498
4144
2713
8673
7595
1440
484
4601
4557
5623
6961
6548
9331
1667
6791
1370
7539
2700
4807
396
916
954
5305
4110
7961
7501
9006
92
7460
3814
5519
4901
2901
990
4754
2899
9636
6787
5578
5248
1501
982
4349
6215
3707
9738
2343
6235
470
6874
7134
3464
9201
7755
7681
2615
7811
9680
8723
8651
6286
5612
8571
563
1561
9683
3358
4192
3749
440
4961
2467
886
8379
1690
3646
1481
8020
4778
2528
7563
9982
9400
9683
4580
2698
5499
4638
4447
5526
320
8195
8
4607
4366
4571
9005
9766
6922
6149
7386
871
6147
4902
5134
5695
7771
5874
9644
731
1257
6079
8666
2045
1368
1761
4347
3722
3571
9971
6551
9360
2242
9869
5047
4987
7225
7951
9282
6880
9266
8030
6355
6221
2164
8214
6644
6823
8787
9230
8983
8541
2905
7567
9153
9781
127
6281
8676
2331
1497
1622
4111
6521
625
4142
9681
8257
7826
9342
7272
1987
8288
2383
7015
898
3344
2730
7211
5404
9864
2363
9807
319
9056
8701
3191
4152
7242
3985
2979
5470
1609
3999
3133
4389
5724
1131
7585
7711
4427
3651
4210
6893
7594
6419
3315
1234
4412
260
7759
954
4450
4451
9321
8327
5807
2880
3950
6010
5262
7104
4437
3174
344
435
6685
8566
1560
6784
4316
2103
6309
9661
2352
1251
3519
2497
3437
4507
2964
6443
2383
396
5740
9131
1135
7863
4320
8712
6051
1571
8675
4402
5344
4872
678
7248
7732
6738
9234
9560
2314
8130
8833
8352
4015
4561
4798
3853
8269
8131
8132
3922
3478
3408
4363
7071
9267
5262
932
6059
5001
8563
1673
5188
3595
6833
3811
2105
9974
5038
2776
7247
9327
7132
5655
968
6680
5607
924
3717
2052
2851
4869
680
151
2221
1149
3062
5550
1873
5190
3090
9942
9550
2750
902
7610
1715
4691
8909
7125
2335
4316
1786
7752
4399
8578
8712
1182
2351
308
5118
3841
5931
2748
7886
8059
513
4888
8746
1033
6149
848
7435
942
4191
8309
9094
6064
8587
1225
2777
5495
6353
3978
8027
3374
6165
6328
5115
1279
4033
1479
1880
7541
9005
8206
6752
3964
696
1099
1259
2897
145
1952
8308
75
7186
8135
9852
9320
3819
4919
3297
6256
4070
2412
6027
5910
3305
3398
379
2895
6245
5067
2979
2679
8734
1098
6935
1095
4656
3668
4695
8980
5328
3687
2548
736
3860
3896
5996
4762
6499
2896
6504
2127
2619
6912
8460
2214
828
2538
4456
3131
6148
3426
4906
7111
8539
7129
443
6637
4212
7957
6734
4454
2534
6290
565
7878
7873
3228
4065
3775
1792
7057
357
7763
3323
7465
6096
6313
1577
1269
3305
5402
5878
3698
9184
6243
7075
6497
9728
136
2156
8837
8383
5524
1281
1648
5550
2036
1333
464
6441
1064
4672
8880
6110
7009
9342
5160
1903
9575
1477
7302
3765
9172
7455
2427
7716
1121
8571
616
5467
8095
1383
8317
2205
3802
6319
7809
240
5501
1978
8491
2745
7256
7870
2092
1209
5774
1464
3436
6236
9844
1326
4479
2813
9766
694
4059
9660
5569
6959
2604
7053
742
8285
808
7137
5838
8160
8623
787
7879
7955
8496
6278
1319
470
8579
5458
4959
115
2146
8805
6283
1906
2075
1873
9467
9398
2852
7734
2918
8351
4545
5437
4302
784
247
625
1146
4400
7592
3214
8678
2540
9378
2181
9704
7170
9110
2834
8719
2820
7872
896
8397
1337
6389
8952
3008
2217
8647
6882
7682
3666
5379
2267
4413
8296
6273
9558
5507
346
4125
1642
4281
8244
5453
8889
407
1377
1744
2659
8292
2158
3292
7302
4093
7355
1156
1341
1338
5878
9514
4918
7828
1740
307
9214
5773
7541
1320
1192
6779
7518
6
4728
8783
353
3603
3682
4772
6604
145
7916
7255
1240
9280
5046
4746
1730
5949
4794
9765
5750
8468
3029
5667
4751
8777
3383
29
6749
7588
3172
9097
115
1877
5964
3445
8587
5659
3970
1739
4444
197
395
5641
8299
442
182
1213
1935
7015
5889
6484
5133
7499
7341
7695
334
3402
9406
9569
595
9282
1714
5381
5439
8018
6894
2459
6456
7836
128
9040
2518
9171
5689
1446
9021
6610
5249
6687
9782
9569
4656
4911
434
3924
4209
3121
1700
492
5365
8255
9982
3162
2558
3278
963
5240
7321
5608
1134
1934
5921
2149
4508
2583
9904
2959
7705
6887
4307
1429
9197
5187
3691
7639
7111
773
2656
1870
4416
8679
7672
1291
2454
2666
5960
3153
3236
9252
1476
5214
7516
2039
7612
9512
495
9242
1841
1889
8046
5276
9798
6194
9977
4923
4799
1744
6760
3437
6804
8388
3017
4545
1919
1999
7641
3960
9096
5963
5485
1210
8812
5857
1943
2707
8398
5574
4726
1952
5414
3036
9635
6576
7928
1052
7066
5781
9626
4551
5226
9511
6480
1772
1829
7565
3139
8407
4700
2886
5660
8310
7510
1917
3527
6191
1949
3258
1577
7861
9409
6054
7116
2118
3930
7602
290
7555
2632
2927
3321
7770
6697
498
2667
5226
5562
6690
1916
1000
994
8881
4018
4649
401
2949
8641
5472
3511
8708
6798
7046
3457
3810
6974
4764
7001
9941
6961
9244
3262
7974
3012
7245
9092
5654
5565
9350
3388
149
3920
895
7216
7598
7990
7240
8838
3655
6009
2675
5946
6865
261
4039
2363
5488
3934
5749
6917
1353
7934
30
91
8445
9350
530
5704
3708
8913
9602
7361
2999
422
6767
644
170
2724
9597
4778
1568
59
9932
7566
5744
2507
2764
6313
2587
1856
7943
4012
7891
7299
3853
1963
1727
8903
3970
6719
2436
433
5973
314
5791
5134
5373
2703
1248
5383
5273
1677
3315
9615
4586
2131
1326
9930
7872
2343
1758
8459
1583
9364
7641
6058
3838
4319
9325
1357
5523
5209
8027
5974
9685
7020
1970
9738
6948
8891
3145
7667
6258
1565
1282
3116
7597
2682
6770
5241
1325
8819
1425
3458
5678
9101
699
9418
8440
4706
7332
4448
1086
2155
9885
1867
4212
8993
1025
3950
2985
3021
5255
4808
2257
7825
9420
7776
2494
6157
6555
8530
9164
6478
829
4696
719
2410
8817
7704
4825
3968
9269
9614
5821
4252
6649
3101
9767
2372
6212
257
1740
5114
4437
7707
7180
4446
304
798
8980
5098
8685
4871
7844
198
898
43
3173
5905
2450
9842
6282
7306
8233
644
8803
221
7023
3703
843
8623
9623
9327
471
7604
4057
2964
9998
4891
7176
5429
9657
7126
5458
8031
7170
6015
2030
6789
1427
531
9401
4319
2238
620
1946
7873
8412
253
3445
7308
831
6148
2471
7078
690
6182
2759
1886
176
393
8381
2023
6836
8338
8842
7849
3029
8565
8143
5204
7654
4114
4911
2704
7669
340
4736
1525
6280
9263
5867
5761
6979
6123
7618
5635
7882
5203
128
3278
8787
8458
1305
9691
3444
4877
1968
5513
2648
9897
105
9285
1783
5260
5956
9100
800
8978
9860
2808
8856
3820
9853
6310
408
5036
820
9624
1642
7386
8487
4048
3795
5167
84
518
2984
4166
323
4434
2400
495
4991
6404
9129
9198
5771
5323
608
8112
2816
1290
2829
7835
5939
1644
6328
3010
7437
9854
9260
4695
9163
606
2728
7742
6347
7725
4339
8576
9829
9068
6529
1013
1012
4666
2134
2095
5718
940
4444
5479
7215
6517
2646
9021
696
3065
7881
9356
3050
3824
1245
462
8441
7845
2517
3824
1507
236
7762
180
4043
7008
4143
5449
6926
4162
7979
5157
5119
2093
1198
5842
8907
3731
2857
9312
8904
6076
3508
9195
5146
6366
3845
2748
3370
9105
9979
5551
3044
2758
7746
8213
611
1869
849
354
4752
8814
9958
2548
1390
7242
1143
5018
6517
5559
5802
6380
6484
261
4397
7665
213
9518
3548
7237
8714
9788
3946
3390
1157
6922
9098
1490
2426
9339
9750
127
3889
3655
7182
5694
9972
4988
6863
7462
6735
6891
9281
168
6475
3187
7494
3460
388
5680
4394
5498
3117
2091
2655
9687
8713
4414
6245
6701
951
4774
9869
2660
4787
3529
9369
8340
8682
6996
718
9766
939
7337
4291
4568
7773
1154
1196
4431
6471
5494
7838
203
987
1174
6936
7964
9161
5418
6250
3602
4627
6155
1002
2953
1597
9879
1992
7882
7098
6290
1154
3018
7786
9243
7634
8659
2919
6670
8735
4474
2591
4884
2321
6209
7378
451
9735
5851
8412
2291
6951
2932
9173
5863
591
4578
5874
4507
9512
2390
3806
4438
6998
6523
7725
5985
443
809
8155
8795
2168
510
2425
5206
3107
59
6729
7708
7038
6078
387
5356
4878
2231
3153
9641
1024
3617
53
428
8146
4296
2159
7908
3541
7202
7701
3505
5415
8126
4849
4819
8247
4642
6657
9669
6368
6578
3462
346
9743
6056
9653
3150
7777
7212
9272
42
292
8781
9905
5553
653
6681
5353
2085
9129
9111
7527
6481
3194
9620
4143
3446
5525
9667
407
4044
8359
7302
2060
2052
4491
795
2613
8620
6444
9991
695
5436
2090
6503
1254
7651
1928
4534
3465
474
3781
2628
5484
6592
806
2991
3447
8119
3468
1736
9401
6925
9055
8799
4823
7547
5194
881
6837
636
8174
2772
6345
5520
1538
291
8064
9930
4333
9246
5918
5873
5827
1746
5697
1078
4417
5420
8285
4860
4804
4216
317
3707
9478
3051
3383
9274
693
1420
7413
7625
5811
315
4995
4006
6407
9637
6805
3705
6102
6376
790
7891
5544
5655
9666
8970
6783
1494
2863
9018
4702
7514
7198
7289
2179
5448
695
714
5753
1644
8742
5087
3726
3476
6797
8225
6854
8904
9583
4066
1409
2673
9776
2113
5134
808
7820
4707
5703
6120
8190
6669
7174
8845
6753
9482
2633
7413
4454
4078
6895
4644
262
8194
9169
3064
2720
179
2248
2116
4016
8057
4775
1687
1823
845
903
5365
6716
7183
9835
6660
7286
5164
8894
1840
1357
3698
2001
7246
5557
5577
8254
359
1523
3103
7658
386
5361
5694
5901
2801
5938
8905
6485
3352
9739
2781
6625
3204
3666
2212
7249
2522
6883
2401
5897
9158
9609
1209
7869
9490
6643
7803
5625
3068
9063
572
5161
8202
6632
5261
8567
4357
861
8667
8508
6046
9735
6092
8979
5247
7556
3217
1260
1532
7667
2627
944
6943
1980
6795
5323
4801
5003
5277
5245
1887
852
9324
5012
8453
4166
3023
3464
3323
3579
3474
6102
3637
5677
4246
8738
1638
6803
1562
9432
243
9081
5240
2313
2152
2883
8232
1383
7867
3746
6121
9565
1675
4161
4211
3432
6928
6231
8811
3878
3900
8175
2629
9986
9010
3298
2741
1416
8448
9182
735
489
6709
3487
7002
1048
1858
2640
5575
7976
8248
7212
6839
9018
2459
7824
9148
5700
5768
2896
3593
9483
55
558
3763
8348
6201
6971
5495
3200
7390
4106
2238
4255
5563
7228
8736
2827
5225
2575
6178
9033
5215
6372
4550
4818
6325
5771
343
7406
6744
9834
4743
5569
5452
7331
4912
7678
529
236
6384
4408
8474
1633
2069
1277
9833
6109
8626
4327
5378
3875
5812
7860
4435
4304
8495
7448
2917
3619
1628
9663
102
6822
6419
9940
2330
1392
1052
7937
3902
4055
7579
5342
4735
1180
6187
1232
3139
3598
4828
2428
2922
5741
2369
9885
454
6896
2861
3063
4882
3479
29
6350
1043
9026
4881
3446
3488
8188
5939
5313
9382
4997
3599
5159
6348
8630
4518
2031
9898
9282
4145
9998
8489
6821
2063
8905
7304
5401
397
8071
4641
6628
3606
209
8419
4960
9297
559
9152
4169
7319
7367
8727
7717
5266
4813
426
1224
4818
114
2317
3179
5440
1071
9620
8865
3725
2919
7291
9397
71
4888
2916
7393
5151
6341
7551
8723
6630
6686
5415
4116
1121
3331
8591
1082
5929
6435
2968
8759
2311
202
1052
1496
585
9976
8157
1363
6778
683
7458
9832
4812
8128
3209
441
517
9001
3942
1602
617
3142
8848
7378
6543
7622
374
2978
9508
2395
6616
5544
9108
5802
8417
9897
7390
6399
2962
2997
5424
4462
5795
2582
1070
6999
6324
9167
7639
2273
1620
5735
416
4672
3683
8555
9247
3488
6171
4971
1077
2712
5300
3360
7326
7961
5862
1061
4567
8025
9522
6718
2970
5599
7814
420
5928
3739
8124
8191
5316
2998
9634
3005
3067
8146
3124
3158
4561
7847
6057
5919
7215
4030
7990
2589
3685
9263
4471
5075
9050
6067
3020
6550
4427
1204
5612
4943
8298
3911
8369
13
5242
8161
4496
8414
6625
2489
9183
4200
5858
7401
1245
4219
7155
1782
2566
7922
7964
8647
950
1118
3879
5297
9050
2894
6556
3839
2698
4326
3672
3455
1918
2697
3820
2289
1165
9905
6678
6434
6086
8227
8276
1814
6761
8718
3818
188
1535
3926
6370
9637
3086
619
5292
4876
9540
5057
4619
4286
370
141
9510
4040
8256
6278
3628
4450
7701
54
6675
568
7066
3167
1241
30
7137
9390
3803
8910
824
1134
9976
87
9464
349
5732
6787
3941
9798
3083
9838
5306
643
9379
994
4878
771
2528
1392
8381
9794
8910
1285
1986
7911
2735
4002
9011
8860
3042
3971
3607
7610
5545
7673
2841
494
211
7990
7979
1255
2211
6299
4271
7781
1337
9780
8752
9829
8479
3255
7300
9272
2249
4644
1592
5912
8065
7893
9192
8063
8384
9611
7013
1668
4926
8959
4761
9297
8039
1479
8770
4977
2444
7782
7353
9270
4760
1196
4387
862
67
702
8506
2784
5618
7503
414
9870
8731
9096
5425
7024
7747
548
2471
9353
334
2912
4112
9067
4571
8235
2568
8835
5132
2833
8456
4242
1964
470
8830
7133
5058
1169
8327
4952
609
6450
4268
5938
9975
5142
4580
931
5771
8905
9957
2924
4612
5937
998
953
9790
9807
5671
744
213
1912
5343
5685
8857
3621
1984
3471
3552
7540
535
1732
2614
2838
3619
8723
6482
2983
7628
7064
9708
5089
6242
5526
459
4979
1339
4856
9617
238
1339
9443
1438
1359
7966
9698
6368
207
3577
8390
355
7052
7247
975
7001
5955
7690
9150
371
528
9966
7450
5499
6999
1090
9060
1678
8970
1277
7650
473
3469
4471
2696
3680
7279
4471
8804
8076
5978
9078
9479
9410
7995
6788
6852
5093
7199
1838
3535
2671
6873
5779
3891
9289
6480
6927
4349
7293
6765
2628
6967
2800
3259
9120
8621
3297
9808
1494
5651
2192
864
3617
488
141
8128
7394
7944
4539
9897
3463
9884
1243
7976
4716
6257
8051
1729
8779
5227
860
5823
4878
7509
8687
3062
3286
6645
6311
4744
5196
9594
6623
1554
6867
5778
3742
2129
2514
8628
4547
8944
7305
768
963
8936
5739
7994
1191
7695
465
2412
8688
2558
4363
1779
7288
2636
3900
1133
9470
3948
2661
9671
2294
9657
5763
7969
8111
8798
5321
6774
1130
4925
459
7517
8745
4595
7652
4751
4850
2558
3035
5515
2004
9898
1902
6659
1067
901
2864
5989
6026
4319
8008
299
7952
2171
1748
629
4185
9162
428
9263
9229
4552
1187
2020
7109
1744
4544
203
2859
6292
1619
1447
8862
5526
5610
785
6739
2429
3522
942
5569
12
6539
8288
1362
3630
9651
3912
1526
6706
1694
2719
457
5313
5297
5891
1635
8842
2377
2883
9738
2620
2681
6312
773
3880
6475
100
836
4256
4140
5676
9102
6092
2439
4390
3632
7234
3901
3474
4646
1248
941
2693
942
1266
6847
2148
139
740
5146
4187
2634
9184
4447
4396
5402
272
7120
5214
6936
6596
5547
9972
2098
2085
6945
4315
241
7140
1304
5277
882
5050
4886
4891
5916
7225
2159
7673
2707
706
6381
4365
2227
9333
9048
1860
7671
5794
470
1881
3787
3158
2560
2339
9519
2991
52
5887
1873
4691
6471
5197
1969
9358
5653
3799
3545
3274
3902
9895
7643
5968
5016
1087
4985
9539
7292
7418
478
1498
7877
3780
405
7894
2955
4342
1947
5098
6421
9126
9398
8760
9396
4827
1289
574
2973
7820
6921
6781
3334
1169
5742
4809
1167
8361
1857
4037
714
4914
6932
7261
7339
7530
127
6172
8113
2540
2172
5072
1834
4617
4232
5643
8113
5544
4985
4665
9243
5092
1650
1428
5961
1599
9288
4012
5288
1898
3002
8137
5769
2953
3975
8698
154
6897
6375
328
7941
9699
4020
6209
5417
8833
7863
1953
9584
7029
8932
644
4991
3676
2804
6120
9938
7483
827
5369
7113
3366
624
7301
2565
9664
901
8236
593
4046
431
3547
6347
7968
4864
1713
4730
411
9288
5520
8908
2195
9050
3671
4442
1565
5981
5934
9582
3913
1722
6901
7047
467
5441
6362
5095
317
4011
9768
17
5389
5097
2435
5331
4423
1562
744
8255
2806
1175
530
9465
4928
2932
5375
1112
9942
7480
2286
3209
3140
7220
1930
8135
2711
648
9601
4075
1868
7744
4060
7161
4644
5913
5848
4425
1306
8154
8007
5070
9991
9862
1875
9748
701
2156
1070
4226
2433
6085
7458
9863
5745
1907
3819
821
9052
328
4401
8175
993
9963
5453
3512
7129
2806
4803
4467
3790
2388
1665
7901
2742
9802
5429
7113
1116
5448
4000
7668
4812
1627
6598
7933
4835
8111
4417
4138
3678
8549
2357
147
3433
1386
9632
7297
7904
9546
5748
1262
43
234
9731
4024
3348
7200
6455
2320
8519
1081
7858
9562
284
3309
3580
8716
5714
2811
2451
4931
2805
483
5429
5553
8283
7604
5038
3745
1303
7913
3823
1250
5158
7019
8831
165
2789
7120
753
4846
4150
323
1349
1283
8732
7803
5243
4150
7283
7470
3479
1755
9623
3667
6877
7463
6205
5187
8123
1439
2932
2343
1205
2143
7254
1624
3619
3796
7983
4061
2129
1116
3602
4173
1934
6613
8597
6156
5537
4661
3868
1773
5375
8081
5309
3353
2465
3013
2834
444
6180
2864
7161
1926
2850
8679
6945
4988
9273
1194
231
3144
5206
6717
987
5296
5163
4499
9611
5335
206
4258
8412
6358
5424
5668
5014
7365
5925
1540
7163
3298
5902
7083
4357
3838
1821
2210
7809
1243
9901
3464
8119
1805
3083
4556
3650
7487
77
4009
576
5161
134
224
9461
7273
4853
4797
5504
736
2058
5602
7057
3526
8271
7264
4720
1891
5940
9311
4454
5735
2575
1382
1330
7181
3930
56
8924
1147
2168
1886
9989
1669
8121
440
7008
2068
4274
5872
2344
5096
2895
2863
5875
1257
7656
2668
6801
7627
1517
8608
2176
1196
2046
2205
682
6617
9564
777
4345
9995
4480
7421
805
2963
4919
5033
7394
4068
1039
1454
6254
3970
3504
6221
4286
9233
5960
5169
6951
2660
9469
8223
7934
1645
821
9
9096
8001
7323
869
1879
5437
8678
1850
8504
8698
2087
4454
4746
6052
3190
5887
4954
3882
7157
3397
7649
3506
5189
5259
7308
4747
1194
2794
6809
6002
5510
4102
2643
3777
1761
8776
3802
8354
260
2953
3078
5166
7129
6690
4298
5544
7881
5485
1619
9256
8652
9493
3739
7999
7045
3207
8021
7906
2406
5735
7430
1856
8565
6888
6011
9788
7125
847
3131
3994
2635
5795
2950
367
4618
8141
4608
5122
6389
1203
5372
5840
8969
8614
3892
7186
6794
4775
2680
8509
4317
2382
5960
804
1667
7403
6622
9082
3269
8574
2859
7700
9805
8541
8776
6708
217
8236
8617
8810
9958
4604
4195
9143
4199
7596
3510
2867
8279
8783
2029
9124
6836
1898
7149
4855
1832
6435
9617
4562
4822
7571
8303
7198
31
7516
7982
5111
1493
2968
9915
6284
7948
7086
5624
1986
6889
9152
4298
8803
7345
6002
9938
1318
2562
4299
3535
947
3666
5533
8694
647
3837
6802
7952
6710
1158
660
9460
964
829
3887
6273
3968
208
7474
537
9360
2487
6648
7540
3497
8236
5101
2527
3333
1246
5096
1670
6273
5798
9261
2125
3932
9459
5150
2850
9423
9997
630
8616
2383
6995
6577
7204
1707
6996
5950
3122
3302
1990
1448
5576
8400
1988
2840
6953
4619
5775
3739
9797
9634
1854
6724
473
177
2933
8954
2669
7168
113
6305
9311
4720
6204
2436
8151
6033
2650
3332
7538
7916
6408
2433
2162
9454
3804
2811
5396
3318
9756
5647
8895
3694
2258
4099
5507
5053
4484
947
3684
5043
4689
8804
5997
1985
6563
9539
5312
7354
6585
5834
8302
6891
2624
3094
1045
4590
4476
7208
4196
632
8995
4821
2663
476
7663
9535
2919
9148
12
9280
9624
5752
9089
7140
4640
3843
5650
982
4206
7637
1999
6771
8389
1081
5674
2867
9463
6376
7509
4393
2116
1148
6055
1504
4244
1844
4723
4617
4520
9981
9566
2512
6594
933
4674
9844
1737
5393
4116
7833
6279
6010
3337
8032
4845
871
833
3368
6887
9870
1367
373
4197
8301
6152
3027
31
6592
6290
9896
3111
5097
540
7789
2670
5585
4879
1480
3255
7870
1389
3489
5056
4364
5072
2095
514
3947
4427
3663
1608
1504
2996
1120
9791
1815
8576
3698
3464
1790
4487
92
8439
2601
3254
8810
996
8184
1248
3869
865
651
1610
8403
4072
1557
6912
956
5708
6199
825
7417
1618
5375
2711
5570
6217
5247
873
3118
127
3587
4693
4365
2474
7047
838
3139
6382
3207
9366
2823
9566
5002
9090
4845
7443
9449
3616
5074
3006
3738
99
4768
7650
6633
88
2701
8720
2772
6031
7013
5143
5684
1180
6973
3531
1166
2571
3717
9184
131
7694
7093
4130
292
8390
69
3774
7696
8671
6543
4092
5809
7049
6525
8620
7629
945
5639
2862
9138
8329
8
7982
4568
4209
5517
2793
4870
5772
1128
1561
3225
7575
4523
2072
2881
11
2549
586
7734
6447
8374
5568
1515
9050
2
8177
308
2200
8541
4336
5158
6557
9350
5984
9551
4851
8970
2593
3904
7455
7751
5682
3427
6922
7796
164
4164
7290
7108
1385
2535
9482
7176
8072
3864
716
8310
9337
2716
7192
6493
1013
3704
3567
7334
6805
4491
4698
4467
203
6923
1761
5245
6621
6516
1291
671
6075
689
1
1534
3482
4773
8205
5257
999
9175
3999
358
1592
9076
5191
3105
3580
8017
8424
8456
7772
7050
612
5758
2677
4223
4013
3387
512
5021
3060
4884
5708
4216
4105
7232
3907
1436
1983
3542
7888
7791
554
3004
705
4734
8130
8648
9104
1933
3920
8945
5755
7351
6744
2416
9700
1621
5344
1672
2264
8066
2387
159
4373
6770
8233
7260
2690
6073
3345
5326
4405
529
8706
1233
2371
8513
9335
9682
3192
3394
8111
4485
2695
2602
6009
3636
888
3030
3288
5671
8636
274
7887
4206
7883
1384
5087
5916
2859
2736
2043
7128
2359
2964
4574
3480
6553
8686
8119
1380
9769
2005
5854
5999
2668
1341
5844
1193
1546
9878
2295
2726
7499
7031
5977
4621
1734
4089
8200
2772
3212
6610
7235
493
6239
5265
4103
2350
970
8014
6376
8392
5735
1248
7500
8262
3705
4843
7403
6896
5041
437
4435
514
2957
4717
4108
235
6909
8308
8537
7799
3947
1748
9918
4577
7580
2216
8881
2363
3038
6753
5647
9375
4781
1156
9017
9168
885
608
333
7248
1543
1361
2040
2899
5178
1339
4044
9809
7085
9167
5146
9436
2747
1771
7878
6076
3234
4207
4179
1214
6116
6434
6482
777
6514
3654
2523
2054
6762
7562
9584
4412
5209
2893
3976
6449
9935
1965
5954
7002
2687
5942
5904
9879
6952
1446
8646
8947
3692
1972
982
1693
1595
501
2193
7706
9296
1703
7986
9908
7600
6408
9934
6349
8099
4436
5352
5734
7989
4704
5970
3937
3159
3252
1779
2982
8756
1541
8572
598
2791
3200
176
6106
4448
1762
1891
6616
2696
7859
7090
8138
7135
240
2085
7508
4770
8787
3811
5765
8770
6653
4185
9302
2974
5449
8495
856
9825
1492
136
5215
3112
261
2067
1585
9241
9005
8242
4867
3410
6919
1348
7894
1319
4532
470
9112
4342
6101
2198
9120
8547
4028
2066
7381
2659
477
9507
6485
9141
3894
9311
3108
1532
294
9433
9280
1100
4657
8926
6687
2565
8947
347
5774
7730
1561
6557
4221
8974
4776
4727
5502
3772
1922
2030
6110
243
9033
5217
6197
1342
6711
2903
9579
7325
1788
1775
5861
9678
1166
1868
6041
3702
4036
217
9884
3530
7830
1442
6552
1533
8853
3313
1560
8075
4581
6408
7358
6274
1912
7992
621
6672
8730
6359
4848
5534
2976
2352
1206
1306
8467
3127
4502
6777
9164
1886
7513
7529
7205
2686
3571
4555
1551
2179
1867
8543
1775
5718
2520
5106
7903
192
1325
2935
2557
9589
7429
6887
2279
2026
7058
4690
7198
8264
8005
9359
6015
8657
8729
4417
8631
6269
815
8121
3367
6402
4060
7839
3583
2509
4771
6472
9476
248
9068
1703
7312
7182
924
3158
3893
6605
1401
1519
8471
1528
4045
8445
8568
6677
8181
7759
8970
944
6194
2188
8932
5712
9068
6946
716
2139
2946
6990
4997
4529
7299
5658
4554
9552
2017
3657
127
1960
7562
9253
6334
4772
7528
799
1203
8923
3157
614
7969
7975
3379
2363
5795
3954
1918
451
6935
2838
8707
1584
8048
4184
5176
5483
9965
9073
3489
4923
4574
5238
4642
4288
8622
4204
2671
2293
5696
1206
3670
2359
7796
7778
8958
2289
3408
6092
7679
6489
7933
2767
8264
6252
1200
6303
6408
444
5090
9235
4627
7820
5916
7848
3394
77
8571
5699
9935
2966
3448
9200
553
5888
4825
9154
5413
4801
5974
5375
8547
4691
2362
6363
8089
8764
3667
2792
2136
1862
4392
4815
5480
9640
6745
7157
8970
6137
9016
2015
4849
9218
1087
7241
8168
9438
4549
9708
9546
1408
2335
588
0
3843
4700
5818
4861
9188
609
5808
7760
7430
8116
7804
38
7148
6997
4192
9380
6042
9595
4452
7208
9790
227
7847
281
3539
2832
8328
9024
2556
8381
6872
4500
1220
2530
3906
1471
7871
9760
5531
678
8091
8471
7781
1169
8327
3154
558
8233
5101
9382
4652
2643
576
8590
1779
1245
3563
1287
7394
1433
6521
4762
7663
9026
8336
1587
6620
8562
1951
4098
160
230
4211
1445
650
9436
7822
9890
4864
3523
8121
3994
7233
5361
3292
8484
2449
3533
3408
6212
6859
6620
563
7878
7418
617
4024
6594
856
19
4651
6919
6856
2370
3221
3449
1650
2309
6647
9216
7820
5835
6065
6916
4691
549
5912
5103
1982
1493
6331
1953
6356
1784
1127
6826
3185
2939
7319
3527
7644
3749
1244
6317
8928
4430
6790
3199
7861
1542
4607
4596
5947
8672
2585
9796
4493
789
7852
6176
5805
6511
8428
3935
9189
7824
5159
2756
2898
293
1156
8886
1673
3972
9666
197
4907
2775
963
7044
4264
3866
401
2306
5580
8545
3705
1554
1385
9630
3072
1147
4285
2866
9377
9708
398
2699
6304
7380
9483
6625
3095
7054
2321
7757
9910
4720
3683
3641
6117
317
4777
1828
992
9495
9714
6289
6869
1050
9243
2344
6519
1350
472
8059
9373
5613
1460
1590
5370
1631
3983
2310
7372
4891
9841
487
3885
8653
2255
9265
4211
7808
4465
3121
4152
5961
6369
290
257
3887
1260
9497
4484
789
2132
4422
8020
9947
4523
7816
6824
5437
7924
2150
9614
3300
6220
63
618
9375
6722
9118
8582
2654
5966
2489
8449
5273
6033
4183
90
9724
1152
6390
5742
5097
5955
2179
9950
8764
3860
8149
993
1680
680
3893
2395
2970
2903
6637
1101
282
9907
286
997
9634
4404
5472
317
5974
204
7954
9233
9436
3925
4933
2533
1706
221
863
6088
1735
9703
6070
3734
4437
7199
6083
9392
6278
5805
8698
6931
5692
3218
4790
6511
2000
3721
8166
382
115
809
8077
389
8968
6756
9511
7678
9556
3955
1372
9890
1362
4631
1876
9397
6783
713
2528
3842
149
5216
840
1985
2216
8296
4194
6437
4259
4604
7155
2892
2842
5846
5186
2922
3329
8965
2616
2537
305
4765
1954
8246
5083
6129
79
8416
9457
6672
3282
5506
1012
2781
6513
915
4583
5301
2287
3228
970
9490
1412
2086
6802
1084
9226
9432
8220
413
1106
9268
4961
4231
2853
3914
7787
1692
2308
7715
8587
8711
3568
7707
7635
8026
5607
2903
3971
3423
6318
7030
8323
7304
1315
8180
6942
6294
9647
6435
9977
6530
3798
384
3108
3459
1313
8733
3033
4642
6833
1611
6223
3925
3046
3296
7034
3433
2872
2274
1646
8621
7762
4641
3329
6493
965
2589
5499
7244
4042
6534
4142
2523
1520
6854
5843
3609
8734
2618
7635
8470
7726
3002
5886
5670
7135
9925
5232
7872
254
2040
5944
2746
8622
1034
5201
7547
9730
8943
1828
1989
3651
4856
2140
4083
4157
4826
9109
2985
7911
2071
1767
7626
8697
8558
7538
1553
2915
8224
1282
7755
2804
8969
5184
3264
9658
3289
193
9328
5364
4580
2570
7020
291
1497
7581
1548
8944
1351
2766
178
2000
9553
1984
7599
3320
6032
2483
4000
8145
8533
8015
4286
1954
5451
1865
7302
7884
2279
7396
7775
6053
760
7944
1534
7684
9603
899
2669
7866
3723
502
6842
4682
3752
1708
8234
5553
7158
2104
5958
2830
2098
3811
8999
6580
645
1948
8366
898
4757
2097
4358
9774
8870
5093
8482
7472
5125
6919
8224
3320
8830
3109
1159
3526
7064
5376
7100
6460
4869
1322
6183
7373
6042
4213
5780
4443
7835
6062
5224
6798
9140
6871
1527
1606
5131
1356
4789
6013
5447
5196
1769
4538
6535
3291
5287
1644
5480
7365
6776
8388
1709
3482
7369
3932
7547
6430
5548
6354
5669
8711
3801
9595
9158
2261
753
5430
3311
5926
1225
7120
7762
9181
8409
4798
8784
9370
7343
3965
2368
5960
7237
6994
1556
3993
9762
7351
8130
4539
5504
7798
2742
3388
9137
7420
9563
5832
4617
962
9957
8414
5419
7958
9709
756
5226
8382
3017
7111
2149
4486
5552
9247
5882
3628
8035
5998
6798
9342
5198
4360
1743
5386
9032
2972
8711
9222
6042
9632
3004
4774
7933
7432
8844
6141
1076
7852
316
2190
3052
5462
3655
443
6486
795
6232
2698
913
1687
4966
1945
9099
5200
2881
5713
9248
3962
7750
4700
5382
1074
2623
1293
9384
2935
3927
5817
9504
9678
9516
1994
1263
7659
3001
2498
9057
1014
3402
8767
1738
147
8508
3762
7396
2504
54
9783
4592
8459
1130
8108
8551
2050
1829
7813
3650
8396
1585
1407
7315
2232
8489
6522
6013
2749
6319
5539
9659
2343
4742
3798
5935
7394
3443
4792
8246
7795
8135
6860
5562
9108
9420
1023
6030
9508
5432
8096
5487
9034
4247
4384
5009
4821
6711
6841
7493
8037
7660
1418
2048
3275
9509
1216
4569
5766
7585
1424
2410
9600
895
1147
6915
284
5210
2416
2955
7777
9583
2321
4700
4317
9182
9542
7015
7380
8164
5467
2823
1056
2234
943
8054
9883
1906
2098
6559
9015
4693
5688
9924
1882
1872
3708
6468
4743
4417
6731
8776
1360
5104
6842
3971
8616
8979
8608
696
9508
2153
8967
7079
653
4726
3044
3525
4527
9000
258
3786
4236
2875
5577
3761
5221
7842
8738
5357
3707
1507
9769
8619
7785
6080
8168
6588
1544
4224
37
2794
7264
2543
6036
4586
8954
8864
8593
3705
8770
8486
6329
4932
3740
7627
1710
4417
5455
5800
8303
2892
8078
6261
5432
8041
6744
7590
490
8405
4914
1625
5192
5377
7300
8797
7123
2962
6155
5851
6292
5089
1534
6088
4753
8159
7234
5897
3665
3946
148
1894
3218
4677
3019
532
5777
3891
3038
4052
849
4162
7588
360
4955
7826
3044
2264
2979
8715
5683
915
7616
1761
8445
5580
6410
7909
568
9045
230
8540
8773
9178
2513
6319
6979
82
5886
3036
6651
340
5131
8518
6645
7293
4910
2377
2785
9767
8601
9519
3348
2747
2085
9358
8838
6159
4561
3245
7893
1950
4468
2966
1329
6889
4720
8505
3863
2960
8010
8054
6657
2604
1533
8311
5529
423
6801
4772
319
1526
6507
8855
8073
9012
302
4388
4409
7389
5689
2597
2414
1008
5781
6709
5784
6343
211
1027
9516
9972
399
8378
3549
8737
4824
4760
4994
4092
8614
6738
6711
5899
7610
1043
9584
6586
9003
467
6834
2637
6428
274
1058
5177
5065
9288
5100
1870
3521
9721
3758
4887
8908
7070
6560
4210
6295
6309
4998
1370
4687
9923
2334
1835
9202
8192
6448
1286
1835
9289
1046
6989
5604
6974
9214
9634
7583
5285
7764
673
6618
7191
5599
2448
285
5265
4562
8763
7695
7805
6186
4492
8950
922
8664
4862
356
2932
7188
8788
8741
721
9377
522
8900
3550
8636
2948
8332
5139
6450
3143
5422
1444
5456
6129
1643
6007
1869
4010
1230
1883
1561
9415
1636
5035
9322
1143
6875
4107
686
9819
2590
8899
3265
350
6168
8169
9612
8907
270
5120
8236
4337
5539
7983
78
882
1874
8774
6087
5357
5198
9011
250
8833
407
8141
5769
8109
7332
7436
2457
824
6454
7034
2874
2806
3907
7726
5329
4307
698
6582
6890
3469
4912
9372
3748
5754
4085
7109
4075
273
2245
7637
5682
5258
6295
4620
2804
6566
9927
4527
7073
7379
4368
2100
718
1630
4793
293
8476
4348
6120
7739
690
264
7572
6139
3257
177
9176
8406
2492
7638
4966
8600
3242
3531
2877
3008
2168
4256
8019
9676
8147
609
3826
4475
9607
5440
714
7902
2677
1317
5720
398
338
803
2342
5923
7984
2086
3168
5913
9543
2831
9964
1606
6468
2050
9361
6857
104
7595
6429
5990
8770
44
1141
7525
2301
3984
9702
1889
364
9461
1057
1336
25
5843
5004
5026
919
9002
7957
1968
2598
8037
9450
4851
906
3127
3569
1368
8152
3654
1256
6709
6301
387
644
9714
8124
2479
4316
3877
812
4705
8741
1140
3555
5052
3419
4849
8468
4717
6330
1510
1799
2771
6124
7607
8171
6358
8653
615
9770
665
8075
6565
9002
9558
1941
8426
8830
2583
5374
8436
3758
1411
7501
5543
370
7730
8354
9484
3671
5227
5453
1949
7018
85
4588
3284
1001
7993
7956
2419
8357
7203
4123
7843
2643
334
3177
8392
8794
6075
8229
8901
5785
1742
719
3943
9722
627
2243
7400
3842
3796
3804
9180
4024
3823
5049
893
3467
2439
9815
5152
2693
9420
6243
9767
9930
2725
2766
5868
4271
6612
2140
6996
385
6836
4694
6104
505
7025
6334
9219
1730
7099
7817
8548
4209
7393
5786
4030
6358
2375
4010
9713
2539
1302
7729
1763
2538
7610
4536
7729
7027
9218
5598
9551
2630
9227
450
9417
8066
9738
7311
3725
7507
9782
1504
6450
4166
7352
7277
9557
8890
43
4523
2780
1366
7216
1153
8408
5866
2047
381
8251
2094
6721
9720
9906
5011
6188
9081
539
7883
7278
5144
8867
8188
3654
5810
8230
7267
2398
20
2592
8689
4915
2016
2816
7985
9538
2651
5190
1718
5803
5625
9877
6253
6199
7358
7168
6337
722
9444
2366
2839
1527
7990
2072
8313
3657
4698
3495
6231
3207
9605
6971
5701
578
6439
758
9122
1806
2722
8299
6420
9689
9436
97
2542
46
3946
2129
9252
1739
1795
7906
2717
7019
7760
6397
8953
6037
4272
5745
4769
4860
431
1206
2800
9646
7997
8179
5261
4458
5906
5624
4393
4204
8120
2569
5194
7107
4287
2296
9419
5485
5853
9025
8730
7061
6724
4681
7278
6688
2865
7690
9055
9557
7666
9164
4863
2862
2697
8725
1646
623
8271
6759
1966
2245
2047
8203
5345
3976
9619
1088
6464
263
7555
9800
8413
6997
3300
7873
1969
1550
9426
1168
9199
638
4373
1122
4233
4476
4462
9705
1690
6250
1452
1503
4232
9746
2543
5559
7270
4863
3257
5835
5711
6731
6366
6297
7017
4088
6049
3646
7524
5698
2897
5091
3424
4342
9406
2076
9438
6195
4889
3550
1390
9369
4466
7911
9162
3180
6779
2210
1110
3338
5223
1259
822
3327
8598
9220
6802
7246
3234
2105
3709
3015
8824
567
9833
1426
1803
6800
1476
3753
3907
4646
4249
8133
8894
2304
7809
8321
9073
6464
18
3911
679
1969
6080
1833
4736
8572
941
8591
8671
2545
4207
5405
4332
6234
4006
586
5933
8117
1067
4897
4207
3988
1243
4078
8563
3424
9288
3800
7227
2928
6199
5141
9931
5636
6769
9780
3813
7265
5804
2061
3394
5470
4929
9487
4613
1367
1327
6443
4407
8909
2128
5403
2842
8207
3411
1662
3037
6434
8279
1282
7058
5775
5731
3247
1009
5611
4337
7190
7638
1829
7986
6272
9630
6790
9161
3215
3868
281
2460
736
8291
967
8905
4382
7950
1453
1480
2561
6537
9805
1507
8246
4224
4538
6739
3170
2858
678
4186
1857
4261
9152
3148
1410
7510
9519
9103
3965
1593
4717
6810
3173
6565
3063
7409
9288
7136
4985
9461
8436
4713
3431
8865
3988
5559
7049
1107
9445
7098
7407
6014
3076
6518
7020
7858
4943
9313
6913
4702
2866
5411
6799
8874
462
4562
2479
9035
9272
7229
6289
8965
1984
4411
906
102
7369
5239
1880
4785
8554
2300
6187
3660
2953
9445
2605
8610
9634
7428
3374
4322
7411
6640
278
5659
508
5482
3805
6802
9393
8791
5280
4803
1937
5561
6968
5001
7500
4943
9762
7782
7772
575
4386
1215
8339
8679
2242
6640
1943
9104
6242
9050
3113
3698
4496
4369
2259
356
6128
6155
9149
9587
6550
5892
1153
7000
8928
2765
2377
6698
5555
7106
2401
7659
1397
7351
7213
983
8873
3239
7697
1373
6164
1708
1523
7966
1474
6854
3890
3514
343
775
8475
4159
8609
6671
1110
3926
4903
9370
508
9326
7533
3967
1014
9620
4299
5366
5380
6241
5824
6386
3077
8285
4940
9656
4772
3258
6558
105
3719
2507
1053
9472
2048
3609
2289
8989
7935
8777
4850
1720
6508
2820
4149
6779
5803
6770
6950
9696
1868
5770
5118
2417
6435
5866
8978
1086
9318
5057
391
5401
2143
4276
5563
4147
838
6706
9901
861
5946
7490
6105
4212
5858
8797
6614
1221
4633
8501
8931
63
9489
8042
7806
3594
5805
515
4491
5065
374
7825
8097
5484
8982
8776
4737
1780
4953
6629
1585
8052
3273
2699
5081
2527
4041
7536
8509
1395
1377
8009
6234
8198
6391
1931
978
9065
9364
5034
9422
9796
8570
46
1069
2753
4625
5927
9036
8186
8523
4636
5647
7166
9712
6204
588
2417
9653
9741
8665
722
3801
1280
3490
6507
8451
9064
5457
3776
5070
4488
5666
2221
3594
6987
2686
9205
9304
3572
1220
683
7424
2116
8708
9848
3263
2485
4588
9635
2291
7227
6497
5654
1697
1409
9169
6204
332
5853
2995
9321
3717
8450
28
2796
6789
8705
4391
2449
9319
9270
2642
5611
5304
4532
7208
2339
9095
473
6729
7271
8959
7339
956
2292
6548
762
6682
486
3299
9268
758
6347
3343
3092
5039
5068
5101
4244
5667
5108
1363
4976
5359
967
1004
486
4402
3920
2137
6666
1336
1205
5803
6970
2095
5510
1751
4848
5014
4811
3691
8323
7288
7676
1011
6922
1461
1730
8915
6586
356
1535
8752
7666
2537
2581
338
9614
4842
8416
411
1128
2826
3363
3330
6516
3470
9109
5987
3193
7140
7443
2495
9674
5112
7381
8131
5798
84
6122
908
1680
9990
4112
9386
100
6237
315
3585
1854
3924
4020
7639
7319
1112
3238
5800
3796
2481
9861
8277
6963
675
6433
721
3085
3917
8376
5169
9231
1577
947
3441
4609
7999
8106
2509
1657
9123
4894
3731
4703
2407
869
8228
1690
4159
3145
6787
3939
1972
5814
6817
7144
9317
4221
8098
3642
3210
7560
8403
6605
8409
5310
8433
6007
246
9961
4163
6477
3540
7042
5391
5186
6174
9187
8192
9521
2559
7019
7713
934
475
13
1904
7257
9562
2293
3825
5696
3088
6899
5191
2777
1785
3324
9639
158
1600
8229
467
2795
2626
3324
9412
2497
509
4173
2476
2277
8171
1335
2434
7513
1664
3071
5010
2547
7450
3030
7064
9525
7747
7975
6133
1460
1564
2178
7112
4700
2013
1085
7330
3370
1865
1031
8350
1730
241
5827
7549
8769
5381
3860
6930
127
2944
5130
6574
2156
2323
5244
2042
5967
3839
2490
4356
6239
399
8468
9864
2967
6386
8051
6973
6355
3989
254
1124
8933
5703
9486
5496
5567
6265
8176
4782
1706
7455
3738
9000
475
9177
4462
2502
9758
9313
5999
3197
3797
9062
4369
8635
1860
3621
3350
5984
5568
3274
8745
47
731
3630
8437
1284
4391
195
7897
6052
594
4195
6772
2757
8388
4006
3452
1921
9034
5826
1371
9082
888
8936
4281
4945
393
5404
6366
5690
9463
8392
3421
7061
8332
5654
7313
4484
9464
335
2553
5567
2729
1474
1856
1432
5134
9858
144
5522
4547
486
9243
662
306
6727
4433
3276
7451
4655
2703
8307
3768
8653
6638
827
1725
2196
644
2522
4721
8272
9868
5023
6253
2492
4452
8478
9814
6128
3333
1994
6106
3693
1902
9750
1720
3527
2836
3986
7020
3033
100
8288
2897
4739
8180
2533
5167
4673
9365
1481
8006
5390
1466
3922
7514
5877
4828
6682
1707
4650
4493
2446
8664
1364
2590
3007
6761
7094
4248
3143
1074
2547
3097
4349
7630
2865
5388
8103
9863
2506
9598
7661
261
7418
2396
8198
5395
5168
6116
8131
3121
6226
682
8035
4506
6305
4954
7515
6402
821
9524
3709
1184
4277
5679
6484
5739
5072
4726
728
9352
8101
5636
357
3034
7363
6371
5726
5564
9532
6271
8478
2559
6633
5411
943
4275
6646
3413
1250
8017
7561
1643
9197
3710
8029
1421
3998
2148
5057
2439
1025
9611
762
8909
7939
4649
5070
797
6369
2337
292
4374
582
3083
5714
1432
2805
7880
9302
7691
7870
3808
779
1148
6410
99
1257
7616
1347
6764
8078
189
69
6058
1871
2712
4146
1305
3551
989
4439
5632
1386
7777
9502
696
8228
4703
8333
1050
723
8320
2537
4034
6168
1940
5784
6155
5695
3777
2642
5041
148
4414
539
922
9183
8731
5817
2845
357
8306
2537
9198
8565
5049
3632
7922
8367
6997
3282
5584
7802
5764
7687
7241
1854
9976
1222
7513
4535
2884
8072
3900
6391
3960
2712
3573
557
690
1936
1381
8462
2126
3201
3543
9808
7593
6078
9918
7034
4861
5135
7412
1478
4760
6904
1743
2599
136
2662
1310
513
1608
5406
3865
2518
6036
6649
3609
9947
6341
3831
2846
7412
6102
3639
3947
7064
5863
2000
6672
2251
9753
681
3517
3282
6007
8599
1941
8657
318
7610
423
1245
1539
9294
451
8009
353
9561
3821
2203
9627
1224
56
4456
7313
7725
5739
2337
2560
418
2896
6469
5596
3591
2522
493
657
8626
449
8157
6860
7817
9749
8729
7316
108
1971
2494
4934
3762
7451
8084
9127
1089
9394
4933
3441
2665
6820
2773
356
3002
6278
4557
9234
8878
5993
4301
7120
552
6092
6384
788
4343
6031
2829
8356
9900
7661
5298
805
9135
2680
1731
6254
1696
58
4596
7567
5269
8987
9933
6196
8069
6795
6744
5296
1569
2835
8638
5053
7656
3555
4860
6107
5241
3669
4436
8052
1552
7074
7531
652
1389
2846
2417
6912
6535
4320
2036
4332
6592
4621
2914
5991
4726
2684
9267
3690
8813
8472
5733
6259
2307
5543
7329
336
8744
8165
5498
7306
6880
8844
2946
3275
8166
699
9749
874
7941
1874
9460
231
6331
7273
8466
4943
9672
7029
4325
3723
6838
6056
4204
4639
4950
9046
9528
3116
9093
3258
5874
6934
8850
9830
8512
7009
2711
9524
1294
4258
6002
2219
7989
5375
2890
6134
5710
2249
7616
7977
6848
9799
5085
9122
901
491
3885
5117
5252
221
419
4067
4362
5799
4844
6960
3044
1321
6427
2463
2881
8693
2136
9149
199
1195
2529
6857
743
2465
3147
8390
4030
4393
6830
362
9525
2039
226
7546
3917
4118
7964
823
7138
4058
5073
9447
4715
4448
4654
8370
2578
9541
5536
2345
9214
1819
8339
7191
680
3905
6208
3624
9717
3027
2252
2651
246
2368
6224
1518
7089
7544
331
2516
2488
2343
164
2542
1654
3236
6740
933
7198
9760
5700
7688
6148
7917
5228
8362
5258
4783
7274
5342
6844
141
9039
4443
486
3179
8905
2158
4659
4903
4146
3728
131
609
3178
4727
2427
796
7502
7057
7189
329
3947
6643
4444
894
7186
8031
914
9144
3721
9222
4729
3140
8227
9975
5150
1615
2911
1314
9711
5974
4657
4262
1200
2409
8177
1459
3146
9689
5115
5374
6055
3127
6574
9982
3654
9637
9506
6698
8982
5847
5952
7543
7905
894
2069
3549
9208
1889
8699
6553
4430
673
8022
5056
2662
1116
7560
6894
839
701
829
8588
8235
4565
6542
4323
8342
7532
3287
476
5908
5277
2664
7996
6851
7755
8977
486
2378
3014
9106
2218
7974
8468
4186
5856
7311
580
9064
1800
2241
1117
4462
152
2009
4168
8627
2461
6098
8891
9449
9685
8318
7387
9508
5112
793
3979
6732
4688
7467
2391
1078
7875
147
9067
7394
2095
5201
3403
7275
2259
2767
3555
6145
21
154
8688
6828
5984
8901
6130
5498
7998
676
1043
2465
8896
3038
1515
9789
1495
7128
4187
8802
1758
7745
7509
4649
4075
691
6148
7923
8316
4435
6999
2998
5666
7121
7331
3901
7972
6884
4764
3517
1186
7023
4935
3880
5895
7858
2993
7215
4477
9938
2458
7959
5705
337
7317
7430
3137
9060
2944
144
2991
3996
337
6981
1988
4803
7611
8784
1076
1736
5411
6938
489
133
1005
7244
1132
45
8556
7144
3213
266
7667
639
5153
4184
7047
3912
602
6794
3320
4149
1543
1440
2796
2792
9339
3828
6836
152
5822
6860
3596
7062
879
7633
8449
7749
8980
5870
6915
4106
7137
3331
6488
1514
3010
1204
5672
3383
6320
8944
3545
2635
9020
4796
2474
5191
7460
3263
8818
8398
6273
7397
2950
1651
4073
8110
8740
4422
4470
8419
5456
4703
344
2343
6500
7780
3231
9920
4108
5833
626
5866
3449
8719
11
4072
6407
6326
6980
4718
995
1493
667
4947
8836
4355
3626
2304
5440
4141
3491
9519
6344
3240
3693
2767
7429
1591
4509
7449
6548
5347
3170
9994
1190
1061
8744
4935
4878
458
1085
7254
7757
2255
4782
2745
9558
7517
2295
2936
2529
3134
2307
9214
7269
5542
2162
448
30
1413
771
2131
4470
862
7595
7277
8060
7561
8638
4676
4397
7364
4877
1881
1070
6706
4242
1039
7796
8555
8097
998
7374
8612
7926
4363
5688
4103
6599
7968
218
4231
54
5643
2250
5900
4903
9573
3790
2395
6759
4904
974
607
8959
5461
3476
715
4065
7168
6225
408
6812
22
6955
4941
8178
4822
1627
3277
5423
5604
1680
5426
6265
4203
3204
9944
5058
5753
2098
3753
3605
3948
3344
3630
1749
9160
7126
11
1511
3154
233
97
5285
5757
1011
4125
9174
9570
1224
3298
3964
8440
6125
6446
3672
7371
8184
6696
5328
4370
9262
410
4137
108
9376
1772
6071
6061
4084
6762
3695
6200
8442
3523
6368
7429
7163
6037
4551
5651
5158
9605
8503
4561
593
7787
6583
2353
2809
3988
734
7634
3614
3899
8460
8260
9481
4961
6171
6078
917
8459
7257
6797
2033
2753
6875
9672
7678
6089
3335
3215
6207
23
8437
5664
3562
6492
1091
5589
1787
7956
218
3193
2039
9830
3419
3484
711
6176
5158
3838
3697
7111
883
99
1560
4230
4010
324
3340
9188
7729
5565
3617
5626
1955
5441
167
8134
3958
5652
3842
3514
4633
8293
7791
5108
902
1487
1328
7330
5788
2258
3311
655
8026
9684
8064
5973
1060
7394
2221
4644
1144
6072
6141
8414
1096
5139
5752
2858
8411
5891
5685
5522
1640
3959
5643
1106
3188
3459
8780
700
6439
988
6744
4813
3097
5127
908
1888
9577
172
2091
7851
5239
512
2965
550
4394
9282
7484
5834
6111
3374
7974
1164
9885
3599
1780
6399
6527
1815
9185
1764
3527
8715
4276
1477
6754
4524
1116
7292
1416
7581
4621
8266
4320
132
806
6579
5182
6340
630
9370
3614
8172
1014
9685
3943
44
3014
5379
3238
2380
8079
5171
3640
1267
3866
2019
7281
4167
3332
4209
8906
3482
6013
8779
1266
9947
6474
9130
4781
6133
6354
5907
5323
7578
3700
8332
6533
4195
8778
1323
2724
5334
3345
597
404
256
4116
257
7996
5471
4841
8931
6342
1017
1561
701
2529
2446
3708
3169
1539
1021
7679
7751
5944
335
1363
9229
625
1701
1813
2930
7707
4656
2712
8020
3646
3736
3656
5469
6952
9018
6200
366
1518
693
7508
15
1475
1835
3024
5810
1880
843
2543
8684
8580
2889
1821
73
2448
4237
2724
9622
7065
4
4885
5173
6496
3237
8516
8296
9320
5783
1559
5535
867
9942
4109
8319
4465
1835
390
906
4079
890
913
1120
3777
4858
6722
3261
2903
6493
8851
4869
4015
823
8997
9305
8181
7289
2796
8270
9733
4691
8256
432
8054
9866
733
503
8197
8745
8162
9425
3117
9137
1363
3763
6067
8068
6184
5514
7394
7485
6053
7207
7192
8290
2317
1937
2739
5473
5640
4973
1911
5749
8235
5229
3730
1185
7093
1181
6510
7375
102
240
6041
116
1963
1145
5114
5563
3322
5070
6358
570
8837
4772
5233
8366
8444
4543
9785
3608
4834
6825
9616
1083
2138
7544
2531
9266
8520
7761
6240
8721
1638
9752
2634
647
9698
7854
6856
7725
3556
4005
7187
13
1557
1976
5503
1789
2886
1041
7966
5559
8450
2482
2009
2640
4247
7043
4675
7029
7093
2930
3262
3790
7854
5575
2843
1319
6058
3569
2213
3394
26
6477
2354
6307
4629
6543
4745
71
8067
5253
5174
109
9775
6810
8663
8587
6053
6249
5056
995
4779
3487
875
4264
6079
4285
2925
3146
6956
6594
2339
4207
3746
3387
1683
1965
8144
7736
4980
6745
9039
1795
1680
8902
9503
7354
5794
1068
9902
394
9242
2075
2469
3284
2074
910
4389
1918
6281
1993
8603
7179
4690
6635
1339
159
9854
6260
125
3758
5210
311
6869
2444
4622
4230
2043
1549
1289
5090
9051
2507
3851
1477
4719
1955
9603
2421
8481
8718
5990
9855
3855
1004
6154
8857
10
3096
6542
8395
5480
1380
6323
7511
386
9084
4618
8973
4662
8331
9307
9079
8609
9810
546
9744
5309
4412
8076
8512
8175
3762
6787
6742
9475
9705
9145
4124
8236
4197
1439
4691
7316
6976
8582
5248
4471
2599
6764
9182
7687
8646
286
4560
5351
9053
6550
558
1346
520
1170
278
8629
516
810
899
9574
5264
4653
1009
438
7495
6344
4026
8196
2528
9348
7740
4355
6767
5004
3908
5607
6315
357
3040
851
9052
3978
9567
101
829
8234
8329
5990
5797
953
2194
1715
8844
4530
7201
2066
2884
2075
2818
8853
6307
9288
1910
5685
2269
5334
1579
9602
8083
4968
698
6221
2352
52
1589
1708
3825
6052
5826
8595
4708
5052
4542
3758
5402
3111
8450
5385
7576
7047
8162
1913
6391
3439
1609
3212
8866
5798
6705
9422
1289
8126
2952
9314
9568
2876
2381
7922
3732
3701
1399
6896
1098
2211
3693
9650
7768
4527
2343
9032
5335
4193
6390
8159
5631
1570
4560
3516
6592
1131
4883
590
1239
7878
3086
5802
5686
4771
6312
3906
4367
3323
1419
9783
1022
2810
8924
616
4281
7706
2421
6976
8815
8379
4584
9905
7806
2178
1117
7926
8767
9280
2324
4415
2334
3569
3662
3781
5223
2563
2784
1936
6538
7828
1200
5412
4855
9434
5369
5337
3583
5207
2828
9279
7081
6956
8326
3261
4117
4
6866
9400
5755
4995
7711
3353
7576
892
9230
4756
2292
6562
6690
9052
7424
5351
8167
5680
403
5998
2978
3898
2432
8531
5900
1076
8460
2943
3315
810
9419
6187
2678
7640
265
1830
6178
9740
5440
7675
1428
8546
7757
286
2406
2761
2194
9908
7246
103
1812
224
1720
6066
6039
1646
9213
1625
8396
1533
5422
550
8477
2641
1623
1935
2542
6
4345
9878
8884
8884
7825
5060
4040
97
1479
8433
2367
3402
425
8120
9465
7625
8508
4972
2293
2883
8094
6146
2692
4496
3738
7940
3649
4464
1039
3295
6437
7871
1900
549
776
440
9005
9758
1167
9862
9895
7566
5407
2808
6297
2884
1558
5613
3655
5550
3421
5883
839
8711
6835
2422
6793
1616
2956
138
1378
4331
9108
5147
3720
3256
4219
2949
7840
7135
656
338
679
2080
2108
7932
4382
7263
9765
9926
8793
9243
8447
217
9750
3368
2516
6982
8875
443
2854
5847
5836
9281
2116
5856
1548
5836
9012
2468
6
390
405
1673
7956
3881
2956
1508
3709
2047
8573
3062
8218
7652
7433
8531
8831
3283
7268
537
7083
4299
3778
8980
3703
2475
595
9092
7391
6258
9838
7406
9335
9498
2972
7841
4839
8637
3267
7457
7405
8087
7091
7730
8935
4590
467
6513
9091
3767
5004
7814
5713
3223
9241
6095
8622
8927
4271
1755
6345
2983
5201
5913
6252
5849
581
9031
727
7564
3149
1725
4877
676
4295
7248
1086
5540
2243
3495
9177
2638
9470
130
888
9633
2998
3314
2510
2165
2848
7884
3527
7128
406
3175
7770
3971
3667
4068
3977
3192
4124
1707
7280
9393
8455
4649
1459
7027
4872
1052
9391
4023
9238
8667
4061
594
9888
1051
8348
4767
81
2115
4376
1149
5455
441
1811
5962
2383
3095
4435
4217
94
5259
3547
6315
4482
5639
3762
2531
9947
3649
7167
9191
6859
2717
1762
8216
921
6011
9477
4858
8386
7845
720
2365
835
4485
3992
8797
7354
9697
5307
3363
9322
5454
8351
247
347
4890
5886
9141
5150
1265
7309
7172
7265
9108
7972
6522
4661
4781
5448
6931
5102
9084
3214
1386
4529
4655
3156
984
606
6886
3801
9390
2858
7573
4158
832
2634
651
9236
7715
9925
1258
6962
5560
6420
342
3130
6356
7499
123
4546
4178
2517
1485
8544
4710
3345
9529
8072
8915
3663
6739
6212
1911
5700
4257
4992
677
8527
6365
4988
9636
6356
6179
5240
8924
1504
2765
266
4132
6216
2536
5274
536
7286
2680
9340
1424
8463
8392
7257
2067
7514
2211
3468
5620
2521
6387
2074
181
6232
9100
9114
5043
3632
1006
1901
1524
5683
8884
9157
2907
152
3745
2979
7924
2978
5266
4726
5203
7147
9124
5968
1142
8703
590
9526
1573
9882
2504
5066
4181
7368
4509
1749
4990
9710
7816
4014
6517
1653
459
4266
5956
7466
1101
6532
6135
7736
6018
6975
3039
1005
432
4930
8295
8486
3477
5246
1158
5689
4331
1690
8513
85
1984
6122
8772
711
9129
2405
3972
7896
7964
9068
1051
9928
7739
9502
9523
6066
2479
2907
2072
919
354
5821
4702
5158
7402
7767
9129
3320
6629
4412
3259
7284
7122
2401
5121
1509
8772
1670
6146
1586
4825
2413
1398
7492
9868
8007
6899
2472
7589
8729
2242
2566
7793
2864
7184
1688
2717
7097
5441
6002
2968
8463
8062
5852
6041
7867
3085
2636
3022
1891
4926
7235
3415
5539
8447
8712
9650
3968
8040
1894
648
8301
3364
2141
3277
8883
9810
2971
1878
4322
9191
8934
284
8906
7236
9251
2839
9423
4054
6575
8049
3523
5500
6405
878
6747
5910
1646
6471
2320
519
269
1807
1860
6489
493
2504
5379
7365
8282
5031
6320
6352
7313
4789
8860
7495
8527
8464
2194
1655
9414
9480
9777
1390
5605
881
3439
3812
824
4910
2059
8745
3427
6308
5867
2798
9154
5476
3291
4151
3517
4008
4699
5232
6083
9620
9736
222
6898
3518
1478
720
6155
5874
274
6793
7151
4813
9104
7387
8253
9096
6785
6794
6537
8588
6618
1551
1245
3160
8974
4346
4066
6438
6396
1696
7637
9953
2424
2310
5142
602
6928
5298
6403
1410
8835
6717
5531
462
4446
213
5110
4615
2
9590
8752
7624
9022
3458
1899
8390
8355
6839
6030
9231
1407
9126
5592
9178
9297
5536
7126
9171
666
127
3505
8159
728
4922
2723
7499
2310
916
525
2317
9215
1072
8969
3840
3679
2372
2024
5313
646
8555
190
3206
1865
2575
7910
1529
7078
1539
7250
8714
4619
2279
8108
1923
4629
5681
3031
9411
966
602
6115
2394
8611
9737
2282
6926
6969
444
533
2730
7929
5813
9182
9409
7106
3730
6109
5515
3430
6901
4684
8660
8515
9613
240
7054
1209
5538
7755
1095
8357
9690
5151
8784
3
1434
4465
4489
2729
3233
2301
5233
3585
950
9196
4780
8615
9725
6959
9165
9630
5638
2430
5601
7271
8255
4373
1163
869
913
7839
1633
8077
6138
2877
8352
613
1394
1590
4479
9068
2937
3870
3254
109
9601
4432
1996
1041
9342
805
3874
7870
3492
781
327
7990
4977
6848
8761
1057
1771
8434
6487
7306
5937
7765
7553
4482
2505
2202
7734
8187
821
9548
8323
8328
1729
7749
5250
8206
2372
3958
6079
7229
9065
1369
8157
109
2906
1284
3953
2131
5154
58
4845
1520
6347
3423
5564
2651
1248
5597
257
3052
8168
9885
829
3674
9537
3223
3594
4088
9638
7384
6915
3901
6358
6684
6948
660
6578
3003
1837
3179
3189
6624
5029
2550
4650
9900
8885
5357
92
3112
8128
8389
583
850
8681
3376
4029
9593
1980
2925
563
4931
5176
2225
5773
9509
8352
9681
7247
7071
2653
1782
118
2466
7722
409
8641
9430
2515
6563
4694
1490
4285
263
9312
9662
4967
2072
1771
9824
1853
8987
6991
313
4393
200
54
767
5369
7579
8835
6207
1579
4478
5530
9621
5546
4227
7963
7882
7784
5953
8165
8615
4474
5995
9429
9272
8403
5588
5884
5618
4205
9436
2912
8311
9969
7042
5655
5570
8684
3715
2496
1050
5578
2134
2354
630
7818
7294
7637
7077
6169
9225
2602
6764
8542
8389
313
2890
5543
3877
7279
7718
4374
3188
2770
5221
5845
8503
4911
2441
4453
6398
7780
8158
1684
5115
5065
50
1051
9905
573
1302
3844
172
161
8876
5272
1562
6648
1816
3476
5575
2809
1618
8996
907
8888
7001
8290
272
4716
7646
8211
6105
1919
3113
9835
888
9084
7690
6825
5081
8389
1092
2215
8844
3472
2033
4052
9387
9256
2467
4940
7175
4307
9691
6588
2262
6132
8914
632
8617
7762
3544
9068
6885
5866
314
4842
2598
6344
8026
2551
9840
8348
1544
8061
5427
3941
3980
4028
3775
3238
8266
2844
8474
3680
3371
3567
5053
8028
8655
9540
9527
741
1919
3060
9607
8543
3472
8100
4501
891
6699
7054
4288
9704
6782
5606
2598
2446
220
9836
9901
6302
9245
6179
6885
5447
8554
6988
6168
8262
1124
2119
9161
1773
1004
4905
5257
1950
7844
3092
2020
5145
4625
8062
1632
8106
8022
7715
3511
3757
6426
774
1583
9601
8842
4065
7866
5286
1227
3177
1183
5133
9290
7789
3825
9250
7102
7217
4967
1044
7072
8311
1292
4816
3701
7938
4779
7852
8976
2678
9714
3388
1105
7768
120
322
2631
9770
6182
9513
2770
6244
870
4462
362
9302
1709
3099
3674
5827
8345
2610
8747
184
4942
5641
771
5393
477
3818
4520
8661
8832
9487
7251
7758
7835
6009
86
967
8554
8480
8603
8249
7284
5101
8466
7223
6623
6269
5734
1262
2656
1112
7686
5473
1037
4806
2182
6425
306
9354
2208
6501
3068
1375
803
1383
3362
531
9863
772
6782
4413
8442
9926
8779
4683
7011
910
1999
7004
7020
5977
6939
5650
8273
8292
4821
7834
4068
7708
6247
8859
2120
8099
565
4993
5499
379
7509
186
9170
3527
2680
3141
1729
9718
5142
8706
951
2062
1335
2349
9822
3890
8672
6968
6748
962
4425
666
2145
1759
9745
1432
4296
8326
8203
8813
2283
9191
1990
5850
9372
9109
9002
3923
9864
4771
360
1707
5242
775
9959
3051
9286
6425
4475
8568
9485
4552
3240
9596
8914
3240
7545
9927
2772
4516
377
3669
7978
2065
8868
7255
7178
9571
3736
6841
8372
2550
9363
8356
9040
3510
3810
7969
1109
7830
9163
7283
6888
5902
3958
906
7355
2115
3727
5052
3537
539
7774
2120
7983
6666
1055
6633
7064
9172
8504
7710
788
5379
4392
4389
9571
7830
1880
4607
6775
7875
3942
7088
616
7921
1722
7001
1296
1004
2952
6125
3397
1783
8215
9153
559
8130
3427
8815
4533
3281
4813
3763
4499
487
5987
7275
1901
2576
5731
4431
6509
297
195
2372
7499
1810
3896
6655
714
7920
2863
1130
9297
576
8015
5070
752
7747
9945
8960
1617
4795
6442
3457
24
6809
2089
8294
9534
7620
5371
4506
878
5755
3940
4490
81
4847
3154
2574
7009
4875
8929
592
3453
1027
2680
7063
620
5132
5071
5447
1503
7869
9312
6682
6467
171
8917
8149
2146
7891
1747
3568
2542
9115
5313
4414
9221
2335
7188
5784
4223
1797
795
9041
1672
4531
5176
3812
6962
5863
9658
9279
9813
8214
6174
3844
2348
4373
3309
2056
283
8363
2698
2606
2215
157
250
3496
657
9055
2908
4617
7407
4598
8714
3162
153
5549
5394
5661
1055
8345
1731
7647
4531
8176
1590
8033
4132
2507
6055
3931
7525
6280
90
1510
1357
8350
7165
3735
5414
4168
7549
6998
7004
1078
6145
4261
9017
7794
8106
6714
4508
1334
5434
6219
3034
875
3128
3436
8486
5225
1690
7382
2621
1230
123
9148
9078
2422
627
9173
4551
7633
3196
2319
3078
9029
3623
4004
7793
2217
210
96
8081
1053
7645
5448
8580
2367
3846
6637
8004
6886
3599
7667
1110
310
1037
680
3945
1296
4029
6088
9520
4169
3230
7360
8758
1876
5445
5196
2286
5212
7734
4954
4932
6868
8787
68
6209
2055
7162
3181
7635
6927
6905
7479
1200
3288
5433
9840
6550
8430
3756
5795
2828
4673
7585
6902
8331
5298
6220
8354
7730
8760
47
765
8833
1149
3909
6195
880
3989
4223
6147
9339
9447
4455
9902
4733
2597
1037
4617
9105
9674
8102
1571
141
6774
610
2547
274
4349
4556
4757
3178
1361
6581
7004
3889
2610
6346
6018
666
4973
339
7436
7771
7153
4136
6631
8252
5757
1079
5559
8993
2836
2165
4626
8576
4439
5616
5949
1159
779
512
3667
9311
6759
9066
493
8637
1932
1558
6444
2535
8260
7140
3179
3442
7889
1719
9114
5473
5103
3939
6290
9459
4473
8967
4793
2506
4702
7671
1784
1187
6306
411
9383
1858
1070
2446
739
3490
2089
6606
2945
3144
1581
5432
587
2825
7674
4526
3861
8542
5754
4164
7526
543
8576
5525
868
3848
2198
618
7754
824
666
1530
7552
6130
6076
7737
675
7544
5063
2765
8958
5443
5962
9632
2650
84
936
7184
3240
3311
8790
6483
3390
2635
6062
3717
3913
6833
328
923
2724
7624
8147
8323
220
3662
4999
8746
9851
5690
6724
7283
1438
3120
159
271
6798
8586
2646
5918
486
4208
3365
189
7132
6236
6352
6934
9449
9867
4757
8021
439
1026
3460
5715
8856
3667
5338
1166
8980
5583
5248
1466
575
9912
6464
2450
6411
6670
5251
2948
1940
5870
905
9271
4220
4930
965
7196
592
4711
6956
1524
2191
1670
1753
4685
3190
4547
2313
1179
6197
793
633
7828
5306
2764
8006
8189
3001
554
2330
1716
5026
4201
4741
5132
5897
8258
1431
7992
8823
3634
9583
6574
9741
1422
7586
712
2338
3119
8319
4675
802
5803
1437
9222
6504
9470
8424
1868
9780
2621
8704
5267
6114
7488
353
9594
8524
3774
6125
4623
8099
1880
8299
7489
9051
4222
4578
5904
8205
7342
9499
161
4562
1588
6870
2340
5455
7518
4756
6101
8968
7008
5320
4240
1268
2129
6142
6792
8991
6726
6511
4827
6903
754
8180
373
1554
2077
3718
7535
3110
4209
2608
2629
855
5814
2175
2719
2572
4291
6071
17
2007
2363
9329
1614
7570
5528
2240
1302
9449
512
6076
4951
6188
5633
6410
6671
5782
1305
7838
1380
6389
1466
6087
6732
16
1990
3372
9956
1290
4540
3026
1723
4436
7096
2601
7618
6837
1481
2823
9466
6763
6525
862
4859
4728
5285
8269
6904
670
7979
1026
6924
9150
7249
9471
9513
1092
8985
8779
4773
5382
2261
5977
6770
7178
5345
276
5223
792
6732
6597
1494
3285
5505
7563
5001
5431
321
1737
2982
5792
3065
1203
3657
3889
4926
9270
4057
9219
3542
2214
469
5732
1800
5845
5273
5829
2703
2856
4874
1519
208
5951
5978
814
6175
5129
5962
1634
6382
9146
7025
2376
6928
5218
3090
1090
1834
8286
8416
809
9210
6777
5300
9471
3884
3035
7833
3782
3905
7134
2809
6472
2157
9156
5131
9397
1944
2253
2519
2943
7409
8236
5477
2628
7933
7427
8831
1822
6607
7449
6295
8319
8606
7425
5969
2930
8085
511
2243
6841
2889
3140
157
8909
6869
7481
9989
9754
4096
1888
7385
7878
6884
6764
7591
9114
8946
8688
1210
115
1453
7522
4721
3791
3644
5922
4791
3389
8925
1082
9199
3230
7053
8243
7890
448
4009
2278
461
9976
203
3938
2577
7815
6316
5351
5417
399
2819
2847
8283
7940
6473
7855
7353
6098
2954
8930
5446
1312
5303
8743
2405
2983
2154
1517
1126
9021
6523
2114
3066
892
160
5441
9317
591
4828
1624
399
3332
8953
8256
5359
3862
8957
3520
6029
1952
2626
6974
8840
9125
5145
4107
6238
5373
9473
2492
6903
6021
6326
7068
3947
9810
6886
3958
397
3664
620
2261
642
1686
2420
5556
8287
5666
5025
9129
3180
6468
866
4207
7916
2302
5075
1689
1353
6644
8308
8878
8996
3348
2949
6631
2486
1054
5714
6678
3225
2007
3254
4255
936
3663
1742
234
1235
6576
789
4593
4536
8356
3867
4599
1588
1844
217
9068
1166
173
4378
325
3318
5397
2982
9877
8981
3826
750
6148
1930
5232
2553
32
5294
4177
6579
537
576
7130
9869
5238
7987
3878
3247
258
4334
7933
8219
3029
6197
9193
3824
2303
5538
337
5497
530
4145
4661
4288
4033
4686
9244
3832
9377
7801
7266
967
4651
5786
6260
7108
7446
939
7330
7601
6353
9622
6876
8798
3532
6024
5699
104
1842
8893
8654
8004
723
3941
1546
9896
1063
8083
3748
6524
1832
17
5786
1366
5845
2901
6579
8863
6606
8736
3009
4700
7594
2864
2066
8972
7636
9309
131
121
4716
6735
3272
8939
8041
7882
7795
4885
7240
4811
7993
3788
2601
7747
9605
1551
6135
1078
6467
8530
8115
4941
4788
738
893
7908
3342
823
9399
6927
1069
7926
9785
1065
7664
8863
2692
7462
2892
5564
6728
7164
7279
3979
5733
3489
7212
5601
7091
8085
5619
6545
1550
8105
2197
3230
1340
8589
9293
4683
969
1662
4927
8895
4573
9785
2101
5935
4227
9208
8973
8786
9411
6916
990
7627
423
155
840
9759
9268
593
7297
9358
3690
3790
7981
1720
4061
1298
9207
5346
3149
6357
6791
4549
57
3132
5623
3937
674
4172
9489
9268
362
6049
1768
6243
2367
8846
5287
2445
4356
197
3148
7105
533
7966
2481
8690
9504
2190
9056
2300
5688
6000
3671
9857
4418
6713
7761
6229
8978
8574
8823
9795
834
4499
6127
5522
9764
3226
8356
3272
5401
1489
8067
7986
4538
2189
9137
5705
9433
1343
1387
5524
7560
5862
1299
3510
3787
491
4999
9027
7168
2075
5169
6137
6643
2204
737
4475
5275
4381
5965
4395
4111
1932
1943
8762
9379
2439
8371
3010
2566
4146
5780
6620
2827
7606
746
8749
2076
5666
5993
6748
869
5581
7043
7460
9140
8963
145
4175
9678
2826
3463
6689
8973
2561
9582
9720
8851
4402
7062
9447
4666
5814
5175
1000
7141
9448
4734
3599
3202
4991
9005
5356
7820
9986
5924
985
9002
421
8367
9678
8053
4146
7308
7612
6385
120
282
9035
8812
7749
6821
4607
5423
8542
4034
2582
2158
6274
620
3261
3033
5496
9912
2736
6519
5258
9682
4983
9802
8540
4662
3711
5782
1433
8056
3523
4126
9641
5601
1169
870
5833
1868
2033
7403
8427
4984
1745
8161
4717
1580
1443
9112
5637
7567
6597
4730
2553
3623
4232
5754
5637
9904
6550
9486
326
2975
3432
5952
9226
1380
4884
9087
5722
5315
4897
5090
6759
4667
5666
9750
2013
2802
1993
5547
8765
9742
7611
8109
1468
5361
6539
9601
3527
2463
9606
9478
9981
8964
3083
6687
515
6748
5480
8940
3918
177
9883
9431
7606
8466
4670
5539
128
7717
3572
7949
1867
933
7252
1498
6212
4660
4950
3561
9059
9726
9170
6503
9024
9805
8234
6597
2271
6282
3664
3997
7709
3036
7917
2344
5650
6151
6677
6310
4844
7861
6478
2648
5083
918
1426
5815
7480
7850
2192
3972
7109
1068
3677
8092
5616
852
3536
4829
4701
9348
195
8406
5872
9499
6434
9169
4078
9082
5129
8416
5612
3638
5269
3976
2920
4510
6832
4639
9797
9779
9156
7205
6019
7631
6060
4406
4955
5615
6005
3872
9848
2593
2857
2738
4361
2274
5841
5845
2979
4811
8826
4532
5795
7735
4225
8982
7396
5021
7736
2706
3942
9773
2878
9710
9769
9942
7311
4625
8966
647
7968
9804
3777
8438
2173
290
6587
4575
5056
3411
4500
9483
932
210
3845
7703
8890
202
8717
3465
457
2587
1402
3145
1366
7680
4512
1444
8394
3677
4943
8010
3288
6848
6092
7062
840
2486
884
4613
9497
9820
9256
109
2111
7508
5365
466
2410
2791
4276
6531
2228
6753
2694
7621
3959
2613
9481
5444
4029
2308
5592
5006
8946
3766
6069
501
1046
1202
7521
9829
2937
4999
3575
1162
685
2153
6149
2386
1552
1876
9231
4019
8037
2073
4833
1135
9435
2892
1414
9226
3228
9448
4826
9800
2375
5797
549
9679
4749
8734
3959
1999
6963
9521
9769
7668
6712
9084
6235
8845
2027
4119
7569
9102
1041
4513
5316
5754
8835
1570
8821
3195
7695
3385
7401
6631
7777
9555
8121
5052
2653
8036
7580
9132
878
6804
1923
563
7987
2275
3347
8988
9427
9990
939
447
1136
498
7127
193
6289
9962
3468
7999
7214
4639
532
6388
1763
6399
9627
3743
8289
8417
9331
6037
5273
4901
2655
7849
3559
5761
2446
8275
3819
4965
946
9933
9682
1237
78
4090
516
2771
8109
8983
4450
7586
1852
1252
3753
1886
6758
7695
838
8637
2402
1098
2768
8414
8182
726
1367
8605
1472
6104
9300
9058
9033
1663
3699
9246
9467
2580
4066
1192
3412
3586
6142
432
6541
5459
3028
5807
400
157
754
5130
3714
2176
1480
4796
167
1927
9893
1037
1274
8462
8938
136
5124
2861
3519
5600
4238
1285
4677
9955
1272
4356
7079
4055
3814
7849
7361
6553
7266
2274
2599
5090
6096
9364
4800
9060
3621
2651
4473
4996
9948
3800
2334
4830
4121
584
4133
1292
3070
8314
7145
9608
1245
3113
3475
6292
8123
3542
566
9632
5271
1068
9343
4442
5481
6345
3102
633
2538
4692
1223
7559
2282
1282
6763
7887
7395
8343
6775
4402
342
4447
5670
8862
2991
9815
3706
5073
1085
299
4987
3036
9391
2697
7237
9315
8895
7720
5088
2891
362
8544
6327
8390
965
6800
4114
4012
8098
2016
4378
5123
4463
5519
9704
5394
2251
2999
3204
5680
345
7321
1715
4453
9672
2876
6911
2434
9559
9330
8127
8200
8698
2905
4751
1697
5966
6707
9135
2888
212
7711
1059
7963
3394
8980
928
5505
1007
7183
6501
3237
5462
9278
6436
3850
8368
1979
9137
2550
7778
1792
6693
7363
8771
2641
9166
781
7455
2281
4250
7593
2340
8063
7896
6134
7006
1688
873
4339
6387
5978
4937
2366
1458
3059
9256
1844
9010
9154
8034
9286
8041
4597
3155
1744
9857
9341
6331
436
9881
6617
5473
3210
7786
787
5788
1479
8272
2628
5056
3490
6490
4274
3464
9181
2872
8391
7665
6112
2972
6233
6246
3781
1397
8622
1918
2400
1716
6973
1156
5480
6165
6262
6025
3412
3980
2305
8798
6177
3527
166
5271
4993
2439
6749
1817
2350
3783
7492
9186
4097
4608
729
6320
8439
2161
7480
1113
6840
2366
2666
4506
7973
2711
7164
8775
5551
8079
5153
696
3201
1832
4476
5787
5235
4252
4801
6566
5271
7906
1574
9422
6703
4196
2398
9895
7621
7116
9831
7064
4389
6238
6120
8837
2168
6679
7371
5083
9683
9766
2108
4870
4527
9522
9307
8077
8823
2720
3422
540
3973
7870
7658
9717
1256
1521
9774
5
6912
4278
7715
4255
8224
6932
6056
4451
8827
3143
5479
1213
230
1694
7494
9536
110
9093
1298
5456
3430
435
1955
4110
785
8483
2821
766
1121
2474
5670
8189
5896
7372
5628
6207
5761
8632
7212
9632
8701
3012
512
7406
2482
7904
7754
210
2832
6494
3915
9008
8779
3646
8601
4875
3131
2334
7171
4419
9223
2543
6135
2029
8642
9948
4069
4012
531
9790
7805
6083
8754
739
3940
5306
3761
4080
2261
8787
7584
5069
1280
8284
2503
299
7806
7961
3243
6315
6879
9582
180
5236
4658
9684
7671
4655
8139
646
4883
1187
5844
3773
2571
3343
6297
578
1928
2630
8817
3408
2477
4251
9145
5244
6985
4879
9174
1220
4697
3526
6256
7139
491
9703
7333
83
1181
5510
8827
8750
3786
5609
8209
9621
1912
8856
6927
4841
8537
6138
9895
3077
7825
5729
8875
4188
3248
4459
946
8882
2107
8162
703
5328
5924
630
2474
4982
3262
8795
3933
2210
1480
3655
617
5122
6619
3239
8118
1775
1591
6790
6474
327
2556
3508
4789
7221
208
2382
788
5806
5540
6006
8835
4753
2118
3506
2880
7950
1793
5143
3365
2492
5745
9726
1138
6584
6555
4520
6901
2353
693
2490
3920
1720
3687
3980
7187
1502
4124
7856
9980
5660
2022
3999
4573
9873
2499
8182
6887
7125
5700
8044
3664
1923
7924
5755
6129
9441
248
3584
5901
9453
346
8324
3791
6090
5591
657
9853
5242
3080
6653
6928
2776
5216
7507
7144
5446
3321
2290
2717
4665
6778
4123
7603
5149
1110
5081
5203
6308
7190
8249
1368
8150
5446
7900
3591
8576
4312
1917
1598
4431
5414
1736
9729
5783
7557
8204
2208
4259
67
6214
3240
4214
1794
8201
763
357
4205
6509
894
4593
336
4660
7418
2647
9389
8938
1588
9667
4792
484
5866
952
893
2944
3106
2449
8860
8928
1210
4022
5597
4303
6290
7407
6298
7650
6702
6436
7850
1478
3261
7010
853
7851
6480
8547
5882
8301
3391
1608
5404
900
3562
5475
9479
2970
4193
6060
4872
1243
5363
8595
5926
8736
1619
9091
7951
2655
113
3238
1047
510
9967
8276
3556
1380
8890
9214
7711
4486
7162
4224
7279
4250
7936
9043
65
2364
9014
5136
132
5945
864
7314
2854
4950
6515
383
3897
6774
5752
3330
503
9030
8991
3934
2210
9896
1841
7985
2061
5742
2654
9517
7163
8208
1949
9960
9576
2283
1174
8435
3851
911
9189
2228
8826
498
2384
2024
5094
2841
7735
4046
9118
7798
9504
2120
3321
2028
3794
6859
9268
4419
8623
5628
5519
8097
6878
4608
1394
9440
4006
5841
6977
5859
3987
6472
5869
3828
8954
6450
623
693
7694
5915
3278
9668
5100
3860
9169
4951
3673
6034
4532
6701
1442
6657
8090
286
603
802
8958
5493
9575
3699
44
2840
5124
3437
8749
3940
6194
2280
5615
8580
4192
4124
4458
6044
2382
9528
2907
6886
8606
6500
1222
2193
4269
2209
7397
5380
7459
32
1228
3063
582
6644
6791
8206
3085
8204
8355
2475
5827
3431
8979
9366
2433
2213
5092
1892
8526
2853
8607
8897
9471
3938
6331
452
3163
9961
5401
9057
6587
5060
7421
152
2938
6650
9226
462
5378
499
9021
4436
162
3986
4492
8938
9036
3296
6561
789
7242
4576
2791
3192
3179
16
8475
8014
7762
2908
9501
2947
7772
7513
6334
2012
8538
3544
7022
4769
5579
5755
8642
463
5465
2186
6050
7473
6849
2120
4391
8467
962
4221
7326
4812
5079
6304
9574
1127
5820
1995
6737
4153
46
1584
1724
5156
3356
9097
5716
8925
572
4808
8970
8350
5037
5044
8901
2323
8525
8737
2496
7648
6408
3715
178
1010
3041
846
639
1801
747
1284
1089
4267
61
1153
2962
8100
3018
6318
4760
8974
6233
7948
7329
7327
9802
7070
8295
796
7728
1659
5752
3731
84
5704
3247
3383
5339
2243
7695
3990
5167
2307
3949
5207
7845
1363
7210
3476
9605
6610
3394
5388
3804
1841
7074
1207
803
8978
2340
5177
2756
802
3211
4037
8936
281
3012
7203
1976
2252
2072
7177
2773
1939
6513
1952
3445
4179
7460
6700
8742
5143
5109
3880
1363
7968
4009
964
5366
5275
4328
166
5155
9327
7763
3084
5091
6458
6497
8947
3778
1122
3838
5303
3072
2700
5468
3233
6205
2344
1946
9612
4011
8010
9142
3383
3709
7725
6362
4189
5239
7642
3588
4910
2549
2498
8199
786
5164
5154
9586
3124
4079
4743
1838
746
4689
7111
6945
2590
7933
4199
5732
7816
7158
9439
783
8993
6369
1021
9230
5206
7949
8534
2141
660
9678
4513
263
322
28
6503
6252
1161
4118
2978
5263
7761
9250
3109
2406
4971
5961
2296
592
3565
1682
4290
9139
2227
541
8005
2284
7016
644
3473
4698
37
4099
9753
7349
4420
3793
5703
4357
1461
2449
3516
5919
1583
9723
1444
9222
2940
798
7602
8395
2807
4007
7550
400
871
2100
712
5886
9256
6015
2964
278
5365
4348
2630
9846
3651
5631
6040
4907
2897
6287
5044
6891
4764
2454
2227
8590
8874
5239
1254
866
6202
6253
510
3275
6167
5887
8510
4457
1433
1708
8251
6884
3387
2602
2070
1270
6622
3485
9828
2460
4795
1372
9969
3760
2607
7403
4118
1203
7403
9993
6887
3645
1599
623
9282
4137
165
5104
7145
5506
3651
7877
4279
1516
3338
3619
4501
1157
1508
1820
8273
8143
9517
1193
6851
3071
9427
7073
4199
8311
5354
6367
5256
6896
7133
4244
7834
387
8681
3282
8402
8214
3083
9072
3065
124
6834
1534
5289
5744
3473
9461
4303
388
39
5125
8570
1709
7197
9048
1860
9539
8840
8648
5981
4755
3772
1135
5765
8753
117
8332
8198
1030
6633
8495
2805
8977
8137
6916
6005
2639
2656
4003
159
8285
9986
1753
6687
8862
9555
3985
8190
125
3749
6821
290
9355
1892
242
5324
5605
6934
2821
3891
7603
1915
2482
7697
1940
1374
3456
1254
514
2562
2656
7276
2048
8061
8452
1253
702
2434
829
4126
1082
2301
8848
1876
6233
2329
1567
8056
8025
3836
5575
5084
195
5661
6699
3773
7492
5321
8050
6043
193
1109
8696
1006
5077
7360
26
4263
8452
8508
8218
4044
9558
9359
6330
7039
1901
4410
1841
7661
4108
6353
8795
9976
598
4103
6646
4777
1863
8980
8551
9534
3617
7408
1759
3933
6440
6241
1227
1168
2290
6566
1077
7512
8526
7907
4876
7473
8852
9109
2742
1076
6002
4776
9271
3523
3526
3427
3881
6517
101
3065
4543
4727
9339
2384
5400
1717
8911
4389
2839
8316
7593
2827
7917
8087
2973
6733
9088
8446
23
9063
4821
8522
1380
786
5544
3553
8768
8486
6963
9935
8754
1238
571
3771
257
6543
7476
2925
3652
47
6941
2634
4325
6075
4968
4034
2662
3115
5584
273
246
5562
5152
4130
1436
3103
9999
2635
1464
8678
1271
9196
1955
5241
7323
4293
6000
7993
4629
6286
136
7280
6375
3506
8976
3881
5472
2648
4640
4142
3187
1410
5926
4657
7665
33
7381
6030
660
9145
9123
6973
862
7914
7985
8766
1572
1348
7248
9554
4332
208
4677
9878
2477
8821
946
3901
5036
2341
4407
6332
5605
5118
422
1267
2144
8536
6857
29
2643
6904
711
1693
2460
8560
1340
720
5724
3661
2489
2597
4021
1974
2041
3754
2616
7678
3648
1833
4485
4055
2872
7087
3294
1245
2896
1689
3378
2727
8344
5424
7499
8996
5604
8569
4581
5916
6862
885
5405
7178
5053
2599
3032
163
1209
9250
275
5851
4236
1908
1446
8810
2446
2546
3947
1870
757
9781
9222
6157
562
1909
2990
1762
4375
4396
4633
7456
3288
3876
5991
4852
2309
4968
577
1773
73
3425
6616
9324
7527
4077
6275
440
3115
5726
4509
874
8021
2969
1382
8114
8992
8188
7442
6621
3254
587
2306
9338
1584
5738
1033
3937
9569
9764
6448
5495
5790
2197
2628
3559
2725
1543
5757
5134
8603
667
3983
9863
357
5005
4791
4112
4697
6877
4038
3407
3879
5813
7715
2668
5371
1423
1200
2460
2378
7176
4338
2396
3190
8141
2555
2904
9208
4215
2180
2198
9144
909
1653
7030
8274
9111
4392
1154
5546
7054
1620
9897
5340
1999
7650
6532
3468
1418
7710
2845
7355
3493
7615
1386
6946
8657
9669
8784
1231
1232
9517
7440
3919
2427
2906
4581
6411
914
1996
7792
7377
1938
9264
394
4845
1259
428
1306
7864
3063
6506
2155
2530
1597
1013
269
3287
9987
8783
1574
2039
4169
3899
3212
5892
6359
6578
3565
9266
1423
3824
7021
5745
7529
696
3886
3881
8218
6115
6451
7977
714
8311
9376
598
379
5650
7189
2091
2073
6052
2662
473
9218
8381
4453
5414
2875
9194
1872
8557
1478
425
3509
7127
8751
6166
9792
1291
6631
273
9352
9237
3042
7352
9614
1177
598
1859
4194
8112
5090
885
1185
927
5880
5452
4186
4331
7924
375
5622
6764
8593
320
9797
9020
7281
3461
8875
3243
7285
9933
7383
2916
1300
6941
2651
3347
9698
6045
4940
8633
9888
2338
1256
8795
3595
5622
3896
3578
2016
337
5266
1181
9065
2827
4454
7798
3602
3048
8264
9364
3978
1066
7072
8230
1407
8630
7700
3882
5019
4754
329
9444
965
2934
8976
8956
4345
4848
727
5400
9238
5127
4486
8237
9
7674
6430
1688
9047
3580
7593
8442
1092
9966
2977
3674
4433
8575
2540
9437
9339
3927
913
231
9781
950
6053
4538
6322
9249
4759
3416
947
395
1044
1116
2677
522
5874
9665
3604
2778
3212
3283
4632
3025
6455
4
5509
4682
488
156
9378
5401
8577
926
3269
6799
5804
9399
6284
5489
1456
932
5438
7306
9048
8042
1946
3560
7953
8501
7261
3665
8294
9028
4054
6150
9336
5896
2190
8983
7270
9624
8270
5853
8850
7235
5696
5790
1844
6504
9863
4121
7459
2157
1763
4630
2463
2593
2004
5017
5888
6816
685
5878
9649
4222
9023
1806
1772
556
8572
6236
7275
9504
2900
1811
7699
8692
2127
8682
1277
4695
5441
3099
2552
8396
1029
8333
5037
3330
7316
3956
1808
9567
7457
5658
7368
3803
6778
7962
7398
3367
4
5315
4752
5756
222
2654
1791
1450
1214
793
992
5514
4418
3217
3849
4618
5247
86
1046
589
2805
610
3079
5526
7626
205
1319
4072
1034
9893
4496
229
6601
9052
4568
7403
3099
5013
7365
4053
5534
5145
5766
9236
8424
4051
7592
1450
5559
6556
5622
8742
3254
3012
1373
262
1236
8115
4356
4374
8684
4229
1208
5027
4200
1556
1321
2020
4139
6718
969
779
6834
7826
5225
7610
3500
8853
7483
9362
422
5071
4211
3274
5083
1567
7009
9755
9477
1676
4773
2287
3765
1812
2245
6900
9289
9404
4002
5687
4333
4069
7338
119
3107
2596
3393
842
9269
2682
8464
4499
7031
6990
6540
2107
9859
2751
8081
6076
9052
8615
2282
7177
5264
4522
9829
1762
5858
7444
3999
875
1178
6076
5181
1282
4993
144
2274
4387
9886
3880
4414
1831
3716
4862
9893
2444
2594
4195
5831
6649
1221
1913
7613
1638
1579
9492
2121
826
4816
9912
1774
1536
9965
2381
2231
1858
65
2050
1587
7708
7671
4146
6761
4669
9335
1916
6020
241
6614
7713
7070
2282
9868
1313
2472
9942
9728
8829
8719
8713
4074
280
5574
9021
9857
7702
7511
351
763
3331
5026
3238
4679
8571
2274
4201
1653
2921
6130
7355
6059
4229
3621
8723
6575
2518
6294
6508
1016
332
9930
2019
815
4134
9734
1409
6742
5828
6352
4347
8159
4571
4260
4111
903
1432
1731
6401
721
6264
5358
8771
5113
2496
5296
8466
9629
4745
849
2762
7219
1102
5146
3732
8949
7463
3913
2865
9029
7590
2997
9953
3350
9292
5902
3767
4805
3062
2913
5650
2953
8078
7684
9670
4550
8102
2443
8974
3277
4754
1337
1853
1576
8286
7559
5100
4205
7503
8786
1067
2266
5853
6979
3099
1290
2211
8821
997
5356
3956
5399
1968
9424
9304
9943
1463
5573
6463
5766
6545
3603
410
7613
9871
4915
8297
9824
1006
8768
1862
337
2009
2216
5645
9159
7374
8448
2620
1132
7820
3942
7577
6690
9426
6466
399
9761
5183
8113
439
9905
3271
886
2063
8802
1275
6867
7976
580
511
780
4400
3599
8025
6505
5804
1756
9947
9432
2143
4317
5175
1601
2478
6112
4285
7725
6702
5018
2279
2370
4974
8523
1413
1156
3316
5118
494
1860
9375
2181
8178
5144
4367
2457
4906
3898
3284
5488
9290
4858
1838
1349
3345
1023
4130
3502
6046
4159
1796
230
7207
1560
8752
7004
6721
3918
4194
6379
4115
825
1346
5772
3246
1102
5496
6881
8076
415
7636
3498
1922
4177
3141
3847
6817
8041
6323
8915
3384
9308
1904
5367
1686
7051
920
6028
4360
8734
9932
7008
8292
1725
4585
8195
9666
7335
7399
1404
4726
1651
8042
4369
2721
2966
4535
7834
8360
3298
2134
3208
9365
221
9296
4754
2403
8047
4642
7930
5014
3906
3976
5790
9123
1072
8003
5158
834
8546
7220
9846
3301
4123
4767
1690
6033
2711
4172
1494
7027
628
3274
6675
7855
9833
8031
3367
5820
7269
9298
4169
6072
6459
1172
7766
3389
1313
4170
7710
4899
2818
9454
1221
4278
4635
595
172
9614
3024
8275
809
6345
6291
2033
4695
5613
5457
5579
5258
4833
1503
7320
5659
1513
1059
4923
7592
650
3874
2532
1758
9493
1622
4582
5017
7302
2396
5799
8781
5509
6353
5592
6829
1199
4250
8933
8658
582
6936
1321
162
8859
4839
3137
757
6486
32
5641
6540
249
1644
3524
5703
2756
953
6978
4198
555
3915
3521
7316
1541
2781
1475
2043
8326
4253
626
6704
6615
3635
8765
6778
7618
5807
9441
9664
1221
2115
4494
5638
6412
740
3203
7322
223
9215
6444
6513
4364
533
6577
506
8721
5348
1388
5042
6614
8985
3763
8132
2233
6834
3335
3801
4211
9808
8855
2770
1868
3826
550
2204
8731
5743
8845
6230
5597
7424
9557
2855
4707
3391
2356
5330
4480
2078
9206
6210
314
4704
2996
5193
5454
4793
7822
2300
2627
9991
4700
9534
3744
322
5995
1789
4733
6795
8733
6215
2821
3054
6598
4075
7523
7439
2358
4446
363
7695
4499
8393
2808
7858
2955
1585
1117
1070
4431
5063
7407
3022
3908
6783
6218
4224
1710
1844
5820
4520
5237
5752
2476
9764
3666
694
5197
6004
1856
733
3069
6817
138
931
2201
2614
116
1517
8446
257
6324
4412
5931
6296
9073
1963
1704
4872
6426
9313
5740
5579
300
8661
607
8563
9829
5906
203
3275
2028
4635
1991
2131
3537
4553
617
4858
5471
2877
6453
8424
4193
1101
8661
1201
9406
7396
1821
9121
1388
8772
5620
2749
8893
9722
5379
3002
5600
4565
399
592
1461
9736
1764
7785
3512
4551
7724
9247
1328
1601
9674
6174
9861
9290
8978
8373
4267
2869
2993
9625
3450
1873
6837
9298
8706
1474
8154
8678
4112
1669
2314
6602
6422
4122
6523
2934
5448
2248
5533
3361
8794
2942
1178
2011
3825
8377
2528
4660
4188
667
6270
7597
7560
874
8518
4157
1042
2862
8608
9145
4597
3816
9413
9699
5331
3964
4756
9156
5719
7041
3589
7557
5049
6054
7626
4567
6104
6235
3687
6492
1306
523
2093
623
141
9459
6783
3767
1175
2678
6589
2866
3967
9749
7483
2530
1266
2523
7096
2656
5081
1700
5698
7487
2183
9754
2363
1403
218
4832
5031
1894
3136
1255
853
7672
5679
4591
6155
3530
6032
3950
6577
1097
7999
5156
4472
2897
6007
7226
2574
8521
5249
4210
2461
2710
7108
7653
1035
5139
3483
6327
7126
7287
239
9487
3587
3523
3020
8207
5665
2102
5895
7926
2484
9059
4866
5667
5265
2261
6705
261
2974
6980
3751
3260
9293
65
3647
590
177
2061
9323
7994
4277
9262
2797
4429
5942
4328
9374
4334
1824
6152
7906
85
5924
5869
892
9122
9167
3629
1305
4954
7117
1911
4904
4250
2682
9369
8899
2062
5938
5266
7297
4349
3964
8620
7145
9900
349
9
9354
7823
9000
7176
371
4282
1041
4820
4361
3103
965
2592
412
4040
1423
6923
1386
162
4637
1664
3040
5118
2790
2535
211
625
497
1390
6290
5007
2626
5201
1440
542
1516
834
8179
6528
2647
9545
7303
4032
4413
2143
9004
9622
6854
6317
5277
3730
2828
4762
8445
371
3690
4255
6567
6586
2410
1519
4839
5136
6330
2881
9073
9006
5830
3691
5512
5616
8840
9958
1557
3571
4651
9789
5278
899
3798
1311
3762
1177
6115
3405
416
8018
929
4732
7799
4075
5737
2094
3392
6272
248
6016
8841
6368
9701
4318
2706
7596
9805
8641
3275
8525
8144
4807
7782
7258
1423
2203
6154
6473
9061
5779
865
563
7739
4910
1276
2963
6220
2250
2052
2633
515
8174
1666
9025
6968
5627
4875
4955
5497
3156
6706
3855
8386
2933
4974
9939
1214
198
4043
5521
7089
6599
2424
9410
2633
8249
6928
2614
3853
4770
7336
1798
8323
4163
2818
5304
7997
7354
1331
3421
1981
1122
7008
698
7776
7136
2270
2090
8662
9305
9264
3637
8250
2564
6932
4528
3014
6871
1497
9483
5372
5774
8265
1097
9709
5036
2977
479
6482
4623
5679
6824
7946
7909
4060
7135
9767
2462
7648
9155
5440
5643
3969
9081
7060
7924
5275
3574
5509
5297
3115
1100
2511
5676
5624
2468
3397
4741
4244
8347
7727
6367
3400
7649
4892
1629
5487
2101
7667
4257
5432
1714
3466
8848
3852
7699
6549
4820
1876
9791
7591
5427
2061
2611
2119
8211
4953
406
7018
3856
9266
5531
3966
2889
3298
8374
3567
6075
7061
8011
4200
7024
5126
6765
2836
1842
5995
7169
8787
8672
1136
8419
960
9953
7613
5649
1016
4859
1104
8811
7835
3448
8939
7741
7942
3476
6126
7473
2337
2456
4371
990
8645
5273
7055
5261
9252
6059
1891
8648
2104
2454
1641
6017
8117
2749
8494
6447
9245
1065
7278
8284
5265
2290
9987
5651
9651
8640
6189
4754
6248
4803
5042
5091
365
7587
4385
2501
7497
17
1866
3194
2718
425
3677
5426
3553
5771
9133
6235
4774
4196
368
814
4489
1924
7520
5401
5123
412
3017
1675
162
1320
6636
4817
8334
4023
4796
2255
3400
9084
2913
8097
4236
3118
9682
3978
6170
1080
7029
1985
6032
1909
7613
5862
5340
8252
7658
1911
4097
7426
2099
623
1296
8097
8596
9552
7306
3902
5229
3672
5197
3032
2807
9798
7818
6067
4902
5533
2998
7458
9629
247
7301
5401
5527
8139
1701
4934
5033
82
6201
8607
3708
5399
79
4894
9220
916
1873
5601
348
332
8959
8392
8256
3409
4238
7368
5916
2786
2619
3576
8631
1764
8325
753
8052
1582
8873
3936
7777
4420
155
863
5844
1219
4350
4989
9217
7464
499
4043
529
9241
1369
9179
6717
6928
8161
9259
5294
4485
7449
2675
2179
672
7432
2489
9439
469
7305
4187
8886
9118
3282
7915
8122
9322
166
7950
8917
8060
5712
6601
244
1323
6475
8576
4951
8946
1081
5597
4416
8200
2044
3115
9108
7359
7955
3113
8965
3769
1215
6904
8823
6720
8923
9428
1805
2249
5450
1085
5072
9900
6726
9989
3490
2704
7667
7218
3465
1151
8468
3878
2137
7742
6858
1263
2253
7348
8196
1609
4443
3991
8447
3232
5268
9438
3966
7791
822
4655
1251
7558
9936
8554
6267
6833
6640
1503
5259
2888
8462
3285
9885
2511
5974
3458
2427
6053
9271
8684
4594
790
8280
9043
2783
5387
3181
6948
9631
7206
2355
3137
5313
3286
5821
1852
9772
5606
1066
5991
6657
5668
4382
3166
309
5621
1158
1109
8862
223
6529
7187
4962
7481
4636
3664
934
1922
2848
5278
81
2516
5536
5211
2180
2513
6752
4607
8423
6464
6655
2773
2341
9192
706
4287
6470
7217
2690
4022
7411
9981
1847
5580
2657
3720
1370
6385
2134
172
2423
1446
1674
3639
4920
3495
1385
7234
3460
6535
3517
529
2297
4490
1250
4301
8097
9238
2828
7551
192
9395
5929
3766
6486
5414
4676
6258
5006
7787
7965
8276
985
1199
3294
3378
1665
4153
725
40
835
5845
928
6770
3960
6822
7835
7460
488
2501
6944
8801
4341
2977
2806
1318
251
1531
6729
9899
5518
9856
2553
3501
7305
4254
94
2265
9734
382
6364
5778
7883
636
3050
671
1945
7642
7342
7191
1713
7333
4664
9637
7175
4088
4697
7788
5504
7460
3288
1124
9650
6
6206
4901
9695
3538
4682
2193
1916
3790
1877
1084
118
7442
8255
3741
8638
2072
3312
6097
8428
2891
566
1741
1283
1499
7649
1032
3819
6427
3057
5040
3845
302
5114
639
7099
6173
9375
7004
71
615
4177
1643
4193
1502
6963
2839
3715
4100
4898
2152
8291
4037
3900
2382
8595
8324
3195
3708
431
6510
4889
7610
8104
1190
8495
4271
3237
5019
913
3419
7720
1688
9789
8156
6479
2578
8776
2543
1397
7243
1204
4884
338
7884
9569
1962
6842
1866
3070
7869
3440
3636
4961
7692
5160
1785
5004
4563
2577
3169
7431
9312
1456
822
1918
9466
3656
4000
3763
1942
1228
7040
976
8953
4962
4847
1689
4483
2155
1663
5432
1771
9961
6863
1192
7936
1204
3754
6157
1639
3758
9110
1975
452
9372
4467
1085
1653
1072
8097
9855
6498
8383
935
8518
8949
1190
9674
5204
346
2283
4192
4815
3968
4875
5087
2959
8620
9528
3929
2775
4015
5986
391
60
9106
4823
1311
3751
1456
7585
6995
5676
3207
7015
4603
9258
8933
445
474
7402
5824
2794
9359
1538
7084
7381
5435
9570
7909
9923
7971
3654
1519
8463
6396
4444
3301
1249
5156
1392
6038
7536
6144
4688
8897
6264
7979
4990
9276
1946
2113
8954
47
6073
9362
5147
3093
766
3082
908
3234
3712
7466
1921
2608
9565
8687
8903
8268
4941
1596
7459
7332
8507
5724
5437
8279
7267
6731
7841
2119
3859
907
3124
7754
4761
4644
1768
7849
6309
8794
7309
4592
3449
4426
5936
1335
8363
5843
4956
9245
6584
9498
3360
8198
2795
7003
2583
9616
8927
2548
9650
3874
5256
9499
560
8596
9844
553
2278
868
404
4297
7071
5523
5927
2536
3745
4670
670
9700
9695
6170
2471
8782
5431
1687
100
7756
8984
6445
3626
6583
6954
4898
3215
3584
2746
9244
2395
5867
6893
8240
258
2636
1197
6323
9623
2302
1076
847
7996
3898
1914
5408
8492
9119
1803
6730
4158
9703
5423
9575
3962
3208
9507
9032
3028
6651
6596
7896
5517
6919
9017
8994
2596
4078
9200
6740
1869
981
7538
2966
116
6580
5933
3064
6059
2081
6861
8724
1859
5914
4707
1424
63
9443
7399
3876
822
4130
3279
7366
787
5780
2087
17
9353
1779
3726
9427
5654
7905
1311
4136
3977
9330
5569
4750
732
4488
3025
1155
4364
636
364
4964
3794
4684
7932
9774
901
4136
5615
2279
836
3369
4113
9934
8427
3182
6716
6670
1762
759
2926
9525
268
5700
5536
4158
2357
1098
7584
6940
9806
5869
6928
5797
858
8102
8162
8886
531
6123
3789
547
3165
963
3282
227
4900
6245
8461
1475
6802
3712
4307
3154
9041
9111
8449
4990
778
7299
2408
1447
2941
9716
6535
985
3249
1205
336
2023
9482
193
853
3342
4476
615
7633
6387
1543
4580
2140
3166
7804
2239
5035
5908
5337
3681
2519
5287
4136
7278
3802
1248
6707
3992
6346
6818
777
3547
1958
388
164
7205
5983
5336
3187
5475
6718
4283
5231
8504
8999
2622
6898
2580
8512
3491
2266
8850
1309
7182
6849
3267
3372
7122
900
1564
7626
1472
2468
5416
6327
2810
8388
3206
6282
8993
7215
1316
9285
80
4040
1019
4750
8813
4775
489
4586
7309
1062
4947
3069
6759
3169
5051
4436
1760
4982
1647
6782
9397
7133
3274
8680
6136
8002
1982
3536
6049
3289
3041
5616
8361
9092
9925
692
3100
8991
4281
145
1514
373
2255
3053
2945
2834
7289
7527
5547
877
891
8939
3293
2029
201
6816
2914
7035
3657
8819
3753
466
9268
4933
9090
4553
6711
4649
6023
8268
7043
2747
3110
8515
6903
9757
2730
2796
9423
6292
8600
4927
3773
2585
8639
6938
8421
3461
5035
9256
2756
448
3179
7381
2679
7078
2050
7548
5654
4623
9464
6401
2442
2674
4430
7073
3962
2561
1362
8338
8145
929
6070
4025
5609
1760
960
1210
6416
8711
8096
1325
3965
3491
3598
3492
7659
310
6692
1712
1322
4291
4717
8335
9446
9028
8659
3293
7
3065
2330
6366
5708
8545
4988
6021
133
8033
481
5368
2122
546
614
4285
466
5788
2321
8424
6881
7051
7249
2915
3774
4315
715
1601
4393
1827
8012
8028
3341
5490
7417
9039
5703
7166
9717
5881
9007
2834
1274
8083
4745
8494
2350
2620
3164
4830
2017
3692
4854
6
2485
3817
9692
2183
3052
5861
2259
4168
6414
114
8001
7251
2285
4427
6201
8499
201
914
6802
7758
3607
7029
1087
8471
8220
4641
8714
6962
5074
9375
3740
2666
3482
1477
6700
6159
1617
9161
7262
5605
1682
1946
7952
6691
3540
6916
919
8219
3828
6847
4180
938
4309
5324
8857
3526
8758
6906
4386
993
1188
2023
6570
4045
1641
5122
9603
3495
1143
6760
378
4372
3416
1238
8381
2688
698
106
136
3188
2371
9092
9937
6934
2023
1977
8691
9466
647
9333
4954
3271
5968
104
9226
7983
6216
1468
4881
6600
9283
8254
991
4703
7064
4291
2000
3175
5063
430
4466
5529
8867
2342
9926
5617
3087
4247
1049
3256
6457
7794
6910
4783
5112
609
3723
3559
2227
5935
4368
860
7344
9289
7438
4557
5265
7533
2101
4763
521
5473
1650
9835
9447
5347
8554
5476
7934
2905
5041
2145
1937
2580
1838
441
8660
968
74
8720
8679
1832
2507
6220
9440
3869
7458
3280
5304
4705
8034
696
3380
3411
1700
5893
413
5123
5318
801
6171
1099
2226
7179
9342
11
9085
8043
9290
9198
4755
7479
309
300
4537
732
8932
9236
3426
9004
8009
2057
5008
9948
9889
975
9605
7530
5470
4293
3009
1512
8431
4804
922
5570
9581
631
2627
5596
4338
9291
4757
5340
5068
2329
3430
6126
4930
148
3000
1500
9156
8593
1961
643
2858
1623
1529
1498
3375
5210
4393
3446
3467
3995
2165
9384
8260
1673
4991
9243
4735
2213
8223
8784
8538
2716
9547
8534
5091
603
888
3625
8798
4698
7481
5314
3339
2061
71
7451
6628
3761
1511
5681
561
7898
4096
6141
4959
5768
6394
4741
4142
4066
8994
9401
862
8287
1833
866
4492
6705
9007
7411
3859
2231
9443
2451
8214
3400
5307
4515
6326
8900
2092
9907
4350
1045
1696
5627
5511
3734
6740
9325
5227
4665
8149
5616
8866
5267
2881
9233
6401
5473
8371
1847
7311
621
302
8243
3073
1115
8004
5444
7126
5270
2862
7821
6653
9958
4296
3503
9053
350
1685
1029
3003
115
7315
5237
9849
8093
6753
9069
6122
1195
7792
5204
2766
4278
3419
3208
869
4871
9409
7949
967
6880
7011
8192
4139
657
8445
2857
5096
1463
3063
8510
5122
4171
1263
846
8362
6123
5694
6181
2757
2076
7041
5683
9342
8946
6020
2853
2263
5450
2809
7899
2006
7160
835
6131
1103
5320
708
7978
7043
5738
4643
5555
9214
1555
8075
797
4134
5516
5766
3558
4390
6622
3386
29
6789
9458
1829
7071
2224
1756
5256
6507
2456
7112
2618
1549
4456
227
5451
672
4410
1682
9134
1200
6893
7396
6326
9811
8645
2019
4758
5654
9757
6192
2714
1520
6645
6253
5641
7665
3788
8966
5438
9605
894
1564
2324
4672
4050
8097
5776
413
6956
8902
8079
2758
1532
4753
2851
3418
4812
8699
8564
5040
7567
1791
4579
9182
2033
7346
9110
2455
1546
6512
9035
1566
3019
8475
6719
6906
7734
8335
2826
409
5713
8575
835
2416
9247
2805
9547
4694
2066
2870
1113
3731
8566
1290
4657
117
8183
8136
4450
5286
631
4373
8899
8501
2700
1735
5705
6309
8485
2028
8549
7376
3221
9769
3867
5448
54
6003
2245
3572
1568
544
7083
2396
6693
3069
3825
2898
8732
1394
6162
7839
4720
9005
4098
6487
9322
2532
6354
1222
1073
5633
8013
9138
3270
6240
9930
8362
1956
3315
668
48
2915
627
4968
7609
7510
4576
3214
4558
4686
3133
1928
4569
2168
8672
1783
5624
5262
6423
4325
4944
310
6933
7152
613
3680
9867
6140
2115
2285
9233
1823
6181
3009
5167
5037
9848
6659
1922
380
9529
2670
6610
1735
1174
3952
7220
6085
5764
4533
3937
1204
9007
3856
3103
6141
4846
2097
4926
3159
5658
6966
3205
4264
5798
2064
9949
3
5878
5662
1364
8752
3605
6846
5071
2782
9378
4322
7286
1442
4603
8188
7830
2935
3661
8094
3865
9284
8209
9397
3685
7994
8123
2904
5221
284
6827
369
7258
3370
7130
9398
2971
813
8127
9050
2237
1159
2251
861
7061
9708
6508
2757
4934
7038
8603
2486
1371
5568
3778
5103
6160
3959
6776
2509
8885
3697
3015
6949
4625
6320
3931
5824
5836
1774
4288
7379
9498
8237
4273
8964
6361
2942
1738
6299
784
4127
6502
31
9292
6084
3090
3489
3239
1880
3351
2881
6995
3038
2518
3364
9918
3860
9069
1940
6503
240
1218
8129
844
9965
9148
9674
6745
2158
9846
1966
178
8702
2008
5928
948
5249
8104
3578
7855
8955
7498
379
7021
7859
100
6840
6152
3892
9679
1843
6613
3518
695
6112
1629
6162
1569
2415
2174
6066
5590
8525
4534
8403
3473
5501
7981
5766
7496
6419
2609
2876
4961
5231
3432
509
4851
3846
5005
9931
4455
7018
7474
663
7352
9028
349
7985
4363
420
8366
646
4290
1901
2759
9235
7726
8507
808
5108
928
8
9434
1056
3982
2228
2545
6392
9936
8308
7223
5850
7019
9311
8334
4204
5669
5487
4127
4993
6406
2
5753
1189
8017
356
2534
3448
2496
5347
2977
2079
4838
8722
4120
1812
4582
3283
7206
9848
4497
645
1724
1435
5323
9214
3753
9272
8623
3039
4288
2219
9453
2926
8996
4031
5569
4324
7921
3214
6673
2955
9205
211
7047
4233
5511
3538
26
2976
9643
9342
5139
1649
5787
7316
8877
5674
6181
5497
3446
1508
1328
7493
4292
5790
6913
2409
5787
3224
3689
6058
9661
2563
7001
4282
3652
5385
7862
3454
3842
4723
2282
9346
5232
3781
5787
608
5127
8921
564
1682
7710
5734
4482
9248
3941
2902
2246
2330
4742
9384
7596
8737
6877
9751
7813
346
2730
6788
3091
5232
8881
3538
8681
8775
3506
3078
9814
7127
2826
8671
7021
7693
1279
2092
3220
2810
2985
7138
6148
9710
3158
6456
3793
9988
3484
6498
1619
7742
3684
4240
4453
1682
1643
6381
6840
7629
3819
1465
5138
8996
7402
2128
4223
2817
4539
1178
3846
2846
3543
5540
8637
4745
6890
8654
987
7765
8960
495
4131
3183
1024
9548
1308
588
2413
6544
3649
3711
4843
3852
8811
9427
23
4027
8437
8803
2315
3068
8419
9218
4958
2087
1497
7075
3165
5967
7751
2404
8095
3920
1578
6488
7969
6028
5733
3315
6345
9707
3081
6367
5869
6587
3322
1157
5015
1781
9745
4405
9475
4592
6594
2597
5146
225
7403
4774
5343
7512
3938
699
246
2282
243
3672
5421
3249
2554
5499
3851
2499
2394
4907
6919
3199
988
9964
512
4176
4590
329
8890
4687
2405
2376
4401
1074
8250
9370
7086
5333
6311
3168
1145
5495
2304
2609
7166
3974
5503
578
2670
4480
9140
5980
2728
4786
3738
2618
7182
8613
8473
4566
1130
4509
1158
5482
3074
1167
5070
8642
6117
1157
3907
9415
7
1851
1289
2893
4501
8134
7125
1292
2092
3901
9733
5376
963
6013
3090
4600
8221
1616
1403
7609
7245
433
3110
8523
5957
5569
6207
1884
2959
5714
6469
6917
6350
2695
6481
8268
8898
1146
2118
548
9232
2176
7694
5232
2110
4692
4074
3076
8180
1981
8095
250
1949
1894
3176
8896
1504
3568
24
4358
9794
2001
4092
6979
8759
1115
340
3796
4439
2851
728
3975
266
4940
5986
6701
8204
3687
1826
6850
5480
2399
1145
79
6006
7096
7144
2436
855
421
7728
4319
7184
3622
5541
258
8677
7600
4698
5651
7237
7977
5097
7863
8546
8109
3714
4665
6109
5095
6597
9065
1588
3156
6650
7879
4812
1797
8657
5143
2817
6405
8592
8530
3369
6101
7541
530
6492
609
7336
793
748
2577
8694
5087
5864
2769
2223
133
4119
1302
2733
9954
5328
1742
7450
5202
5111
7965
2580
1609
2725
696
1293
7161
7510
5566
9625
7380
9099
544
4528
5344
1127
190
6469
7282
1794
8826
7006
7176
3428
811
5043
5854
4899
1468
5870
2271
7784
8494
6694
3525
6760
7073
6672
8538
4483
592
3819
7595
9629
9392
2034
3074
7639
3989
6128
9512
3503
4136
8973
6637
7499
9155
4305
2271
3685
8962
3310
8446
9862
1872
98
6055
4200
8342
5247
468
2425
1623
1640
2855
6437
9214
4838
9310
8528
4157
2869
6654
8966
6223
9021
5119
8579
6359
9745
7002
7714
8281
3578
8139
9176
4765
9615
1452
0
3132
7215
1011
8611
5566
5903
4776
9722
3399
3702
7511
5132
9381
4371
7431
5276
7599
4946
2665
705
6884
5949
7985
55
7163
8107
9744
8359
8347
8656
5560
2302
4426
8944
497
7228
2718
5824
2173
7636
4743
3764
8421
3636
348
1447
1492
6610
7084
5768
6450
4510
9442
7183
255
2546
8278
120
4051
1382
9710
2282
6227
2086
9060
6139
8629
9010
8183
5622
7136
4527
4423
7142
1164
4538
7415
1169
9117
4205
4300
5222
8103
1008
2344
5700
3485
7466
4598
251
9841
2289
6800
1840
7791
6250
536
6897
333
7103
5119
7344
1514
5245
9174
5869
5716
1504
5149
423
5634
3936
4599
43
3619
3595
2332
2999
6360
3706
5652
1160
2844
7573
2342
8672
6205
2374
8450
9775
365
71
2510
355
778
3102
3747
698
4571
6026
1278
5133
7877
8256
609
2339
6753
2945
3454
2370
7121
851
652
7450
4346
7864
3417
91
3992
1976
3346
439
5668
3266
7424
4617
6739
767
4755
4392
1740
5191
2416
9620
1006
7577
4356
660
8751
3733
4985
3689
8736
7272
7105
3211
3888
4412
3772
3541
3964
8527
8238
7221
4360
4024
9959
9244
2971
3160
5771
584
2539
6796
7868
3945
8537
4954
5322
7211
3892
4933
778
553
1906
3379
5595
7639
7277
9109
7323
2092
2677
3009
6839
7086
5143
6451
8032
9485
3377
2673
5850
6143
1985
937
5963
5469
5153
9197
8086
1360
5062
333
2341
4262
654
929
2001
9678
351
8567
3021
9866
4141
4696
638
3712
2141
924
8021
2012
655
827
2023
218
6572
4765
9709
3298
6860
6305
3635
168
1999
8727
7097
4607
4709
466
8928
142
351
9342
1987
6059
7071
1920
580
6220
2396
578
9850
989
5708
3935
9803
7045
7344
2831
7039
6001
3627
5425
2205
4514
4513
1814
3218
8876
8467
6274
6374
3427
6443
3185
6723
1438
6532
6069
2048
4719
4773
9399
3728
7689
3945
7058
2157
4528
7190
9949
3881
9985
5252
5488
7742
2881
469
6376
7941
4283
390
4822
2426
9696
6622
5066
4708
3350
1499
1273
7211
5814
6725
8446
7163
3648
6863
5350
5715
640
555
3897
6164
2353
7691
8690
5279
4586
3939
2270
7682
378
5188
9028
8711
8310
3995
8230
1487
6795
8090
53
7439
6920
8321
8155
7872
5159
4051
3795
2481
3474
2972
1243
2452
8157
2978
9496
4853
1893
3651
9391
8918
2992
4184
9013
2605
8116
9025
3520
3574
4032
3918
9187
172
6596
1128
5077
2251
731
222
3070
9898
3655
4705
8696
9220
6930
5733
8236
429
4624
2066
6778
6086
5694
3524
7553
6925
6387
6095
8149
9091
7269
3055
4797
8717
8829
4003
3502
3776
8370
5908
3787
686
3072
6950
6049
70
4478
7453
920
4551
1968
728
3610
6984
8965
6238
2915
3397
2582
3283
8556
1290
5788
3811
9460
6895
9812
5855
8420
6158
864
2911
9909
7551
7046
7570
4223
7376
3387
3226
4646
4904
1788
303
1113
2637
8205
2053
2475
379
7770
3896
5723
3790
4634
4329
8620
6498
3295
7808
9490
8313
7624
1125
8537
3053
395
3481
635
6134
7692
9630
866
7904
6348
175
9274
5187
6269
6555
229
2474
9402
9047
8752
2272
7101
8268
6100
3634
2062
533
9111
8626
3819
1992
2271
8325
8976
2122
8668
5569
8675
2676
658
4295
9831
910
8820
9904
3441
797
1257
9505
7656
9069
5286
3142
8902
3587
2500
863
1640
1635
2329
35
916
1688
4468
9955
7711
9578
1625
1311
7036
4423
4228
2721
4867
9010
9319
5430
4288
4786
4860
8907
6640
4536
9166
5330
9980
5992
5509
6202
3888
2474
3995
4803
1215
4576
6238
155
7189
7272
9766
3218
7753
8129
2513
9122
5566
9731
1692
122
937
8272
562
1418
8643
1264
6905
3174
6154
6096
1718
5460
8988
7103
872
7193
6004
5480
1221
9595
1312
495
2975
7790
5684
5285
8613
179
9802
6534
8790
7122
3906
5128
3667
1223
4260
8137
1955
8936
7089
6899
9822
8815
7748
1245
4665
2391
5454
9016
9431
6072
560
666
6288
1158
9515
3761
4263
7813
5149
427
1902
5941
3474
6998
9615
6413
9946
2670
838
5865
2029
8806
6129
302
9187
8520
5501
4252
8278
182
2902
9111
2062
9284
8298
1567
7941
2065
8242
9554
3704
7396
7787
557
1500
4879
6045
4240
6733
6052
2615
9905
9038
3964
9065
112
1568
776
2991
4184
6624
4218
525
7212
1165
672
9187
5665
9021
9078
2303
6526
5869
6435
768
2207
7495
5213
9225
4483
3973
7770
1600
4471
4817
6265
6906
884
5247
4031
8091
49
3539
1023
6281
434
2350
3668
8878
9958
4823
1607
768
5419
3694
2870
4862
150
2029
14
9569
638
4589
8609
1519
5142
7764
6721
3628
4403
1485
1437
5702
5029
4460
27
9845
4989
8618
8380
5701
8099
6454
384
9933
270
5772
1269
4023
1551
9313
5455
7073
6917
4674
9175
3183
8657
9094
7153
1170
4593
8715
500
9268
5093
3469
3031
4515
3543
5290
4057
2915
8096
5452
1938
743
1132
7910
4316
31
2481
6294
4119
1753
8232
2027
7717
1523
7537
9581
404
6488
2077
9917
5326
8466
1668
4907
8891
3264
6215
8928
4286
7108
8015
5205
8547
477
6214
9032
7855
9503
7995
1289
6207
4517
9072
9988
7695
3754
7362
1135
2829
4764
2092
6687
4774
7287
9871
4298
7702
1794
9168
1464
7103
9264
3585
2858
7167
9649
7824
1643
6370
4424
9309
6771
556
6735
5070
1864
2595
5851
7435
5181
7911
818
5900
9057
1649
88
6613
1027
7395
5913
5904
7498
2764
642
117
3025
6062
3806
3014
2576
3645
2195
2043
6709
7460
6435
4848
1636
1885
2533
3684
5322
7146
4487
9384
9847
4269
1890
5987
3470
6258
1741
9740
2556
7839
4755
9509
2635
4720
3826
3377
1540
558
1088
6117
4182
5281
4961
1943
4361
5104
7720
2291
5287
476
8358
9485
1995
2773
5419
4565
1736
3098
1374
4726
2258
4541
9553
3023
3178
6629
1825
2832
9998
8811
5154
6712
5598
8406
8754
7216
1053
6804
1285
9075
5422
1548
5722
673
5796
6192
2155
2609
3149
3693
8750
9212
1936
9269
173
9054
3856
9354
9758
4362
1314
8461
6287
5139
9098
2389
5250
1689
692
7747
3475
2657
1680
7123
4386
7900
3884
710
4338
6208
399
6497
4018
3227
2328
1580
1350
784
7495
8062
2936
6140
2355
91
5109
8718
5430
9690
5359
947
7065
7209
6232
5265
7334
5806
2297
9026
5508
4794
8042
2611
9162
522
1623
469
1828
7794
1857
1307
591
6908
8947
6094
1667
5529
2069
3124
477
7196
1016
7047
3005
308
8336
124
3003
7231
7321
8876
9177
8992
3542
9037
9372
5319
8442
114
2192
6786
73
6780
2165
6998
6646
3330
4444
1457
2384
8373
6740
1956
4389
9044
8520
4044
9550
4459
3436
475
3148
8855
3567
3227
8036
5691
4830
4523
3778
8053
8070
8811
8643
9715
8839
512
5461
8498
1576
3856
5989
8107
6329
1128
4057
9694
8252
9902
9181
1575
4899
5091
8404
627
1182
235
357
3918
2970
7550
7652
2266
21
2136
6267
9724
8395
9486
7735
3061
4467
8729
9109
9197
6319
3191
5644
1154
5338
5661
6632
9237
2990
6945
4695
8243
680
2119
8248
2686
6689
4472
345
8691
6104
3180
7683
2348
1495
5839
1521
2624
5576
4660
5476
9069
6092
8021
1945
9730
1371
2671
8793
2288
339
2919
7415
2633
4397
3522
8359
5271
8032
7068
939
2601
9870
3566
406
4501
5481
6629
8561
3636
9932
889
995
6802
6117
5935
7054
1577
992
6136
8433
8559
226
1035
8242
1484
9039
5851
8466
5451
8492
2935
9194
6288
8451
1661
4860
6747
4811
8472
8716
1103
832
5541
5629
2519
6704
2952
1568
9089
4868
8400
973
9160
7792
8164
276
2215
7946
5157
3073
6070
6088
2626
5734
5106
7965
6402
4769
5367
4638
5209
4037
3341
1101
8669
5372
3347
5414
301
9173
2279
3989
2182
1521
9775
3642
4513
947
695
2149
6856
2799
9617
6720
9329
6956
399
207
8007
1981
8078
453
1241
8148
7118
7964
5401
8901
3249
8597
5887
2774
1554
7162
5985
8583
5334
3269
9035
1191
3512
5367
4964
6812
892
6129
451
6856
8151
9458
2718
8380
2221
7783
982
2551
947
4471
3515
7721
4561
8879
9405
6052
6747
5609
2125
6067
2226
112
779
4536
5736
9394
4749
1996
5192
697
4216
4620
3116
788
138
5165
8515
7046
1644
7663
5921
7089
9752
6281
6708
4593
6027
947
6782
6797
8048
7136
7885
5618
4884
7907
1651
3342
4838
4460
738
9208
43
7898
4897
9700
5514
5371
9503
4007
217
4339
4715
285
3697
3364
5358
7622
4590
9695
7834
6219
133
8814
9940
5078
2111
1959
7943
8520
8511
6665
6710
439
9399
9248
8896
1314
1700
2848
253
8208
9297
4499
3913
6029
7421
1524
4273
933
1166
3028
9957
626
9145
9516
9885
1930
8151
804
8633
5817
9022
4552
9529
4636
7014
607
2980
4698
3837
9233
2347
4763
8955
5642
1172
9610
298
4839
7597
1527
9825
1808
5549
5114
4168
3309
4350
6177
4996
3700
667
2669
3412
9877
2586
4519
274
3317
1092
3371
4126
9513
6633
9219
6467
2568
6878
9125
9215
7622
4991
9757
3190
1524
4244
8920
3058
7449
4567
8279
3784
2342
9715
6228
1594
1994
4302
3058
827
7352
4341
9483
5597
5147
3350
2142
1170
389
1862
7863
198
6804
8074
6636
7442
1103
8716
9230
5256
1672
1467
4360
5626
4269
615
9480
508
5950
3909
2585
1341
1349
6085
6699
1171
1465
8317
8898
3736
1769
6163
7838
7113
5976
6978
8504
1799
1201
2360
474
631
9567
7503
4742
3111
672
7281
1024
9377
6204
7384
9031
5878
382
1473
5319
6544
261
1441
4056
9044
9465
4265
7586
4364
9234
2508
9238
2881
6854
7845
9493
7507
1749
6966
6614
2496
1417
5070
712
7002
8183
1194
5241
6463
8569
5658
1644
3929
1034
447
1214
5570
8385
3182
655
6433
7492
3711
1428
2448
5592
9909
7561
6659
2879
8
2767
9057
5381
6373
4193
3311
3420
2919
7890
2313
9352
2005
7337
874
7178
6548
6653
3760
7876
3325
1492
2980
6912
8561
6661
2476
4465
5405
6742
4260
8365
3103
8107
8772
1148
1268
7316
2368
1902
4833
5299
5641
4763
6659
6349
2203
95
4070
3959
7858
5309
6123
2954
7946
5514
5247
9293
3121
5701
5620
8814
6709
9213
7733
6466
8077
4956
3150
9613
9728
4090
9404
3771
506
1030
5667
8005
8302
299
1939
5400
7916
5675
414
756
9559
1919
5211
1180
2292
8928
5949
1843
5246
3271
1001
2106
1228
8864
1614
2743
173
3162
7282
2982
9871
6411
4053
2761
1420
4496
8136
2282
1178
1567
5396
5823
2682
7598
1446
1372
7876
4780
7386
4827
4956
5206
5809
7989
287
9160
5245
8130
4753
9800
3850
8976
6168
8343
3543
4714
7924
8687
4517
8869
6608
6712
3929
6074
6571
1858
109
3652
1242
7624
7338
4040
8622
2466
2733
4321
7223
3628
7417
3539
9942
6419
5162
9253
6512
1548
2711
7547
4234
1216
664
2043
9573
4692
7501
6339
6086
2969
7760
717
6701
3631
5976
8512
5040
1235
8785
5989
2399
7390
9176
1987
6002
9435
9624
6274
1174
3128
5634
2711
277
3304
9230
7251
9878
2732
5899
6643
5992
4918
3401
7298
3929
8085
986
9295
8970
4525
5636
4502
2388
7795
4012
5635
6805
7361
3547
5863
3684
8280
8822
4946
2500
3949
1710
7344
3857
1532
9425
8777
3402
998
5975
6979
4892
2917
3055
7845
1387
3968
5416
2290
3747
1322
3743
3938
1334
9379
9020
1936
7356
3978
3694
1885
3636
5468
1354
3896
7741
4642
2051
4978
2160
1162
8243
60
4984
1365
8275
5931
3143
9289
657
1699
3264
8299
334
9018
534
5923
3503
4675
4885
7887
7100
5640
219
6288
1915
9654
2486
4584
2060
7388
7224
8693
3150
5851
3410
4148
3335
3331
49
8819
7488
4385
119
9259
1979
8537
5843
9475
6564
2219
2094
887
8584
6003
3827
6761
124
2417
7011
8136
9827
548
3561
2352
1367
3965
4615
2823
8814
5897
2502
3444
9176
8
5441
6464
3254
3418
7663
4735
755
9129
6865
2062
1418
1463
4498
3147
1464
9607
2878
9778
7704
8732
3832
81
5186
5160
4463
8193
4968
9332
6504
917
9143
7065
2825
2805
5304
1558
3908
2670
9573
8404
9877
7105
1401
2407
3109
4846
9027
9640
418
3874
9904
7619
5768
582
6197
4720
2346
4590
3682
8296
7913
7807
8453
9920
759
1783
1300
6992
4652
7334
4656
7057
3937
9351
6012
5471
7102
8315
4013
1242
3675
4010
5962
954
3517
1006
9160
9344
507
9122
4405
3004
8476
5052
1391
4440
6996
1595
7651
4809
9136
9221
1823
2959
591
3352
2564
7489
8096
4679
9061
4608
3056
4339
3693
9566
2729
1899
1588
1196
4097
7255
2300
7570
8297
1215
6072
9272
3385
1451
4153
8320
185
5039
8201
4281
3610
6343
9589
7938
3191
841
9451
8138
4855
2628
5882
6346
9232
8753
1143
1870
1449
978
6280
2641
1777
2393
1013
2132
9262
4204
2913
7862
8917
1981
2832
5300
8190
5000
4797
5448
1807
3264
8075
2701
650
6618
8601
881
4780
7222
3615
8442
3926
8201
9431
7976
9807
2379
6719
2791
5157
9274
1779
5300
3104
2835
8275
4351
4322
9143
1641
5592
663
4964
5034
4868
7644
7847
9389
4203
5673
5702
4047
7985
9823
6268
2879
9442
9587
8834
4188
4532
2320
6257
9729
5573
8087
1641
6426
8694
4885
931
7000
9269
1172
210
1290
1064
5590
9831
6265
1567
8661
5861
7405
2560
955
7596
3335
7649
3948
7136
8426
4325
4940
6112
6696
5625
168
4282
510
475
1246
5020
603
111
467
4658
7549
8824
4417
7102
4748
9692
8608
8710
4945
2545
7335
9997
5374
6115
2875
1460
7428
7212
8020
1983
5268
4618
1475
303
1939
7320
7579
1218
8715
3941
5314
4771
1882
8239
8106
1158
609
106
7885
6111
3594
1874
1885
5979
8071
487
9089
4956
6348
1639
1083
647
5786
9210
1195
6563
1117
9288
2425
4007
4105
7991
3423
9901
5631
2408
4554
5235
8784
7892
5197
3603
3643
2086
9005
9663
4495
7817
1850
3641
9677
5108
2283
1617
4908
6228
753
4824
942
9317
6478
978
8454
588
3723
400
3824
4416
4245
6090
4688
7266
498
8021
2337
1566
6891
3020
8770
6568
7523
5742
8835
2723
6151
7741
3506
6131
6804
8420
3757
6676
7304
7730
4584
137
3205
5681
1339
8687
9174
5957
1100
2248
6651
4182
7984
1185
4495
3477
7799
4775
6775
739
1487
7712
5508
2772
2256
1438
5118
9443
9528
865
433
2817
3581
5068
3965
9063
803
5326
8854
8197
9115
1080
7806
7981
4406
238
6972
5683
3480
7594
5823
2949
9518
1272
4345
5000
9307
9420
4256
5042
1508
9527
8025
2975
7624
5235
5269
3681
9961
6132
2339
8282
2468
951
7276
5892
1265
8930
342
7470
2488
9253
1879
6763
6270
136
5998
1608
8083
4157
8849
3963
491
8994
16
8250
7416
7269
5487
6786
1354
6785
9260
8536
4877
1076
1124
970
4626
3472
6065
8391
9458
8285
6824
135
7131
9722
5179
4657
2773
2711
5056
6619
2897
7564
9612
3302
3209
7441
8196
7214
4891
6883
6617
6325
1650
1217
2683
9519
256
4497
9946
3791
5778
3023
9364
4710
5276
4941
5065
5310
4594
9054
2856
9743
7226
6446
4955
2558
4561
2786
7621
9720
2860
8713
3848
6667
8966
6224
3044
1179
1115
3665
7133
7224
7838
5362
4557
9986
1624
2517
3523
1168
2870
3299
4494
4136
3577
7985
8237
4154
4087
6221
9639
9885
3394
2057
4464
5293
3215
2474
9979
2722
3194
829
528
2442
3285
5325
3199
9702
8727
8550
4320
1316
659
7569
4601
8300
3697
4587
5511
3686
4042
9708
8534
6785
657
4820
4922
3327
5621
1967
5621
1753
8740
3833
2158
3971
3122
2321
9436
8463
309
9290
1176
2070
2741
6642
6799
4056
2783
6084
2074
394
1387
3695
3927
2809
4628
1578
1275
1453
7759
5400
5196
8344
2620
4742
1911
3184
9055
5972
4245
3005
6786
9151
2532
4865
124
2861
9823
1988
6057
5140
2762
120
1089
8099
9844
766
5095
9684
6841
7041
1445
4393
3394
5935
2656
4411
1161
1816
3765
4465
5053
8735
2751
5504
1014
351
5154
6647
5715
8106
2863
9778
4385
2209
4094
8091
3754
9140
9451
6173
5801
884
3956
7838
1044
1132
4592
3354
9190
7747
3090
624
7917
308
8461
3258
7277
1510
4491
7205
8652
48
6167
9417
1211
6233
2495
835
7700
5768
9819
188
5606
5535
7211
5275
8118
6641
7620
8062
580
6617
6584
6017
1466
1988
1073
1814
7191
7090
2718
9487
5835
7610
9278
3924
6948
4662
263
6174
2833
584
2986
2204
4840
4944
983
8888
2318
3477
3225
9806
2892
5372
636
3765
5768
6633
9536
167
4577
8063
7379
9058
5961
2502
5704
7394
7956
9566
6066
5285
5522
5804
8639
6705
7970
4841
6368
2482
5902
8085
5776
2135
418
4083
8180
3585
6553
3078
1809
581
4124
1023
5235
7557
2552
6181
6268
8726
7716
3918
551
8333
2066
1458
9477
7047
2030
5878
6446
3113
3007
7528
9579
9885
5132
7061
6947
3351
2425
9619
9931
6091
8270
2528
4360
5409
3506
7025
4702
9922
7648
5074
1338
7440
1857
7466
6097
8697
9545
5461
3037
3478
761
7405
5479
7087
5887
8604
6092
9814
6415
3548
8726
1578
4731
5452
6354
5463
1219
9911
2147
2022
4468
7764
8972
1677
1596
3288
3277
6472
5367
4499
9400
7393
1800
3633
1254
5784
75
1415
9693
786
51
4456
3416
3562
668
8372
3346
4940
4031
6668
3293
7835
6502
614
6139
5478
1748
4006
6342
6617
1965
3233
3365
2966
3631
6871
7088
6038
9648
4878
7637
170
1611
7233
7126
5312
2631
9012
4319
1831
9444
7273
7605
9594
8770
4617
217
5425
3402
4327
3058
9568
2817
5813
1268
6974
3494
1294
3832
9425
9946
1829
4650
9184
451
8093
7910
9403
598
7617
1156
5686
2052
612
1130
8723
9758
133
4323
4807
9324
5361
3101
6974
7110
9903
2855
9025
245
1921
7658
275
1096
2775
6249
1277
401
8502
8564
5744
9382
4065
6359
2963
1373
4092
6091
5961
5771
4240
4430
4046
8627
2362
3549
2743
6353
5002
7264
2995
4140
3980
721
1353
9479
9925
7806
5611
7101
8206
7281
1917
8771
829
1732
8976
124
277
6007
4666
8523
2668
5752
9653
8477
7900
7417
5118
8103
1941
1739
2955
5932
9966
3407
3266
8327
6069
3109
9036
2706
3298
572
5626
953
7528
3570
3700
2861
1326
4636
4788
6353
6862
4752
6257
928
110
3385
9282
9501
9642
653
7326
9487
4045
5885
8257
2724
7977
7651
461
5895
5234
4988
1620
604
8689
5323
8150
4317
4944
2172
1907
237
8515
5803
1964
570
8325
3471
2352
243
8037
5871
470
9480
2297
5433
3634
636
5183
369
7639
392
2495
213
4959
1067
3883
7117
1623
5396
1355
5308
2702
3019
3096
6045
1958
50
5228
6266
3806
9590
9695
9723
7188
8222
3258
1276
3214
5020
3786
7329
4413
5227
1759
7692
5088
6931
9107
5783
3032
8022
4740
8850
4978
3237
153
9479
7392
1200
6163
4378
43
1415
4187
2316
2396
7162
9141
5390
6785
3103
4130
4285
8104
2124
6432
4170
2392
3764
1574
679
1498
1887
9855
8728
8938
2845
3906
1152
819
6756
2644
2469
547
2331
6048
5005
1114
9008
3035
4597
4524
9292
3777
8910
101
659
1868
9142
8008
922
217
2332
1976
501
1592
9868
3361
2129
5892
3376
5965
6210
7406
4235
387
1929
3368
4474
3557
818
3537
7371
2335
2227
2291
2463
5313
8811
8278
4500
4212
9884
6869
4753
4311
1747
7229
897
6037
3255
9369
9758
295
7124
5858
7678
5393
8346
5853
9942
1715
7678
7477
438
6140
5942
5083
9737
7886
1825
1948
1304
9351
5910
8128
3659
3772
1928
1144
7541
4298
3164
1242
1351
9021
4332
2895
4775
3974
6022
5589
1871
926
9607
7227
2295
6238
7693
8665
5507
3698
1112
5384
8639
4527
9744
497
2022
3986
1203
3509
9248
583
8671
6176
5099
814
3178
9931
7155
3991
5822
3819
1756
9034
4922
4874
2557
3781
6835
5980
8308
2439
6111
6168
4223
7358
8267
3827
9683
6868
3160
1753
2851
3644
7876
3699
2429
3260
4454
5284
9577
8346
791
5450
8546
5948
5715
6255
9449
2714
53
1690
807
9796
8537
4279
9700
1413
2687
6109
1099
3032
7869
359
9389
5303
7652
2762
395
4794
295
4312
4735
7432
3080
5702
8984
2054
8737
5801
4739
2554
7674
3417
6957
1808
4810
63
8482
1593
8617
7234
4155
2305
4943
8406
381
8062
4729
4162
4348
3611
9658
3885
1730
8927
7651
4454
8886
8982
1300
6033
9162
1477
7154
6220
4670
7343
951
4218
1324
6441
8803
735
8867
8777
6888
6612
1180
8047
5275
9140
40
5743
3431
7094
2237
840
3690
2367
2831
5707
5707
558
3766
4951
2718
9190
7766
1490
6390
811
6784
7197
1002
2968
4890
3930
6730
65
4219
3499
9393
2069
2165
4728
1453
7410
4389
1047
579
1257
3991
6097
6680
7742
3497
1511
2451
8731
5131
7787
1523
1344
1478
8869
2955
9701
5274
7335
5582
3806
33
4112
9030
8870
424
4153
1785
4105
9273
9660
1829
522
2099
2069
5701
3004
6013
1178
8654
5443
5571
2612
2317
8262
4531
1309
729
2877
8665
5917
1884
5276
2291
1316
5503
8710
2758
2144
6114
5548
9301
8974
3946
3595
5952
4186
5176
386
3426
2626
436
5022
2593
4179
7065
6984
6014
9057
8834
6212
5177
3638
5933
8020
5782
8618
2472
7736
363
2942
4058
5600
2071
7286
3255
5343
8529
1696
8033
3310
6815
2132
2318
9984
4188
5422
2924
290
1376
9014
4740
5792
1947
8536
553
2673
5757
5176
1440
6222
437
6892
9882
6927
7029
5280
3775
1405
8625
7893
7040
4304
9987
6819
3467
7270
8305
8388
1120
7255
5703
8127
2960
1430
3222
1157
8351
8417
9298
5740
17
6638
5180
3177
9808
319
7305
6852
1939
100
3336
2737
9051
2423
1664
6305
742
9797
2008
3375
1634
2596
2601
5146
5593
464
5615
8840
2600
6483
1441
7675
4657
652
224
350
5635
9337
8506
492
2994
8321
862
338
2574
3615
6824
4361
321
8909
4811
8726
1908
6292
2736
8918
9777
1825
8514
7234
6578
6232
9483
6298
1040
1316
4869
1555
5445
897
2243
7082
1944
7597
913
7897
8734
6138
118
8807
4573
2407
6518
2167
8890
311
6276
4966
7815
8189
4658
3804
4035
8449
8472
7401
4840
1528
2800
580
8854
6709
4294
8825
1408
5150
7001
2710
8754
8524
9737
532
5833
7207
4507
8432
64
6727
5677
7761
9718
585
241
3296
145
4938
2691
2884
2253
5907
2559
8689
1520
5275
3009
7930
1622
6239
9354
7075
5160
7741
4480
4960
1727
8438
1963
5951
5904
6930
7709
5644
6816
7653
92
8151
1289
2727
1242
6745
3064
2135
1372
8537
4983
8128
3269
8572
1142
4682
6331
2333
9655
2112
8212
3987
5208
5550
8196
5777
2154
5687
8254
5634
5299
8021
2120
8740
7789
7057
5373
3290
4845
4087
3635
5335
8106
2297
9582
5467
1894
2673
3722
5377
6093
9010
9187
3701
2840
9570
497
7842
1944
5034
459
3575
9065
4896
8609
2786
8825
1058
1488
8565
1616
2036
4548
2161
4545
6914
8156
7129
6699
4459
7842
8037
5146
6689
565
4187
4428
8034
3607
3714
4110
3681
4165
943
9651
7374
6080
5109
4336
326
8045
240
5872
4920
269
3343
627
698
2343
5418
5683
4349
1665
6375
6448
4147
9558
1224
124
135
1716
5779
70
6389
6305
2418
8577
6503
9396
2786
8171
8222
7471
3358
1223
8578
264
4674
891
9292
4382
1404
5991
7959
7051
6358
1420
6338
4294
8682
2401
178
3802
2275
1314
3085
158
1705
2473
124
8737
6386
7852
243
9916
6136
5554
9702
9631
5544
3271
3026
9122
885
1408
3566
2952
7321
6053
9369
9348
5518
6150
5988
6252
4857
9472
1922
3707
5420
4993
7132
2465
3610
1613
5340
5313
3970
7616
9535
3364
8810
3030
9290
7799
7745
539
6206
1188
669
3472
8275
3293
9368
7188
2688
6408
5735
996
1519
385
2364
1013
1525
7455
3113
7563
7330
3286
2319
2613
7778
3344
5103
7667
6604
6675
7429
7466
9724
6036
6410
3010
4315
4662
5129
8747
9651
9000
857
7094
9595
1899
2533
4228
8462
1069
6999
2175
9889
2762
1025
2991
169
9660
7801
5028
7225
601
4937
1752
2177
798
8852
6237
1272
3996
8924
8399
6108
6670
2639
9563
7808
8384
8233
6028
5053
2352
4239
6008
5907
5733
7555
6304
1684
1420
4829
8282
6810
324
3012
4679
7500
7443
4286
30
8417
5832
2493
2612
4600
1254
3374
143
8717
4562
227
7198
1738
2117
5403
5942
8472
5907
5986
2780
2136
7141
3750
9542
7174
6455
3900
6736
5636
7990
8343
3502
4331
4093
6369
1042
9841
4263
8437
658
8441
1677
8818
5029
3099
639
863
8612
8338
9805
395
9230
1536
8397
2564
1776
4479
2162
5789
1765
6907
3496
2074
1634
1523
7472
6208
82
6724
9986
8512
3246
3728
9506
3685
7234
6009
4557
6329
2832
3382
4621
1278
9352
6639
8664
7135
9705
5559
8147
4465
6950
4652
9083
7364
9560
1017
6955
5223
4705
6635
9841
4
8566
5323
7893
2955
4267
6972
4477
1277
1018
953
5240
3056
3674
758
8079
2862
869
503
3384
6548
3829
1250
5700
6329
5615
8149
3548
4769
7465
7931
1264
3970
4188
5925
8192
2726
9251
8058
4822
8288
5984
7035
135
7237
7215
4822
5046
6684
9146
6088
7138
8094
849
4484
7707
2387
3040
734
7063
6888
284
5558
33
4110
7092
4766
5925
5434
9675
4026
3247
2139
5580
5375
1560
5646
35
6151
6565
298
7860
2057
1944
5997
9904
6644
382
3402
6025
7515
5225
8384
6160
5151
3469
3821
2362
6740
2159
4237
1165
9370
5559
9609
6337
8070
1638
7034
6101
473
3360
9426
7964
9063
2246
1483
5339
6302
6268
8093
5484
3897
7264
7221
6278
4972
7384
2457
9032
5357
4201
4011
5551
5630
9248
376
575
4708
1475
265
5730
4923
7895
5124
3734
5044
4003
2267
6584
7536
2720
5375
674
802
5114
7490
9274
2544
101
9221
8808
9271
992
2517
3093
3777
9470
1153
3744
7024
6845
6368
6740
9873
2897
1778
8312
7644
1491
3229
7957
3452
7865
2407
2861
5385
7087
813
7907
9086
5539
295
928
6634
8691
4575
9802
8952
438
7695
5229
1452
1347
1930
9378
2816
157
3160
562
8355
4519
9907
6586
4980
548
9758
4667
8247
8433
8630
5488
3705
8838
4366
8226
6651
9172
9221
5840
201
8907
6262
592
2686
2299
9627
5636
3992
1385
1262
3826
4288
7836
2858
1786
1630
1282
7826
7036
364
3880
2814
1022
9528
234
4999
5851
9020
4226
2677
7624
9774
3901
7991
2785
2454
4546
5942
3596
8244
8644
9609
2074
4762
7723
2454
9435
3979
2442
4785
2435
4705
7747
9031
3662
1196
3916
3392
6980
5633
4075
7920
2284
6760
3693
6167
1153
985
4796
9878
7754
8060
2976
5026
5387
2543
1159
3892
6286
2948
747
2451
8377
6852
3409
4986
5450
2761
9594
7224
8985
3845
6151
8320
2725
3628
657
6291
5342
3691
6359
3203
4885
5387
8305
8803
2384
6978
5742
3431
69
2039
7545
8824
3663
1327
8164
1700
1720
8727
7723
3242
3556
8148
3386
8834
9740
224
8024
64
4931
8314
9671
3007
5845
159
5174
3871
4777
6640
2311
542
5257
9412
275
6126
3528
5668
6357
5985
4055
5281
154
2286
7265
4713
5402
5953
2993
1458
1436
2662
1326
9374
9599
3285
5776
294
1973
7166
4637
2840
8224
7354
4804
4725
5961
7976
5818
5423
964
8056
8129
90
8574
4609
1746
1259
3616
6331
2815
8900
2001
8155
1776
2253
7113
4203
934
9106
7524
4521
2533
6091
4448
478
6211
1394
6717
4637
5037
9910
573
1581
9195
240
8806
8701
9436
7617
903
5683
1285
2956
9957
9662
8891
5079
560
5728
6115
2366
6522
2684
4921
5816
9529
2176
9987
7258
7905
4558
870
9190
8529
3432
6866
8011
9286
6920
1508
4102
8593
7800
1598
2461
6773
9870
6167
3987
1660
4356
4291
7907
1429
9726
7948
843
7888
284
9343
6027
7833
5740
8097
3812
4045
4067
9695
1534
1762
9317
5246
6555
9872
2092
1333
8996
6576
7518
5625
4963
4947
4207
6922
7150
8639
6782
795
446
3848
880
9914
3668
5158
4573
3601
3718
8648
4230
2442
5014
1623
5563
3241
5933
8504
1146
3369
7449
5821
99
5879
8005
7375
9662
4114
9680
2976
5081
4666
3080
549
5270
5829
5321
5983
9016
4420
6082
5390
1229
8163
9963
1314
8557
8172
4342
5862
8031
8381
8603
1229
9420
5271
2977
4310
5232
119
9235
7643
2703
6661
9326
9630
4982
5078
3444
692
8755
4862
5460
9464
9146
1546
7297
6517
8673
6529
4391
1090
4703
2834
4123
4249
7507
8066
4104
6380
4620
1573
5372
3841
7629
34
305
339
4945
9685
5086
2264
3861
4476
8097
6257
7008
9485
4380
449
3584
9666
1036
2597
4402
6374
8423
7358
6783
9721
9176
8262
9062
4883
2237
9372
5774
8588
4200
4658
8782
1115
7423
888
4263
2009
6632
1269
5389
231
9376
9737
2561
6789
637
6958
8917
159
6920
6999
9295
3783
3938
9890
8405
5605
804
9351
9365
5105
8356
151
8002
2406
1950
5672
4245
6109
630
8463
6241
4003
5256
4536
2081
7345
5322
5052
4536
1546
3018
6586
8411
4456
5573
3992
3275
8052
3659
5839
4238
3251
4324
1937
8668
175
7605
2700
2578
7556
3739
590
8382
9125
2370
8927
4964
7998
4197
6333
686
8966
3726
4661
6001
4774
3766
1536
4341
4793
3378
4070
765
3122
855
6637
2210
6494
9206
8580
9605
9974
1577
764
8373
8929
3948
1260
3575
7357
3440
210
7543
8584
3128
2784
3897
757
225
4052
7321
3625
8916
8755
3602
5241
5450
9681
7909
6552
2183
2083
554
3329
8416
3171
4968
6553
7265
508
8119
451
7545
9243
1901
2688
7084
7398
1418
9896
38
9863
5253
601
2854
4489
604
9252
4096
9040
9192
6628
7009
6614
4204
6707
4447
112
5660
4121
8846
8692
118
1027
7568
4736
589
4952
2356
123
8706
505
6448
6255
5731
8494
269
9754
2645
1039
3499
3654
2265
8869
382
59
9978
3109
9749
9168
281
4615
2633
2099
794
418
4881
6233
7823
7380
5993
707
8578
7120
3645
285
2318
521
1396
4174
190
9719
8485
5391
2475
5720
725
7567
9621
1710
2499
8625
2564
9358
8608
5400
7628
1536
6730
2279
6913
5876
1670
2239
3363
5891
5157
411
7254
859
5021
7721
6559
2427
8402
5360
8546
6236
3511
4358
8750
8191
3588
7624
1724
6472
3779
7268
2270
320
8303
7198
138
8292
3891
5909
2356
4237
8585
1940
7123
3462
7558
6539
3423
9617
803
4434
9883
9653
792
5499
1868
573
5242
1317
5328
1344
3895
2637
5971
5798
9473
9693
2886
2804
4871
904
7121
555
9647
9008
4895
9269
6679
4806
3724
7071
4203
3940
6578
935
2223
4036
6159
9197
302
2676
3859
8226
5043
5973
3423
5861
8060
6248
794
6228
442
2216
1499
8250
8289
8773
3895
4771
7820
7767
8762
4643
84
5449
2724
6051
2292
7030
4475
9853
3889
9806
8640
6802
585
5235
1616
2045
3020
6845
323
3941
470
445
8523
1020
5423
1935
3072
9298
1576
6711
8269
4817
5203
6767
2177
4835
1112
5366
4382
9773
7388
9596
9369
7606
3096
4032
8211
9414
4374
8628
9228
278
6734
4910
8314
5372
1917
4255
6182
7817
5078
3157
4551
4116
1477
455
6
5720
2252
7822
8707
7333
222
6687
9758
8561
3203
3705
6298
8363
4959
4934
9062
6744
8689
2794
2296
5112
9200
3303
8807
5530
1914
5105
1872
9990
5166
6947
3468
1033
4560
8879
4583
1298
9353
7735
4529
4358
3013
3677
9992
5789
3529
7662
9342
5476
8783
5443
2263
8458
5437
2163
8904
1009
7689
2981
4348
8703
2395
8400
5901
898
5528
4996
6618
8680
4408
8511
7250
1391
5788
5099
4832
5216
2295
352
7353
7854
9549
7815
9227
3036
1939
3139
3994
8138
6142
4105
1466
5578
5212
3572
7976
1499
8195
3672
1299
7413
8376
676
7518
1681
2345
1664
120
283
3340
9217
9142
4345
8058
1264
7223
5470
4081
9036
9619
7798
8044
9334
115
4992
9900
13
9930
1483
1246
8221
2034
5089
2320
4960
6825
4214
1075
4074
2225
1379
7826
8922
9776
5152
4175
1073
7402
9676
2442
2148
4108
5692
9056
3880
2591
30
7219
7854
2430
7999
1745
2967
8214
2162
6863
5623
1587
2484
7381
2189
5275
6284
9926
9519
2382
3429
1980
40
7234
5494
5899
3349
78
3971
815
7614
15
4624
9926
4747
836
2865
976
5188
4268
4551
100
343
177
1689
985
4392
4084
906
9042
7158
9633
7707
306
2662
8382
7500
1540
506
235
6899
8815
5922
6319
572
9736
9071
9363
6000
8542
6394
5354
4534
8725
36
741
2376
6935
2345
2421
4608
138
2347
4214
8165
6486
1715
4439
7996
4832
4141
1305
2194
4996
2876
1959
4442
8732
5535
551
7849
9080
9100
3890
1699
7365
4684
6906
5769
9811
1306
648
1737
8031
3869
9530
3466
4983
1691
65
6983
3691
6190
9095
5667
2677
4088
3077
5951
3237
8101
2926
7651
7483
1785
6455
8941
9044
3096
6868
1793
7565
9063
1610
7040
3798
6660
2052
6106
1700
5375
6134
8152
2665
7979
6313
9056
4915
5559
2380
9696
5032
4020
3133
2400
7107
3890
8360
1198
3191
8873
8688
3091
4765
3164
1769
4667
6967
9358
3874
8555
4257
2401
2585
2068
1330
3958
4698
9801
6688
6149
3218
4129
4311
2279
6964
4941
1715
1726
1812
1343
5642
7990
5097
4429
7318
731
642
707
4566
9136
7642
4768
1722
3650
1941
7101
3450
510
8975
8215
9720
3858
575
1990
3844
9337
3080
7720
5170
8449
6092
3032
2615
9817
6049
6682
4964
7718
5901
3260
7244
412
4249
4631
4621
6164
7738
8734
1811
2029
9623
658
607
48
235
9529
8524
108
1316
6788
290
8259
1780
2606
8260
5372
9566
5227
8372
2557
2952
8820
7769
9433
1895
8948
4392
4417
5984
7776
3877
9044
3889
4438
7026
6250
1955
3038
5579
5869
9648
3729
2906
8448
7867
1338
7059
6343
668
1236
4907
2958
4660
7230
3480
7611
9070
3719
992
8792
3693
9036
446
8054
4077
8160
8695
1923
9565
843
9196
2502
9563
4689
7396
9911
8022
2357
3279
7265
1477
3107
9187
228
4455
9303
8047
8677
7784
6030
4794
5519
6711
236
5040
3762
6655
1351
2295
6891
7542
1236
7681
4088
2129
3004
1745
9358
6205
366
5107
8819
44
265
3175
4808
5135
5129
8779
7766
5934
3177
3273
4219
7494
3899
2666
8628
9004
6394
1012
6602
9074
3863
2038
7083
108
1843
5962
7973
4948
9909
9801
542
5052
6430
2094
8380
3040
8993
4560
7722
3315
1525
6567
4684
4618
5843
1510
9803
1216
7124
6744
7856
2830
8360
1354
8533
3569
6853
9953
4882
9406
9697
4163
269
6184
5059
8238
422
7967
6808
8125
182
7009
5912
5376
2752
1323
9760
8972
6696
1207
8262
1597
8607
9996
7476
2033
7689
2585
7362
6676
6747
9197
7041
3673
6673
1004
5988
1074
5743
3091
3724
756
1266
2292
8427
9374
4631
8319
9482
8038
8195
1035
5586
809
3585
4094
7067
1281
713
2367
4398
8447
3651
810
9323
5865
9595
3970
1981
2079
5273
8242
3213
502
5746
1685
5805
2652
4441
2330
3159
7762
1526
9642
8605
7225
4479
5915
7537
9111
8
5083
8519
5534
9738
8280
5471
3965
5041
5066
6264
9208
6828
9225
7002
7444
1037
2441
589
7617
4607
7452
9754
647
9279
9135
5282
2210
3931
7277
4919
3753
9471
6726
9575
9307
7335
967
6239
3628
194
1602
4909
1943
1513
2702
7543
8872
5267
9095
1129
7155
2183
6719
7898
8111
6325
1235
9644
2559
7622
6455
5358
7155
2821
4678
5149
3818
3209
1337
1574
5523
7900
4065
5186
1690
4869
8448
9488
6559
3178
4007
3387
2265
9555
7405
8573
5553
2304
626
7066
9778
5280
378
6936
4288
7954
6578
1596
7874
7270
2434
1964
4113
8493
5783
9382
591
7581
2303
4160
3807
7191
5265
2355
4488
8078
9925
9429
7295
2901
2061
9710
9576
6058
7065
8912
642
291
4050
6821
3450
5966
4241
372
3133
7305
2043
1030
6881
5964
7434
3140
9383
3598
2271
6073
2938
9036
3938
870
4876
9083
1821
8333
9898
9674
6004
4722
8700
946
2100
6848
261
8370
3006
7579
8810
9600
3012
7890
9963
9807
7768
8011
870
3307
805
2966
750
7485
6416
7600
5368
897
3074
2668
8173
3341
105
6272
7051
5935
3143
2649
6718
9552
8168
7860
8470
8305
5330
9243
4028
7154
9531
3106
4655
4262
6866
8350
8199
5397
2629
9240
5356
2395
1357
8695
9500
6634
2736
75
6311
8337
4649
4628
9497
1045
3015
1095
9293
3709
3767
2726
3341
1077
5116
1132
75
9584
3940
4988
5624
7305
7269
189
5109
7086
8215
3793
6875
4898
2970
1629
5070
4680
6418
9341
3788
146
4107
31
7276
5286
341
7296
9447
8299
4149
8206
2550
9234
3216
8927
8675
8242
8823
6448
9948
3856
4516
8074
2905
7749
4391
3331
2739
5530
7848
9604
169
2534
5823
9676
612
6418
8192
1943
3987
8585
7598
7642
9688
2667
2181
7350
1556
7010
6662
7826
4256
3234
7409
8286
4003
3726
339
4901
8557
4980
1958
5744
414
2542
2225
3244
9896
7943
3341
1912
1170
9224
7176
8960
1383
9276
8075
154
9823
5879
9062
9137
6452
2995
7739
9231
7552
9474
8861
7336
1647
1934
2693
1830
3309
1182
6764
3480
3784
8864
8257
6194
6246
1350
5825
141
714
9275
6551
3435
8915
8235
8702
3204
1287
5037
7697
6938
5955
1866
142
3829
4862
8380
5178
7999
3177
9263
9210
4540
641
9554
2942
2139
2636
1928
9543
7858
8450
4852
8655
1723
452
5709
1961
2489
9685
2947
2323
2424
7392
7267
4152
3226
9061
3535
481
6280
9623
1660
6020
2075
6098
4829
4881
1011
6569
1062
2861
7487
7304
9437
3959
1936
230
6230
9043
353
2588
8658
3880
6676
4976
9704
4942
7071
4468
5418
8612
8790
6091
1160
4678
2498
1271
2946
1963
1356
4819
261
7259
3604
2212
4592
9070
7366
9274
5593
5156
2881
5462
7525
4534
4169
6236
535
180
5653
655
2681
2728
6961
2273
9993
3946
8887
5207
595
2644
9174
1370
84
4213
9011
7979
6390
5233
503
4828
8018
868
3991
3106
5872
539
1305
3415
5158
427
6855
3046
5133
9033
3096
7786
5511
2503
7553
9536
4404
2565
1408
9103
3473
3208
2744
5553
9039
5031
1170
9956
2709
1666
7490
8702
6474
6896
5950
310
6162
3096
2005
284
8027
9687
5080
1768
938
1343
196
1095
9220
110
9211
36
6057
71
1208
3566
9214
9415
861
5009
1147
6674
8518
5980
8516
1208
5829
1044
2912
3183
1290
8289
2017
1072
9228
6570
655
9870
350
215
4267
2781
8678
2084
3623
1320
9569
1924
8368
4285
8198
6109
1096
4780
6848
4992
535
9724
2234
8009
9233
3887
2724
6091
6551
9607
382
8383
9674
3828
5689
5999
1095
1136
4794
9086
9685
7791
7529
691
6757
8795
22
8475
2266
9517
622
6868
831
7193
3032
7230
9487
2903
9040
9357
4503
7969
7058
4031
9588
3271
8905
5695
1840
6445
3046
6882
2431
4446
5043
8158
9369
8321
4372
750
8456
4717
2914
960
6690
8341
8570
9608
3865
6101
5973
8584
7087
5492
5354
3999
4414
1187
3239
814
4709
9443
2919
3773
5501
7934
8043
8499
8130
9993
5813
1894
5325
8205
3345
9140
8485
4606
5210
6967
5757
9672
812
531
3036
7637
9392
9126
4242
9173
6266
8722
225
4784
5770
4846
3345
4808
1352
9577
4703
1713
8254
237
6332
8280
2596
6855
5593
4353
771
2361
7348
4444
6195
4322
7864
9187
2181
7846
9013
9870
404
2158
7253
9824
8793
8660
9559
1344
6996
335
4968
9348
8577
3578
2964
2170
2965
3708
191
8128
9724
7469
6917
6595
3207
5432
4826
5264
8266
6181
4931
2608
6101
3621
3343
8479
2360
4341
2907
6103
2784
123
6064
7768
5297
414
6547
413
2120
999
7926
129
2659
9650
6959
5035
6799
3230
8379
1894
9800
8021
9139
5648
19
6401
7264
5516
9573
5145
4999
4717
909
8147
4677
5573
1551
2062
3615
4715
3246
7708
8395
3434
6524
1024
2282
4806
8861
1360
5593
3780
5354
6233
6420
6913
4456
1809
7332
5704
578
1380
286
8989
1903
8190
8390
5698
7961
3213
188
2124
1101
2907
5339
9121
1332
8478
880
3336
6299
6646
9575
1229
5600
9082
3307
708
9274
576
1957
8672
1279
6935
495
9761
4427
5085
5525
9758
7902
4048
7200
978
6179
3324
8495
8171
9259
6503
2166
456
2144
7928
4081
8287
362
179
6320
5502
645
1709
7263
2346
9448
4749
2289
6624
7723
502
1818
2619
8675
2768
6517
8562
7218
5139
22
3752
8443
6871
1056
4563
9420
5248
6302
6646
8451
4141
2288
5810
8974
3456
3238
5820
7705
851
2498
3501
7098
2407
9272
9126
9936
1575
8689
1589
7530
3593
4026
9172
4811
2782
9400
3502
4363
8532
153
9298
4616
2642
5961
1024
4400
3708
7192
1466
3793
2531
4203
3077
8913
7129
6133
9355
7263
1157
6629
4045
6674
8860
7404
9335
3021
7692
741
2473
9569
3268
3170
6840
3496
7029
5318
5378
8714
234
728
8491
9942
6462
4061
1392
7792
637
8564
7816
6206
210
7159
4215
6464
5997
6070
7179
3877
8685
3144
9182
9757
5231
2445
2800
819
7900
5717
9253
5859
7032
9053
207
2023
8077
6135
9357
5170
2225
8627
893
7801
5076
9355
7094
4267
7821
5978
7662
5125
284
5054
7128
433
6350
3761
2794
8699
5419
2501
8985
1029
3937
8821
5841
6160
4876
2899
6424
6958
8867
7353
3598
7326
9066
8624
7434
7039
8968
6119
1174
8825
7555
7936
900
9382
5931
3803
617
3491
2753
8382
4862
8741
3152
381
9286
2481
527
5886
3214
709
2692
9498
9274
3723
4033
5472
8653
9573
4713
1636
1538
353
1601
4772
8490
3692
7183
5807
4020
1064
8564
7996
5135
6473
8804
2946
9619
42
1749
2584
2705
1936
1046
1350
8786
3208
7198
9242
7700
9293
7991
6210
4064
6503
1818
874
3917
7746
4295
5064
1292
1927
6726
8458
3157
843
8041
3077
9201
5990
3105
7868
9041
7257
1648
3634
1273
7713
451
6081
3849
3406
2263
3338
9623
8227
9251
2350
4791
4818
9084
8305
3717
9066
7190
4732
5824
9695
9311
7660
3975
5075
3200
839
4681
9342
6057
9955
8696
8697
460
6282
3259
3314
3411
6912
6027
2237
5362
4874
8735
3699
884
414
1289
5357
3836
2160
3201
2049
5624
8352
4578
2447
3089
4543
8609
5187
6592
6026
9543
5001
3620
6710
8667
4671
1652
1399
8304
4823
5055
5407
4029
89
9583
4888
5366
9153
7578
9454
5933
955
151
2225
4384
5041
4069
9327
5519
6370
3913
9955
3086
2929
7133
3063
7070
4750
9359
274
6787
5274
8331
8599
4106
7633
8363
6596
7109
8977
7754
1469
6045
2546
158
2984
7296
4239
821
4758
4816
642
4600
2269
5826
1055
8880
6397
4351
540
6653
9764
419
9581
8501
5621
2060
7504
6441
7675
8995
9116
3689
5618
4037
1170
8610
7479
1109
6508
2948
8053
2205
6882
7927
4249
800
3499
7184
1950
5595
7662
5822
3142
8427
3211
8722
3050
9362
1821
720
1525
7055
7723
4699
6373
1826
1930
9055
4882
6962
8511
2668
8944
6120
4982
3400
979
894
7928
4611
4098
6607
6298
6354
3418
3889
4571
958
6701
5861
4038
3434
3253
8217
9407
4702
6821
3631
73
2494
9550
1622
6073
6164
7280
7607
383
8410
8029
5922
1741
7169
9978
683
5316
1836
3249
9254
692
4404
8791
9467
7325
1701
2687
3523
5431
9692
3615
6823
3401
7385
6138
3731
8109
1702
7771
5718
5754
3168
6023
9784
2823
9532
4658
3893
1384
2201
4157
3088
5452
4494
7446
9423
165
9963
684
3731
3761
9667
8792
8794
4721
7120
1356
1946
4163
7042
939
9841
7403
5294
4496
1657
8677
8199
8717
5220
2593
7547
4099
1419
665
6213
1648
2883
1745
7889
5197
690
5223
3937
2829
1779
6601
2562
7537
3491
8737
3236
1107
2444
5118
582
1615
236
9642
2263
6981
3513
571
2743
6781
502
3353
9342
1778
4742
3416
2741
7439
8803
1467
6476
8029
7428
5966
1517
2957
7535
5757
7796
8061
2356
7940
1226
8047
1174
4890
7138
611
3114
4
6403
8406
5210
2346
9254
4882
2938
3018
6591
8493
2208
6777
1659
2380
5546
6683
1954
5947
7424
2193
2675
8848
2034
4825
8547
4918
2458
7674
8700
1842
1794
3836
4829
7720
7066
1241
4155
5699
6773
1684
226
1864
7354
8327
7791
1973
5944
6544
3964
4310
6920
9865
3832
9060
8274
7409
7852
8095
4812
2034
9322
5143
2055
7258
1999
362
6729
2632
4492
3702
6795
4072
7055
5408
2194
4577
2203
5645
4451
9935
8988
5754
8204
4310
5789
5817
948
7336
9655
6017
6379
8315
6422
2045
7046
131
2063
4942
4153
31
3412
3746
7176
552
7124
2131
7337
792
920
6671
1898
7440
4996
6304
9553
1148
7778
1426
1632
2256
8752
9003
5563
6032
400
1114
6667
6581
9120
9346
6642
980
4517
6490
7533
4069
6741
5484
3874
8125
6232
1607
7689
3991
3609
8784
2733
5846
5792
560
8868
2684
2744
4163
4253
7799
3599
7011
1211
4742
4138
5480
5061
1283
6245
619
9004
6071
1139
692
1971
1636
9368
7057
3804
1795
2608
8647
1529
557
4013
5503
7149
5804
2051
8140
9355
4934
4779
6252
5332
1444
1486
5108
1069
6471
35
3663
8318
766
8367
9495
3215
4953
2272
3250
9303
4739
9468
9704
1577
8874
1891
8992
1023
3814
8659
8566
3901
2520
9888
9820
1514
2655
6789
3968
6753
8648
7313
275
65
8891
4388
6441
5248
8237
6683
518
9399
1469
2808
6230
7977
9444
8331
8641
8397
955
6737
165
8265
5143
502
5697
1531
3161
8960
3045
623
6460
5943
9315
537
6377
7079
1537
4561
5366
7062
2782
6204
2807
9293
2534
1707
8432
9297
8806
815
6968
9317
9696
4291
8013
3830
1883
5963
3677
7965
9874
9239
9927
4462
4997
5723
9141
4589
4403
8996
1370
8306
3374
7236
1384
4242
7412
1491
7203
1440
6384
4427
522
5862
3260
6222
1234
9014
8935
1387
7958
6350
4950
4079
9446
7324
6316
7743
5742
9649
5015
3318
2338
5066
4802
9229
2411
5043
946
1479
9062
3921
8636
8371
4896
1701
411
361
3587
1694
3892
8295
202
5453
1311
9936
776
333
9077
3046
576
2328
1060
4998
1143
5335
1536
7217
2411
6758
3538
2733
9688
9010
5665
3491
3102
883
6892
2441
6577
6901
2388
6718
7315
8321
3108
7654
5452
6896
3003
8627
3931
6538
581
6248
6922
626
3920
4120
688
4806
2639
7360
6909
8408
8743
3455
2920
4403
3407
325
458
52
2525
7540
4839
379
7084
3953
9401
3323
5937
1899
7376
8720
408
5951
3375
7501
693
9956
5473
2281
6562
2192
3278
2422
9964
3231
7828
8385
7916
240
8412
69
2640
8535
1210
8600
1324
5111
4884
4225
5192
5703
9930
111
5591
9518
9810
8969
7039
7170
8118
8774
1430
5878
2115
3236
5585
5345
2325
27
5842
1053
6590
4357
4763
8293
7931
2164
7297
5467
7981
4594
1434
5289
7899
6070
6844
7291
9060
2325
9264
9364
5654
1535
3767
3055
5034
8516
908
1015
8296
5972
1202
8475
4858
7193
4897
2423
4657
3874
7102
8581
7668
1129
4904
2508
3835
7035
6149
2202
8320
3072
9300
5224
9059
7017
7091
7114
3287
2717
7964
3505
3196
2451
1033
5121
5993
6183
9820
1290
2784
455
2315
4173
9660
7424
5149
7619
8032
7027
2056
8243
6547
2317
3326
1568
3652
5124
2508
452
309
4222
8527
6810
9738
6497
6876
8522
4925
3393
2951
1241
7340
5013
4787
5377
7840
5253
3538
5344
6334
3347
5296
5231
7108
1790
1928
2851
1213
3102
4590
6086
1171
6848
5299
2431
6906
6271
6886
6709
8472
2051
7538
9215
2488
2597
1118
8993
3851
7807
2085
1798
9194
8253
4852
225
4901
5995
8064
3140
4723
3669
1720
6694
3129
9889
6445
4134
1650
5152
7832
2921
423
6071
6351
632
4775
4914
1004
7424
814
6088
8299
4186
5193
7187
1342
7197
3283
2292
1443
9753
4611
585
5699
2750
4758
8065
5367
8957
6414
1887
6093
4294
6842
6828
377
5838
4470
8373
6929
3228
2928
7028
5471
5592
4600
5637
1416
8094
4816
3003
3434
4397
5257
320
8153
304
3805
9618
1748
142
2441
4749
4965
8451
2437
3011
5901
910
3117
8102
8873
5517
1946
8935
5173
9629
3452
4408
4639
8237
9416
1257
2482
1228
9139
3258
8958
3200
2556
1775
8321
1521
1443
8793
1805
158
3832
6370
2807
6999
128
9862
9717
6416
6127
8092
6093
7727
8403
6666
1824
8667
3297
4235
6568
6313
8962
1530
128
5957
7248
9216
6751
8523
4046
8883
4442
3210
8895
3478
6356
2929
6114
7604
3476
5213
8887
9569
4743
4732
7379
1941
3717
4128
351
8430
7119
1602
1848
4303
9631
2638
9180
5926
5889
8581
5181
4230
972
8774
7137
9192
9747
7352
5580
9922
8674
1827
7742
2889
4217
3738
4656
3242
1018
2997
761
4466
8826
702
9080
6718
4950
9458
9088
8517
5314
2100
7599
4877
1911
5620
2840
4366
7249
3436
4233
3236
2760
8295
3274
8367
3331
6128
8547
4657
9457
3524
5242
3295
1742
9416
8471
9340
871
305
3004
266
9565
4699
7529
632
922
5275
2824
8018
6267
647
3800
903
4536
2135
7686
1695
6186
7345
7971
3321
8823
7695
9479
3657
1781
5967
5290
256
9347
4598
1948
8535
6583
6968
1737
3086
5487
5284
7178
1122
4729
4018
8209
5602
715
2904
4277
157
1163
2894
4452
8034
5403
6022
2565
2436
2967
9289
7482
7977
2366
436
4376
5460
6182
9263
5861
8893
4971
8986
3504
5692
4536
5145
2103
8511
9666
1421
8350
7548
2475
715
2675
8027
1868
4225
7842
1273
835
2800
6399
1546
4400
7931
6692
3905
4799
2817
9965
1261
5839
8805
639
2536
274
8101
5178
9658
4890
4284
2796
2254
5853
5671
5100
5256
6362
4031
6009
5704
3987
7065
3548
6655
1336
9031
9198
513
3520
1012
5130
6045
5621
1195
4053
6212
4907
2983
8082
8656
4189
9544
3548
8081
6865
3511
4950
7690
1710
5294
7984
4581
5229
6978
3842
6835
7963
2027
2417
5749
7582
8209
8264
1917
4833
2059
3328
420
1541
5028
6454
6152
966
120
5146
7974
7334
2203
3048
2879
6841
4623
9119
5313
1042
2960
7891
1423
5637
3411
5614
9873
6929
3982
6500
2096
3011
6716
8583
7783
8127
9673
8254
802
884
4343
7101
1534
4452
8496
7486
3331
740
5640
6740
7034
1332
8484
2426
206
4851
5418
5879
7991
697
8462
8257
2303
2557
5272
9596
9408
4627
1758
1676
7610
3068
7054
1275
2561
1981
4147
1719
4226
8739
2402
771
9927
7925
5784
4752
7368
6854
3258
4134
6889
8861
586
2450
1189
5385
2722
3407
6805
3956
9016
3317
890
749
5943
9234
5609
1180
8101
381
2718
8806
7684
2370
5860
915
6951
7348
570
2517
7350
1475
5642
3090
9627
4567
5048
234
311
3092
1504
24
8948
4242
3275
8458
5824
784
7469
1022
2613
7888
9940
7177
3274
7199
82
9018
6147
4998
3218
2234
6471
9712
6091
6759
381
8245
4493
6956
4792
2954
4586
3306
1523
3632
9810
2479
7427
6453
439
5445
8767
1445
3636
6295
6106
9349
5277
26
8960
2736
7614
2555
3577
1210
7683
1071
1373
5865
6916
2583
4308
756
9905
2972
2019
9995
1382
709
5810
1856
1570
639
6115
2954
4795
6434
6746
6280
1561
855
3571
8614
8370
5224
7060
3577
6495
9779
5710
5358
6334
1325
8025
605
5209
5812
39
6097
8958
2510
3081
9009
2172
9550
4694
412
9295
9316
9469
4491
4179
7102
2203
1401
7936
9066
9549
5577
1416
6048
4106
7721
5491
7338
5951
2025
1406
3175
804
7380
5154
5537
3702
5291
1262
1278
4913
1715
484
2610
6049
389
5000
3787
5278
5466
8703
1118
1855
6321
9102
2774
1270
9530
9306
3024
3672
9087
7133
8477
6859
6645
3033
1248
6054
5723
7638
9332
3410
8608
708
5072
8986
5205
9189
6545
8365
7669
1918
1402
9936
1397
8437
2345
2116
1598
119
4288
8845
2411
1382
4316
9017
1684
582
5182
4166
5027
2898
2468
2072
3920
4825
2842
3594
5115
5605
1791
327
2454
7954
605
928
4565
5241
5579
2477
8076
1199
2098
9356
2519
7304
5970
535
794
100
2
2574
3972
7902
3276
1837
3645
7990
9922
5269
8426
4115
9552
3419
3826
6277
4286
352
4715
7442
653
7444
4936
6113
7057
9018
2328
1116
411
8727
9761
5112
731
7668
807
5743
8633
1752
3241
1722
2016
8317
7804
5553
5244
6137
9393
2554
4666
3009
8942
4266
7967
3104
4711
5181
43
3058
334
8534
5558
9750
6358
209
3112
8455
4191
263
9456
2694
3667
2249
798
3822
6096
4013
5325
8843
2821
773
9279
5220
4231
7060
9547
5819
656
4216
9007
7535
9028
9297
8432
3164
5535
61
9685
5881
1245
3353
2604
9597
3497
6253
7377
8642
2717
6634
2474
8616
7426
8798
5675
7334
8463
6863
8404
2158
4046
1827
312
844
626
5983
5547
5871
2305
4360
1115
831
5002
8904
9716
4780
9659
8491
5039
8595
5909
4656
8111
7066
6468
6544
8535
3106
5354
303
3714
5528
6035
1573
3997
7652
9342
5575
3187
7065
8568
8467
2865
7118
320
3297
432
8688
7362
9881
8122
1698
7148
2243
9230
613
5687
7226
1850
7209
6719
802
6676
806
3925
2446
9315
7717
9332
1166
3418
3284
4016
5089
1683
9676
9299
3773
4020
7467
5670
9744
9279
1337
9781
9190
913
7419
8656
668
6707
9503
3186
9182
5823
9985
7337
4241
2429
8279
4002
3843
9872
8922
1088
9548
2862
3281
2882
8133
6068
3493
3782
8236
2112
7568
6767
4680
9183
4542
571
2487
9062
1644
4618
820
147
6436
574
2274
1379
1386
631
2958
9142
8915
4529
749
5793
9161
7114
5315
7790
2150
9854
6408
903
7531
7302
3312
1273
227
4463
4045
960
1204
8981
6225
6453
2272
274
4609
9623
1088
102
1112
2469
6666
2362
8609
1869
8352
6307
4866
3571
6315
4502
7189
9334
4125
6597
4158
7541
887
8248
7390
6790
180
9482
7213
8759
9398
3760
4477
8128
9321
830
3950
3360
5682
4065
5847
3135
7392
4393
7863
4830
4811
7523
7811
729
8274
4177
159
7431
6693
1060
702
9273
8251
7300
3565
1227
6364
2647
3427
1192
6505
5191
6707
979
3186
7074
2910
7343
1507
7783
6710
5129
3811
2039
4033
2536
2656
3554
5239
7127
6170
8736
3732
2006
3455
8424
1107
9301
6900
8165
297
2780
5840
3384
9697
4810
9394
8268
877
9801
2879
7626
4097
1823
9791
7719
8812
9950
2726
1034
6259
1287
7272
1892
2130
439
9982
9993
633
6276
5372
9805
4584
8520
1680
6664
7231
9233
6982
6836
4812
9221
3428
8411
4914
490
8804
3424
745
5741
9737
5330
925
2080
9276
1672
1094
4951
6248
5398
1570
6336
8462
6248
1563
1190
2341
8381
2258
6213
7952
770
5914
1189
2278
175
3353
5290
8827
5889
8300
2031
841
4303
656
938
2485
4343
4308
7370
6942
1021
2533
5845
3623
1989
6943
1692
8722
8045
4737
6989
6524
6863
1886
3871
3284
2889
9862
5505
9625
456
7297
279
4923
9470
6510
5418
4221
1467
1786
7206
6462
546
9517
4304
9857
4095
530
9861
260
4484
671
458
5676
6642
7469
4639
2043
186
147
6949
8641
4715
944
7008
8735
915
9841
8268
3632
4724
2139
799
3672
2748
6400
1789
2091
2732
9656
1628
8547
9604
6062
4844
2616
582
4970
6502
3110
5308
7518
1955
3066
7699
9669
8231
5765
4225
7921
3201
3063
3864
5248
8777
748
714
609
8984
8229
3380
1981
2353
9031
6966
2637
485
2954
8882
8133
9042
9829
8910
9904
3977
883
692
6006
5580
6188
402
6628
4156
7857
2543
2774
3783
7985
9740
9859
2756
7267
9755
1549
585
9087
2424
2455
9490
2731
5805
6290
6263
9492
5759
806
8234
8727
5656
3207
3159
9430
2234
188
169
7562
511
8004
8042
7967
7072
1581
307
3070
5881
9774
7131
9186
6279
3604
6020
8826
4347
8945
821
1378
7748
5754
9974
3145
9792
4624
7263
1864
1743
5612
1879
356
6047
6746
209
5101
5714
9168
502
8205
4382
6408
408
7893
806
5113
2631
8925
1958
9806
5442
9995
8828
3308
2941
6300
8612
2964
4019
1130
2554
1035
5608
4225
1117
2426
2836
296
1060
7486
7610
8948
8473
3876
5482
5432
609
8090
5107
5622
1284
5389
9207
3495
6346
7643
637
8225
5635
2554
3312
1459
7712
5092
838
8280
5165
5264
7214
6197
2675
6609
5823
4448
6252
9019
9291
3225
5990
2073
8753
6046
7059
8648
8783
6108
1757
2527
6855
3478
4333
5602
4465
2421
7241
5637
6628
2160
4480
9342
1619
5747
4899
4051
1077
4880
1252
8395
7200
720
7039
5701
5787
5703
1359
5798
3327
548
8745
8321
9472
8279
534
577
665
7831
1767
954
4699
674
2838
9590
1563
1811
3283
138
5917
8214
6067
4192
5815
4516
7941
4799
2413
847
2918
2180
418
2833
9021
5854
4519
6312
2818
1377
5837
3301
5076
3920
7436
8608
851
394
5555
8001
5710
9296
2527
3675
5100
2880
2243
99
347
9322
6043
2035
4766
6550
5307
9141
8768
156
8515
2848
2988
2996
8111
753
516
1440
1580
2622
6048
4031
4523
7936
9983
9769
5715
326
2644
182
8036
8718
6854
4230
5513
2757
7285
2941
7156
5005
3516
5905
1869
7627
5389
2980
1447
2470
6695
4812
4209
2357
9593
2906
8371
5065
4765
9667
8433
6258
6260
6960
1282
4898
5106
2664
8952
8106
5337
9670
108
1319
1608
2947
5783
2562
7112
9720
9624
5514
3249
4505
7622
3405
2726
170
5098
9761
2271
1933
7230
9989
4529
6871
8141
6790
332
1886
5664
7400
880
8963
2722
9247
8128
2197
611
6913
9612
9817
7755
5597
8047
5586
701
8447
5400
2406
5051
5485
8693
5845
9782
7002
9820
8659
8057
9451
2453
299
5344
5826
9117
6192
5238
1200
7633
9505
6661
2583
9506
5810
1303
5318
6346
8129
5354
6874
638
8674
8492
2478
2463
7143
915
1178
3974
3936
8457
1264
5927
1727
4
9522
1290
6180
1777
3122
5890
5383
2148
7007
3949
8138
5365
4779
8224
9607
275
8102
952
7349
5890
9209
9146
7348
5143
2522
6445
1939
5178
2544
5170
843
7113
1536
1887
7302
4357
4097
5598
2087
8672
4757
1317
1526
3345
2951
4013
430
858
2265
2718
9991
5003
6891
6405
1083
7006
8403
4554
6382
4301
9442
9268
5291
5041
675
5473
7449
7428
1003
2153
2455
601
4664
6861
1615
5461
5363
4935
8466
7779
3019
3648
8195
811
7039
8209
7669
2424
2511
38
9509
9548
9484
2374
3425
448
9583
2081
9330
8125
7153
3830
6850
1005
4034
6079
3412
298
6641
1691
7852
8373
2548
2312
9626
107
404
3706
6317
6595
6796
5683
5913
9293
2942
9473
204
2218
7340
1298
5802
6262
8141
3320
31
6647
3089
2739
4441
5388
7172
8425
5487
2467
2724
8476
8886
2971
7668
169
868
586
1647
8229
2922
3517
7087
2534
800
892
816
9315
8921
1321
8443
6047
2674
354
3461
4958
3431
7532
7059
8565
3871
3942
7511
9005
6863
1401
7925
9566
7773
2704
2593
1500
7510
1513
6628
3418
3416
8449
8872
9477
1047
7214
4169
6712
7427
8394
4515
5353
9556
1146
4627
2528
4405
1728
1320
6953
574
8852
5636
3624
6158
5940
9600
4502
1015
77
2012
8250
3140
4353
5823
4843
8431
2836
8640
5438
1685
5232
6554
230
3980
2749
5501
2691
357
5931
7635
5296
2152
4269
5118
8516
3937
4970
8993
2182
6311
2504
3801
7449
6694
2274
7699
3584
3412
4448
1196
581
8721
9642
5537
41
674
2569
2384
6288
1226
356
1084
6352
5165
3117
4533
8268
2660
9858
9782
1580
9751
428
8155
6092
9265
9843
3515
1948
9510
7865
8170
922
5176
8904
211
2001
2192
6427
8638
2535
1580
3715
240
4596
7625
8697
2371
861
2725
24
9831
2212
8453
1562
8892
6786
3368
6672
772
9768
9152
5295
4495
1253
1400
661
9743
2330
3420
4693
6701
250
9483
728
3135
2356
5155
988
4058
2290
1862
8869
6601
5495
9686
1802
4693
3560
1977
7586
6082
2879
1152
9431
4957
7764
7170
10
1757
4357
883
5657
4150
416
770
1670
6785
8264
1097
4548
4162
5793
9091
251
247
9685
8089
5314
1587
9494
7458
92
7804
1724
2996
7239
1286
7464
8503
8010
4254
7725
187
9257
8675
7127
2189
7670
2529
693
3449
147
7170
263
8813
9589
9327
3579
2034
6615
3438
5373
4569
4590
2280
1202
9163
8599
1177
2469
8578
8822
6308
7796
8725
8140
4057
3759
2052
3575
1006
6514
8850
5634
5495
3995
6703
9185
7715
9037
4766
4168
4981
7902
6607
4302
2967
5652
1295
9493
3443
9435
3134
8380
1567
6263
9256
2064
7677
3114
1296
730
1615
1967
5288
2703
8861
1434
4086
8711
7475
9949
4934
7279
9290
7713
5523
4905
8191
5267
8572
3563
673
152
7850
1379
7109
2387
1405
2769
3429
1018
7803
2915
9403
1185
9685
9630
6838
3241
2550
9525
7070
9599
9842
6888
7690
6373
8576
4835
1229
7832
7473
7255
9227
7686
4962
7683
7009
6397
5587
2774
7544
2516
4583
7177
9746
4626
7415
3225
9895
8814
6853
243
5537
8424
3900
7086
9885
9531
5114
6485
2642
4988
6228
4673
5869
1959
5765
4764
2178
1897
8012
4514
2503
7420
596
1304
7603
3816
2361
9926
5804
4043
6732
9973
5950
2754
6755
7021
3668
5197
7370
1479
8679
4304
3386
3076
4130
7137
8045
365
1292
1107
791
9602
8883
4780
4950
5697
1517
7577
6910
1089
8730
9805
1390
3235
5346
110
5917
7048
2530
2284
6533
8313
3859
6386
9915
7578
2264
7306
4168
7402
9485
1710
8740
6799
5537
9672
5120
2383
7913
6505
5127
4525
1666
6653
6088
1423
9353
3156
2596
9268
1359
5779
212
9087
3301
1570
3346
3576
6500
2704
4195
4163
4293
9432
3340
297
4219
6937
5531
9828
1858
6035
8414
8025
1652
6875
7946
6822
6086
3609
150
4486
8701
5744
2654
3099
355
576
6148
7108
8126
1968
3936
6071
4354
2979
5847
8983
4931
5065
4154
7042
2525
7841
2355
4942
2653
3226
8086
3850
9328
4834
532
3227
6918
9440
6926
2084
5216
1378
5539
6997
9020
9028
3315
2059
6179
1491
2672
760
693
7935
134
6275
5271
2143
4343
6924
4539
8212
7248
9501
8767
1801
2327
962
5695
3769
6380
7980
8379
4028
5043
7762
2902
5471
7226
14
6440
9431
8162
6101
2331
6572
6621
3363
5206
2165
5499
9025
399
9568
1597
1044
8292
3337
1635
702
1668
3852
9521
9183
4489
6985
8081
6056
8658
6906
6598
8882
3092
5618
6681
48
3143
8163
8118
2600
5579
8092
2627
1204
1719
1391
375
6395
3991
9833
1135
7685
5386
5588
8424
3249
1415
741
1934
1348
9737
7592
3695
4015
5490
2974
8638
7322
7967
4490
7684
4648
3940
199
7066
7888
3275
7839
527
6520
4672
2393
7803
4303
4916
2539
44
6414
4067
9602
2200
5021
9305
6537
7215
901
5546
101
7951
9817
6119
4258
3493
4009
6477
2071
1010
6940
3198
7990
991
760
6128
347
353
8934
9662
12
8056
4292
5211
3627
8168
5175
8598
313
3435
8665
4613
5429
7806
778
2283
8397
7086
2251
1210
9492
1408
7499
745
1920
5855
6692
7866
6503
8847
2215
2405
1236
4200
6489
5184
6032
3370
8823
2851
351
4074
2704
2513
7076
8213
601
1511
8520
407
2491
1909
8101
4814
1444
543
1432
3262
2273
8589
6643
903
5685
9223
3602
6443
4768
732
7685
3813
8908
2597
9602
5226
1186
3707
8940
8366
1175
5706
5363
6702
6577
7425
2733
3459
2154
4059
8045
3652
458
609
8177
3265
5388
1645
1560
7649
8781
9631
5952
8835
9832
6071
5886
7726
2725
7295
3983
2814
9854
4710
4883
8112
6144
8833
3101
765
7696
4364
3374
4861
5987
8824
7516
306
1064
6443
6538
8575
248
732
13
9152
2215
9633
8067
7209
8139
2730
9706
7432
8101
173
6014
4874
2267
2470
3223
9399
8688
2453
6360
389
5778
7770
437
3798
2019
1549
3912
1107
4645
159
2243
2461
4597
3499
6716
5927
7276
7606
7229
6447
4736
4535
739
1712
6905
783
5377
8543
6336
8727
2388
7818
9919
9006
4488
949
2089
3424
3082
515
1625
8644
9287
3090
7578
9728
7247
3335
500
4422
622
3248
1650
2555
7190
9624
5342
7368
774
3614
8895
8230
2503
9484
2271
7150
2191
3196
1615
9046
7117
9448
5109
336
5647
9085
1182
6570
6282
4711
5959
9586
7041
7012
9739
3199
789
2316
4192
7360
2022
7872
7922
3756
153
349
1800
4290
7615
3026
1665
7870
5989
5828
3771
9746
6884
1465
1586
1724
4083
8465
3211
1776
5931
8657
6482
714
9459
1867
3279
7780
6950
5629
1234
3474
9703
3103
1187
3662
1401
239
1511
3403
4424
6778
3265
7606
4521
555
8389
7938
3307
3046
7968
1014
8097
4757
5724
1345
5285
4813
2090
8125
4652
3986
7871
9880
7486
7173
7221
9631
3923
9649
5553
3875
5230
430
6468
7515
9807
2144
300
5931
8141
4977
5421
7977
95
3644
5968
1614
2470
8303
8011
7752
7287
1629
7060
1836
2218
9710
2395
1409
1637
8331
2352
4169
6342
6120
8974
2454
3593
7861
1588
9776
6663
8903
4375
5925
3231
5681
77
9421
1295
889
7690
2093
2691
2919
8887
7016
1827
8520
5345
566
4857
2049
4170
1281
528
5722
7498
3135
5898
4162
3446
8701
5491
8134
7115
248
8615
4610
5924
9855
5116
3261
5986
9996
2141
7453
3820
4411
6029
7574
9143
5752
9600
2382
3879
5547
1968
8816
8583
7026
8906
7113
6257
7775
7942
2385
4562
1764
574
1234
5995
2604
3615
7724
9497
2773
8028
3464
2055
1514
1372
6605
9741
1534
1584
2970
1911
5814
836
5656
4066
4253
2066
8661
7556
2703
3237
6730
2741
2528
9321
3339
2854
1036
6309
7740
8402
8478
4723
9926
6062
8335
50
6365
3121
9692
2930
6866
724
8127
5050
9754
4426
6285
7615
8154
7105
7945
2903
7529
9212
7880
2631
5891
2683
3655
6528
6443
6057
1698
7154
1141
7679
4088
2027
110
7282
6203
4690
8593
4854
3353
3242
9498
7949
2497
4056
8329
5271
1901
7274
962
8754
2405
7356
182
103
4774
2178
5522
8987
4706
6139
7917
6485
3676
4613
45
3313
3036
3136
6918
6412
3422
2867
9176
4376
1913
4473
7006
2086
4372
170
2197
3754
3897
1984
180
8230
7767
3850
6568
6157
5330
1474
8089
4912
4729
5979
97
7317
8012
6708
3217
4012
7239
7641
8194
9685
4301
1099
4081
6697
8788
2406
3829
9701
5092
294
4587
1643
1770
2264
6517
8812
8566
6906
1676
9249
9800
198
28
9238
9837
9769
7845
2998
9770
9550
6722
538
3399
8668
7918
2120
1295
9046
3293
7201
8134
8360
2307
1475
5758
1780
4874
5262
1760
859
9081
7958
3719
2347
8432
8991
3463
9227
6113
2978
6573
3809
5906
7574
4885
9454
3257
88
1459
4169
763
7399
9000
4818
6325
4009
8486
7028
5479
1224
2045
4407
9699
5145
1444
1677
8635
3565
4763
4033
6106
8249
3320
8646
1791
6746
4330
3734
5377
8011
3313
5808
5968
2155
4933
9002
1973
5150
8280
8445
8107
5654
6872
8701
6279
7793
9998
3240
4118
3145
5580
2180
1323
9107
5294
7737
4329
2986
4609
4532
83
6965
692
6072
1535
2570
8245
1214
7115
1536
4458
2002
871
5814
2920
8637
1425
6804
9042
9782
3252
811
1502
388
6754
2065
6846
8843
9181
2927
8166
6378
2067
9425
1467
5318
5472
7298
7604
8941
8115
4581
4501
9365
5369
9604
5212
4612
4889
5525
7164
5769
9711
9913
5453
8775
7020
6273
7055
5569
7593
4036
9206
8697
4175
3716
1971
9557
385
5176
1173
6420
8866
504
7192
7407
7040
5240
2378
9474
5529
1557
1720
7431
9938
1322
6489
6177
7679
9397
7727
7316
8991
615
4001
9407
8600
1804
2920
6465
2009
8719
3839
4605
8870
9591
3933
582
6012
4452
3846
4408
3758
2449
7094
9045
4569
9286
7521
6908
8066
3030
7468
2192
2140
6088
7520
2348
402
7742
7662
133
709
2252
8609
8880
118
6922
7866
2829
9506
6491
6271
820
3027
6875
6094
8495
7206
5260
6445
2383
8409
2270
2575
3719
5636
2318
4555
2641
6209
3047
7892
7681
6505
1220
8610
9807
8334
4122
7500
5442
8521
9936
532
7367
2341
5515
5019
6243
9587
6120
8806
6636
5289
5636
6729
8278
9566
8945
9140
2349
8249
6506
1459
2995
8629
2265
5173
8826
1295
1135
7531
303
9123
8347
2662
3331
1861
4228
8072
6162
5740
6561
6844
4321
1305
5161
4913
959
7704
6129
854
4689
4279
7696
2062
1916
4374
1371
2189
5511
9972
4581
9898
285
6090
3567
8438
451
4152
6777
1307
7404
8523
9164
922
8353
3065
7817
6920
8980
9281
6309
4890
2586
9649
2347
336
2634
1073
771
6156
1533
4815
6257
2928
4712
1555
6552
4105
3645
6014
7305
4355
9067
7626
9738
3025
761
767
9576
3956
8585
1030
6472
3545
908
8890
6294
4433
6631
2094
4660
165
9546
2338
3330
6921
4202
5672
8914
5950
9424
7271
3236
3309
7904
6111
9562
2589
5380
1828
9932
729
1416
5748
6502
5591
6293
2683
4109
1775
6789
9799
9598
6071
9201
5863
9927
8623
8070
2004
1630
6890
8003
3508
2849
498
1144
8036
5495
5081
7102
2015
9989
977
4266
448
8915
503
9202
1053
9681
5867
2436
6537
4724
876
5795
5895
1969
7398
4834
2245
4913
9914
2946
3185
5214
3968
331
6630
3643
8093
8123
3704
4858
8682
2694
8246
5181
7686
8853
0
5733
9921
7502
7936
4001
7100
2055
3297
3257
6865
1137
6396
9286
2981
711
139
3167
1593
132
120
316
8504
7736
8068
7152
5981
3732
9231
5113
1473
3634
9256
6952
1425
8155
2686
598
3865
4848
4061
9813
3887
5126
958
581
4123
9283
3604
3295
8754
4014
1948
9120
8773
6063
1146
4098
3371
967
2928
655
8175
4922
2168
6525
7356
1160
5887
2655
1156
9280
1796
9170
2339
2537
3841
5403
4436
6034
42
1887
9172
7853
7401
5796
8682
9558
940
700
3883
422
4470
7118
7758
4161
1842
6078
8228
9866
9568
7065
4738
4844
5891
3003
5517
1859
3752
9369
7761
2813
9979
7415
4496
9394
4634
8380
2766
4089
6331
2702
4175
8510
4034
1121
6816
5973
1646
6347
6893
576
8413
3487
2887
5348
4832
6159
3153
2132
2150
5501
3115
687
8030
7642
6915
2988
5900
8454
2302
9702
8851
4143
6892
9875
1661
8125
5990
1093
2965
2140
7793
290
61
8086
8869
7347
2238
5552
5308
41
3422
880
5081
2050
371
8618
2559
7196
8054
7425
3659
1934
6483
5642
8027
1985
4643
2400
408
3179
7066
2223
3456
2935
1501
162
2808
177
5034
8337
6854
8882
4638
5867
5132
6601
7146
59
1158
6947
830
2239
8142
9130
6349
4720
4850
8647
3600
532
13
3198
3553
9425
9537
1863
9266
9520
2627
5091
6151
7705
6831
8175
5205
8774
9668
166
4068
5854
5988
9437
3647
8944
7583
8207
9525
1837
793
4733
9120
2601
2047
9086
5031
9894
400
5410
4900
3908
6268
4851
1716
2964
1469
7935
6961
7936
7277
9089
7993
95
7282
3612
7243
2988
6044
2116
8620
7912
5309
3729
4507
5175
7806
5161
1787
1963
2128
9450
683
480
1955
4434
25
3815
5722
846
2814
2611
5448
7135
2895
168
121
9125
8343
9256
1546
1043
1426
9191
7220
6184
270
7177
1843
3800
9677
5389
5708
4842
2838
7727
2381
4506
2488
7642
5088
4887
233
7015
3897
3774
4850
7157
9020
7198
6052
8579
3361
2084
1062
9519
339
7501
8768
2579
8307
2286
5216
2401
4842
3170
2398
6653
1095
4516
1534
5170
6166
2875
8836
5921
1789
3703
9185
2227
6028
8115
8170
3976
603
9209
5929
1594
9919
2841
9348
2918
7845
2924
9464
8956
129
1833
9138
1321
8633
3032
9478
5326
2319
503
4355
4540
9636
978
1697
5976
825
1728
6042
8370
5566
781
864
9060
1200
1135
463
3003
6682
7421
3186
5481
9870
453
9633
9138
8327
5493
8825
8704
2204
3343
9151
2373
8863
3186
732
2910
9726
8525
4620
5759
3786
4482
5929
413
9009
1808
3317
1592
7795
7647
2282
6722
3787
8137
7107
2292
7438
1650
7239
6065
5347
3743
6289
831
1610
9948
6138
9746
8558
9328
6890
5618
7633
9345
5378
7053
6783
5686
2492
2337
838
2053
9544
6114
9673
3025
5244
968
6409
4331
1554
2736
1958
4528
4706
8453
2776
6656
799
5320
3986
2092
8505
6344
3576
1566
4745
7664
386
6334
3446
7658
6535
3933
4840
8151
7780
7628
5845
8690
4262
1637
8906
401
2761
7305
6704
862
1473
3988
4257
7282
4427
8125
8381
93
9605
8087
694
5992
481
582
1783
4869
1228
1992
745
4751
6888
5621
910
5348
1835
7849
7046
6548
8050
3866
1460
5064
7178
8040
5546
7382
4772
2644
6655
6501
5960
4263
2535
9836
7638
6637
6429
7242
6111
3667
552
4534
5593
9671
1751
1820
6203
1189
663
1310
4124
5819
6083
3483
4819
3156
9946
8218
8652
1625
2309
1212
1593
5618
237
476
5664
6134
88
5083
1277
691
6524
7660
3080
6167
5139
6920
4938
9702
2179
2390
426
5949
1034
6812
1146
9762
7455
4630
6375
1568
523
889
4961
9039
9011
1913
4991
5463
1233
8421
4197
7790
7407
3397
9521
930
136
5111
3246
5468
602
4594
3275
7893
1999
6670
4675
2878
8695
4173
5395
7194
4824
2025
7408
8071
2892
1812
4423
7955
7960
2062
5018
3535
5508
7923
1715
9882
5415
8686
5730
3300
2224
8464
5198
8818
9992
3946
8227
8767
3469
8491
6786
3129
1341
3586
3846
4277
7905
5286
9998
5542
2005
3369
1469
4542
9103
2645
4430
3174
6151
3343
9659
461
9475
1239
8642
2410
7107
8944
7811
3868
5731
9490
7938
6109
8746
4176
2281
7715
3106
1427
6743
2054
6924
8073
1625
8312
7138
6322
9452
5141
2327
6756
6629
4646
8618
7463
2926
6956
6476
6562
9586
6360
4643
8846
3553
6120
5061
2629
2216
9871
9430
203
6195
9964
2443
6173
7209
4201
364
3994
7184
7555
2967
3087
4920
4617
5021
3609
9444
3534
4797
9254
8029
2511
3731
3891
2824
5710
7083
1932
5594
4934
5704
3393
7729
8926
9880
3312
4933
43
6531
1177
4936
8012
7935
5020
4994
3453
2114
3842
9157
7724
8830
6814
1253
2795
6181
477
2987
6099
5521
8021
418
932
8981
5506
1145
7461
8670
4098
6928
1801
8864
9520
7429
5312
8598
3836
1795
3921
2657
8107
6192
873
6855
1613
9851
5913
1886
2609
4610
6637
2322
7917
9339
3443
4194
1313
8515
1964
7591
3737
6953
4270
1866
5138
4393
7456
4722
7603
7073
6984
3811
1108
7730
9453
9316
2560
5348
5393
4925
3641
3074
8833
8641
6413
1800
6507
375
8496
7402
3489
6804
8747
6833
8519
2026
5980
8315
5846
169
1092
6214
2141
9915
1144
9200
9304
5611
7830
5920
8974
1663
2076
132
5709
2611
5340
6493
2762
2068
3565
5305
5205
7871
5911
934
5999
8842
4485
3865
7150
8568
6714
3927
53
8777
622
9154
3628
569
1298
6853
7715
5426
475
6044
1888
5444
5820
2564
2112
4640
2772
8829
6794
3119
9075
6892
4428
698
4416
3185
5233
3596
9419
5166
768
8021
2190
1471
5900
4293
9501
6148
930
4843
1519
7000
2544
9967
2773
9860
9415
8941
5679
9628
6147
5518
5466
9584
2159
6628
8860
8409
8721
467
8437
3923
4691
8542
5927
3822
9524
7223
6003
3039
8812
6276
8765
9357
6868
2254
1553
5407
7381
1334
109
6053
2032
8459
2546
6973
2742
8306
6668
6551
554
7834
3745
1669
3844
6320
2475
9357
6910
3605
5546
9292
8199
1542
6659
1808
6427
6106
6965
7745
7972
1357
8850
522
4622
3339
1986
4002
6666
6516
7452
6167
6631
7297
3532
9658
3128
443
5923
2448
8487
7897
3866
4083
2005
301
5194
4235
13
3738
6727
4594
5282
7992
2781
1866
2856
9342
3053
8044
5210
8520
6498
9770
6440
4994
8310
2859
7126
547
4547
9856
1965
6972
6965
6240
1788
9559
1151
687
5626
9459
9748
2880
9171
6708
8277
6626
1664
5263
7420
1976
4695
8827
3863
8360
9178
1370
8886
5673
7695
5976
4275
956
2895
6348
9306
7553
6895
1204
5020
3127
5000
9436
4429
8110
9983
2671
1810
1370
592
4053
47
3364
6681
1671
2827
4476
3954
3889
44
1966
4521
5871
8033
4062
2174
872
9687
2920
4399
3202
2564
1930
2171
4492
4001
1013
8787
3263
681
9753
4142
7372
5247
4392
2716
7145
6766
4238
3245
2600
5043
9268
5795
572
7018
2237
9087
9927
3768
7801
799
2133
3168
1996
6717
7841
5610
7461
1750
2542
5823
6477
3784
2382
2540
3439
7988
4989
582
7363
810
8054
1527
9773
9202
413
3608
7438
3640
2636
634
3218
6496
914
4318
7604
9774
6694
8767
4435
2116
8125
6164
8022
4677
5749
3780
4670
9200
7072
5861
7292
5791
680
3263
1430
917
3278
4391
209
4472
1890
5603
969
1024
4827
7116
6787
4323
8979
4329
6975
5282
6733
2279
4836
5468
1996
2640
8722
238
9699
6076
8752
7292
1861
3062
569
5341
5251
9544
7857
8634
4312
5539
7179
6115
5235
793
1507
4479
6516
7888
22
5793
9281
4924
5679
463
5961
2043
3072
1042
3477
7370
1939
1454
5824
3876
4865
1081
9235
9732
8593
5478
1831
5546
3153
5482
4980
6404
4312
8041
1097
2104
5621
1375
1324
2201
7028
4646
9869
3646
3001
5520
4251
3336
1417
8480
7375
5830
6183
7747
6690
9988
6270
3072
5118
2364
4281
1482
3129
4091
6299
1605
1903
8584
5075
3962
1261
7964
1063
6228
6777
2671
5817
1187
9108
5190
187
1783
2301
8719
5261
3425
3002
3227
5718
3424
1192
8306
2657
5770
7160
7468
951
6244
6304
2804
8561
5754
5025
4506
6468
3484
2532
9608
6875
4248
7294
5896
7016
6601
2199
483
585
7704
9777
9178
3848
7042
3262
4396
1453
338
3032
7845
5369
3416
9672
984
5788
8537
2973
2760
9509
838
7372
8107
6877
5417
6600
4403
6974
8967
3214
1717
1844
4168
270
1416
3745
3425
1920
3361
6823
953
8755
9843
449
202
3149
2742
5037
9138
6812
6115
6080
8054
3057
2376
7856
9944
9039
8982
4753
1696
4148
4759
5006
8095
9143
8093
1384
3180
5803
3077
3506
8608
5911
1481
7764
4656
3718
6281
9685
8430
7361
2400
7221
9072
2221
8976
2637
716
6970
5429
8759
646
1865
7478
2144
976
6228
2138
6673
4296
2066
3726
9693
3548
3487
5485
4101
7525
7482
6381
3030
9062
3407
1804
409
9394
936
825
9029
9338
2141
3871
5907
2208
9439
1865
531
6213
5381
8953
7743
2270
9231
8440
9046
4484
4754
66
7356
4075
7415
1286
9219
2020
3334
163
907
8359
9886
6729
8026
8009
159
5497
4759
7078
2901
7455
3900
3369
2956
7726
6703
9768
7687
6386
5140
5499
4215
8290
1292
8627
7964
4537
9058
9879
2561
4109
9476
9567
3806
8291
4467
4190
1688
340
8757
7438
696
7152
5339
9652
7639
2084
6418
4776
4543
6376
6758
4740
6639
1169
7096
6432
2195
8853
3813
4737
2641
6693
1546
9091
4726
7971
7193
2723
4767
5457
3476
1691
297
8630
1332
8240
7055
8656
9881
8713
3073
6843
4861
4211
3193
7468
6916
2201
1026
860
3006
7279
1101
4982
4421
1883
1657
9750
803
2586
1901
773
6275
5700
230
8369
9193
1525
354
3933
2164
1343
9531
6443
3979
5013
8840
1987
7147
3647
1168
202
3159
9402
8009
4758
2288
1962
5875
6324
2215
1599
8522
3828
2662
2308
2241
6340
8839
699
6514
2092
1449
5277
2812
7517
7165
1882
1089
2525
2768
3449
9851
379
4232
6312
8459
8644
3671
9865
6188
5205
4342
671
7387
4118
2054
9255
792
7151
7439
1318
929
7606
6258
5228
8409
2263
1901
8691
2354
2164
1147
8464
9796
8408
4227
9305
7749
1212
4916
7749
7921
6551
9469
9280
7703
2142
7670
4291
9883
9498
1298
794
2785
8080
8454
9438
9836
9171
9259
3846
8973
4923
6482
5809
9612
2109
291
9228
1601
9361
3349
7508
6087
1495
6481
1390
5465
3151
4729
5791
190
5256
2577
5306
7488
4529
9040
1327
3782
7586
391
6417
8180
6670
5077
9299
2340
6048
7215
4076
1544
66
3372
7894
9975
5737
194
8730
2823
1473
370
2362
8640
5981
5668
9871
9504
5583
9769
390
5102
9043
3455
4232
4054
5264
6198
9186
6448
4192
3875
2118
2078
6979
5408
2392
9686
1223
2900
7083
427
490
1267
5969
7803
9515
8582
4608
5353
5365
211
5430
7769
1695
7280
4278
8169
3891
7990
5808
4512
1011
2939
9926
5071
1695
727
5543
4091
9521
5928
8605
4640
7796
5873
5577
7723
2380
3565
8299
1491
9316
7073
3999
6970
6728
7589
4202
6328
5669
4190
7640
4239
7831
9949
9476
9856
907
3108
1033
448
7221
3588
8874
3199
8347
5001
9146
2733
4873
4783
4966
6633
9140
1763
7037
514
1143
3696
7855
3756
6948
7987
7839
4437
937
102
9238
8359
9306
1009
5020
5806
9375
9982
2832
6157
9682
942
6040
8701
2293
5982
9252
44
2019
7447
3750
967
1199
2139
2371
5044
498
2072
6464
4863
6027
9551
4723
7103
783
9575
9685
1765
762
4781
2269
1157
2089
7806
8777
60
2970
9929
2847
4068
1119
9122
1472
2413
6613
5702
1990
2944
9547
3290
4118
7903
5105
3247
7435
3816
7815
1646
8936
8106
8594
4087
9405
2766
2071
2053
6407
3051
2321
7191
6514
3324
5795
4730
5838
4157
6233
352
4214
7393
7646
9314
9465
5243
3984
7353
417
3061
3401
9504
569
8643
4309
3369
9202
938
5496
5418
9957
9257
5016
3831
192
9744
4200
6414
8646
1004
152
8062
2188
199
725
1844
2375
3475
2322
6714
5430
883
8755
8390
3034
3512
8568
4403
6747
6105
8094
5502
6971
7712
786
7857
3656
7759
5339
1559
2688
2737
4802
8491
6238
3823
9629
253
6263
7222
5076
9550
2188
7472
6824
7945
9563
5193
5927
7270
1814
4402
6777
4631
748
7273
3388
1043
2823
71
2552
8548
7877
9750
2224
2247
3156
3231
3434
7659
8676
201
9928
6746
6398
1690
869
1614
1291
8594
2093
7365
6017
6546
5233
8070
9279
4587
9901
4352
3946
9901
347
7696
7001
600
7688
2210
1791
2998
8965
5325
882
9959
3866
461
1853
2820
5458
7936
5813
3434
632
241
1595
2478
2395
3659
3194
8380
9671
8338
4903
3714
3238
4350
3808
8075
2643
2785
2548
6639
6938
4906
567
9625
6194
6200
4622
7942
6579
8121
7563
2006
7201
7969
6937
9066
9563
815
8400
2916
4000
9731
763
9008
1543
4810
1265
2982
4291
5432
4643
7706
560
8127
4645
3227
7904
3035
1812
6340
4291
1346
5010
3546
133
8539
4433
4765
3113
6670
1188
5529
4963
6645
5225
2218
4794
4346
3462
1488
3205
8599
8784
2694
1833
687
4832
7226
2926
3220
3325
8468
4112
187
6065
5939
258
8344
6458
5341
6233
1849
3133
2701
7887
3182
4415
8982
2569
5017
9447
6921
3157
963
9034
2304
6399
7231
9096
8722
2606
2980
6973
8582
5539
7065
9784
6879
3182
8016
153
2282
5077
7126
5867
1276
9253
1567
3971
8624
5750
9504
3955
951
7091
5246
153
4473
2008
8644
8690
779
9649
5714
1763
5958
3325
1503
6287
460
4844
1897
1003
3817
8376
7775
5343
5810
2287
2116
3725
689
766
5772
55
3589
1986
3846
721
8414
3997
8641
9847
112
8923
5799
2411
1324
5356
5107
9872
8386
8150
5191
9891
4376
2350
3526
7150
5479
7475
7347
745
7845
8031
2169
1337
2880
1623
1026
8609
4246
1490
4605
8707
2545
1096
744
7060
6351
9767
3012
8234
247
8060
8267
4126
509
6675
1678
6993
7506
8295
7965
6757
837
5504
7783
2343
3545
9567
1144
3232
8528
8356
2535
9890
224
6602
5375
1475
6654
1421
7473
4928
1425
5685
3699
352
1061
9951
2739
4194
9249
195
3799
989
2171
7371
3220
3142
6119
4876
9061
3325
2646
9061
3528
5265
7275
5498
7152
6080
4803
7839
3159
5754
4509
9520
3028
1469
7018
1803
1296
9908
3786
9558
6586
7718
6370
2813
1004
9244
307
3887
6395
7340
5097
5311
4682
2691
5020
8888
3076
1585
1520
7156
2594
7612
6790
4336
1175
6949
6275
3179
5815
1498
4132
6344
482
953
9733
5652
2566
5543
3182
5011
1783
4841
813
4617
8503
5660
9040
2875
4181
4593
5121
3608
6846
291
5216
9804
3952
5819
278
4060
5388
134
8299
5983
7627
1109
790
967
1295
2330
7598
6458
6408
5052
3959
8859
7689
5049
5866
3764
2758
9826
9316
4297
6170
4540
6656
2002
8578
5984
7349
390
4574
2531
3540
3122
905
1243
6943
9791
6963
7192
7804
5762
839
8217
3867
3945
165
6767
3960
9895
198
9717
312
3326
4053
4183
4449
7897
3997
8259
7889
3885
8893
6705
1003
2143
6276
5171
461
8332
7338
8166
5817
4685
763
3682
974
3008
5598
2505
7175
6885
2543
9051
306
7333
8068
3677
431
6623
4090
2516
1243
2177
3233
8707
9665
2819
9769
4757
7497
3484
8423
4118
2920
1765
3232
3489
8631
5298
2772
6186
2428
6781
8418
7101
8785
959
1439
9808
9954
2919
5996
4358
770
1733
853
6672
5240
1580
8614
9470
8832
5303
7798
4181
2939
5264
4596
8295
6203
9538
6021
9443
1952
8511
3067
1165
7306
6451
1998
4424
13
2234
5423
3068
3856
4128
1637
6261
7618
592
6882
7840
6137
285
2975
5652
9729
7738
709
5167
2601
8102
9537
7554
998
558
5930
6408
2301
1218
5096
8366
1169
2775
5752
5004
9354
5812
2190
2493
8474
1093
911
1451
2066
9841
2366
4296
1676
1010
2589
1065
7018
202
9503
143
6511
4294
8214
634
5051
8160
1594
8397
6617
3974
5462
3159
1998
1111
1795
8008
1757
8731
4391
2622
3555
5434
4991
5164
9378
6781
4462
8455
3800
508
8536
4839
7911
2958
3356
8657
8378
9365
1209
9783
3202
807
2556
9471
393
6750
2606
3132
4687
7432
6666
1235
3355
4643
3601
7873
9286
5022
5762
7392
5249
3031
5579
9754
2461
4209
7024
8102
7586
9250
7541
397
6960
9170
6696
2156
6024
4312
6167
1082
633
378
7235
1213
412
7109
2448
5232
4126
8045
3595
9462
2491
8939
9739
2714
3241
6748
7823
9471
6124
8860
4032
6907
2976
6034
9165
9102
9306
9566
2667
9528
541
2428
6731
5361
1060
6789
5060
6945
9988
9179
416
7358
2369
1265
2370
6090
9589
2080
8386
4899
1607
1817
7708
4522
6394
6905
1881
6940
3954
4374
1057
1185
6116
2247
3609
8079
3181
6830
3046
577
81
6725
3963
1414
7091
5482
7968
2020
2710
236
8882
9249
2410
2783
4724
4469
6725
2718
4321
2914
2007
6932
7027
9735
1007
61
2377
7541
2282
2420
7460
1466
5284
2030
3682
7098
30
6275
9322
9911
6454
4276
8619
2419
7313
975
5206
727
3519
6233
6220
408
3616
6973
6701
8586
6272
724
6531
5383
3743
9950
9001
193
5992
7585
471
2559
9249
6455
582
9187
9498
4156
4297
5646
2184
3388
7356
9476
7758
2314
8852
7567
6508
7850
9024
4842
106
2561
7514
8145
430
5934
4610
6445
4414
3844
6558
2053
2941
3960
853
4887
1058
9007
6155
1528
8158
5222
2425
9658
96
2823
3564
4804
1480
4312
2705
7973
3745
2062
2894
3180
2501
4891
6995
9675
8198
7415
61
2186
9238
3523
2014
1303
7472
7583
1873
1488
6600
4102
848
874
3929
990
4938
8776
5752
7821
7991
3768
7406
1816
4205
7354
9531
342
9852
6229
4583
9528
99
2866
504
4826
3766
5324
1801
2220
7999
5884
9234
3574
5905
1804
3506
536
259
2716
3580
8317
1399
1688
3692
9423
6146
7959
2343
8416
4392
7198
8183
6090
2800
6111
8971
2515
8275
5548
7034
7908
9621
4148
901
1941
8013
297
3138
2197
7772
228
5547
2876
7918
2604
9613
2101
4840
2161
4472
9547
2437
4082
3380
6722
8605
9110
7889
7039
7168
1889
4442
1521
4760
3579
3245
3734
6943
5419
5612
2635
1427
2196
4814
4580
6719
5849
7970
9338
2647
4747
8724
2576
2201
6702
1052
2455
9546
1092
3942
2935
1935
9183
420
6645
701
3609
2947
1385
9250
3117
2253
8731
9955
3423
2929
8804
5008
7657
4880
2820
675
1283
2375
4856
1429
2770
1664
5961
5503
1258
9337
2847
4554
7015
2243
8409
9989
5970
2588
4336
9592
2730
7256
3087
6292
7378
8319
874
6737
6758
4556
7408
6059
8517
7837
3946
9005
2863
2649
4825
6319
1273
7977
5276
7685
4869
3388
4461
1527
3857
4562
8681
1214
2608
2807
9468
9475
2701
1863
7957
9037
1522
7714
5538
1748
5268
3719
256
9900
1959
1506
7202
5328
6163
2180
7206
7486
2088
7995
2035
4435
8622
9956
7343
9348
2544
7638
1406
8482
9608
5458
7534
2820
9009
1552
6758
5876
3598
7833
5522
2342
4235
5677
1200
4363
5803
8091
5379
6687
2708
4650
6814
2466
5731
237
1599
1195
6126
8135
4285
7080
8432
4361
869
6019
6
808
1004
2688
916
7361
4662
4817
8648
5954
2281
1469
8404
5479
2042
3566
776
9098
7714
4875
8261
7879
3702
6495
3747
9253
5897
3584
824
1790
8788
5028
5474
6282
7807
1157
7636
890
5270
9849
6171
9266
2290
3886
6638
2995
5421
6434
1132
3988
877
1929
7944
9505
9790
5523
3749
4492
2714
2598
7054
9309
6081
8744
8028
9141
446
3961
50
6324
2868
8373
6195
9697
548
4008
8628
1910
8516
5914
782
6254
179
5572
823
4081
8260
1756
9865
643
180
9065
4952
6763
7028
9349
7979
7136
6660
2171
3917
3500
1722
526
9089
4935
1875
3811
9972
418
9241
7973
9731
188
3858
504
8196
378
9015
3389
1129
7429
4570
2436
6698
3325
2663
1294
3905
5131
6900
7486
5636
9179
9209
5226
6797
9941
8336
3176
6942
2865
8135
9978
8029
5355
5869
5925
9092
8622
4359
4259
8462
1350
3644
5945
8355
3134
9229
483
2635
2534
9946
1039
4588
957
810
9065
6710
5250
9130
3611
9224
6178
750
7948
4440
3345
5511
7009
9537
6624
5886
548
1495
7130
6633
6868
3122
6484
7042
3065
4242
7858
7599
4721
5561
9444
8223
7742
3125
5447
7722
6658
5001
5226
6551
4689
6981
4727
1120
6241
8043
1341
1617
755
7941
3291
2809
7407
3854
2618
8337
7875
6027
973
4112
3448
397
3458
80
3017
3318
3074
2956
6768
1021
3065
6967
8973
873
3822
2856
2802
2431
9682
2948
2372
1310
3363
3183
2627
3497
3523
4855
7315
5257
9692
330
125
2553
6646
135
342
1223
4615
4710
3771
1467
4311
5832
2914
2076
295
5340
5079
6421
6871
8711
4879
6698
9875
2651
471
100
3884
4811
3760
4959
9388
6692
816
864
403
3301
1371
8779
8975
1786
5589
37
1275
3563
820
5247
3978
9771
6134
4899
648
2976
9649
1758
9966
3812
6616
7377
6222
528
6551
5804
664
7942
4596
8479
2648
4717
6399
1602
8380
3970
9572
2439
7063
4794
4571
200
8099
3882
6432
7722
1535
3322
2632
604
6343
537
7386
2782
8521
2848
7183
2589
4098
3566
2334
6398
1711
7777
720
6968
5341
1155
6041
3458
1600
4558
3956
6946
8486
8099
8341
5324
9848
6660
2280
462
2244
1470
5751
6770
6701
7894
3116
9897
5775
2545
4183
117
5646
3123
4389
1258
6799
9057
8867
1281
4744
2176
4707
153
769
3186
6922
4670
2978
5239
2491
524
8149
5855
7943
1949
2162
4979
707
5502
6089
2929
2231
1039
5900
3678
3366
4615
6132
1852
1821
375
6457
6537
1978
6588
6130
9585
3617
623
8205
389
248
9071
5542
5820
2425
5879
9313
7635
109
8138
9466
3016
6669
555
1294
7741
3422
8909
6487
8957
5600
8304
6895
4140
8551
8005
8625
9147
4898
1471
8357
2392
3610
4230
454
1985
6326
8245
7739
3666
9918
1883
9077
8376
6845
585
2855
5785
388
8028
3279
2802
6439
3765
1690
4947
6081
7992
3493
6339
4759
4572
3026
4542
2441
8886
4111
8205
3107
5488
9570
9316
6584
4326
9468
6632
4671
4708
6722
7693
5332
5424
4773
2345
927
6466
7789
1509
2626
4893
5387
6193
1006
177
7103
1581
1019
733
4360
5120
1350
4670
3478
2547
1706
5413
3940
9914
2444
7361
2022
4919
6850
8642
7274
912
4244
112
418
6097
7401
5855
4549
1324
9636
9682
7657
5869
8067
2009
6774
4949
9152
7083
3294
7907
5526
6739
9834
7295
102
5114
8098
7576
2800
2829
9614
2275
1424
9691
9614
4346
4224
6541
7486
4624
3560
430
3599
8044
8517
3052
8899
2449
8294
9079
5834
1307
7918
8900
4538
930
8227
2022
1729
5163
3301
4043
1279
3184
721
4013
704
6786
1118
5405
7811
6774
7784
3893
8467
5171
680
7288
6132
3008
8349
7465
9196
9357
4239
1482
7879
725
8320
1604
5621
2423
5468
8152
1831
925
8714
2535
8803
782
4140
7827
5381
4449
5592
9204
8022
1393
212
7357
7761
2934
9484
7772
6569
559
810
5624
8842
7304
1927
3396
5349
6486
9197
9135
1269
1084
2860
1418
684
7522
2137
6203
6600
8181
5443
9027
2018
2570
8496
5498
467
8172
7331
370
4040
4566
5501
5966
6984
7627
988
8624
802
6173
754
3760
5200
4787
7517
1088
9762
6877
1891
2646
3060
5186
8069
2261
5340
5822
6111
6475
2656
6837
6664
1913
6209
1515
9612
5216
5116
3519
9684
7227
2629
4807
567
8774
1960
6182
5294
287
3616
295
7918
8088
6022
4898
9472
5111
7474
3953
9433
3105
6368
4641
8800
4348
3073
7720
9587
7494
1337
5573
9509
3317
4930
123
323
5300
7316
5038
2054
8772
4432
2345
7997
4574
4830
7652
9385
9023
3572
3933
351
294
8499
1912
1762
1011
3256
6364
9483
4622
1330
6356
8259
714
3487
1761
558
2237
4299
7047
8518
3195
8036
4730
7316
7147
4654
992
1489
8314
274
3930
5818
1730
9619
9440
1706
6830
3871
1454
9646
7955
1941
2401
2010
9470
7231
2606
9837
4599
5694
2886
114
2989
8890
3611
2733
5567
9638
6090
1270
4863
1755
8951
1831
5339
7153
7009
8176
8694
9778
2979
3497
992
7755
6472
4089
6949
4780
6952
5741
3687
9182
1145
6933
8762
2566
5025
3025
572
1571
8979
9566
4580
5518
8895
8355
3990
417
5776
7751
7766
5613
2117
1720
4378
2133
1154
3896
1018
7866
5012
4757
5412
3906
7241
9438
7552
5937
6770
2453
5645
7487
2839
4442
6708
551
7213
7915
4787
3404
8577
5545
2600
6420
1196
6437
2193
837
6303
4449
1744
4113
7570
2940
1039
2759
4006
1090
8708
9235
7030
9915
4367
9842
2947
3470
1941
2541
8964
8987
5623
6297
4109
8004
2567
8737
7204
8288
3451
4738
2262
4228
8000
9340
7649
5450
4420
232
3272
7609
1438
3019
518
796
2346
9951
129
5731
6937
5761
7372
3332
7189
5846
8367
1726
6061
6796
2176
9006
2952
9890
1366
33
4957
2018
8816
8958
488
9578
2291
3936
4392
6438
5659
693
9941
4439
5860
7319
5478
6335
8820
6952
3502
9563
2076
3037
1647
1015
3747
9665
582
7626
7528
1739
766
8073
7086
3293
6910
3653
1376
9289
3142
7605
3805
973
5274
976
1970
6396
6813
6397
9836
7576
7597
4374
3010
6007
6770
5221
2558
8576
5988
1176
4754
7050
8264
7231
2304
1590
9537
3185
375
7284
4465
5548
4965
2957
5832
8892
5263
4564
8569
6256
6477
9453
2143
9276
8870
8779
7344
7722
8384
8433
876
3460
4756
4126
8409
5413
9309
5025
8035
4193
749
8715
4337
9814
5674
7303
1620
8281
9907
2045
5051
4430
873
6974
925
6307
409
398
8147
753
5213
2603
9096
1141
1670
8790
6167
2089
5755
6614
9992
4651
965
7202
882
946
382
2166
872
2834
6807
4640
7877
6747
2574
4613
6284
5478
1002
6230
3392
5812
7929
4439
7078
9224
7470
3019
6630
9593
6604
4504
2404
2349
3588
7522
950
5344
6350
5534
9312
4226
2528
2461
5793
7878
4857
7643
3710
2182
6516
2664
4877
7998
2804
855
2763
1380
4820
5750
7388
7380
7081
5492
9554
4875
8630
6000
7455
3409
9784
3026
8489
7620
9773
5448
3709
4712
3047
4193
629
8630
6727
6686
6391
8372
2130
8356
6794
9537
8874
3308
5041
5589
3251
9766
7693
4847
5002
4285
2393
4492
7541
8665
9580
2953
5870
3182
849
1400
8369
7335
4477
9711
7092
2157
9407
5307
2988
9641
9661
1816
7507
1
9039
9507
2884
9655
1048
1647
8931
9762
892
8123
9845
3121
6694
7669
3388
5167
4850
9507
3631
6315
9866
5903
3784
314
8373
5524
8738
4011
2963
2765
9406
6469
3824
4686
1952
2858
2161
2736
6572
3235
5488
9552
6645
5002
7885
4981
5384
8251
5826
5414
1873
9791
8704
4992
4039
9061
7892
598
2613
5655
7851
4083
7027
8018
8180
7292
2090
4316
8269
259
7095
926
4935
3306
5271
2881
29
5327
2537
119
3632
7259
9035
8623
4650
744
8166
758
4106
5560
6046
2455
4803
906
7392
8546
4240
9042
1552
9110
9796
1276
5761
2218
5030
4086
2935
8735
9973
4770
1068
8960
3296
429
1182
8327
320
1857
9066
9258
4768
5663
2841
2689
5949
4988
5779
7643
8096
5571
3681
3872
1329
8067
9712
8148
1878
5925
6493
2506
6674
7194
8583
3313
5667
1736
6224
1685
4985
9665
3723
8079
4693
9560
3906
233
4788
8857
933
6356
5616
9819
8466
6725
3343
3299
6099
6021
9148
8112
1210
8620
8533
8265
1560
6258
9099
161
8400
2307
8956
7894
9047
7429
7673
945
1043
7141
4638
7543
6478
8822
5232
8204
7300
5454
5013
1242
1827
3049
6028
798
3537
131
7506
5350
9128
8448
7388
6426
12
2737
717
1372
476
2671
8020
2619
5269
4523
7955
7179
8768
3726
8423
4496
8079
8554
3144
9811
3422
9839
9716
4040
9343
9205
650
5160
8807
3211
546
9696
2136
7052
1909
495
9518
720
206
4884
9832
8661
2585
3651
7599
4313
1303
2105
3132
5028
2977
164
423
3023
1547
2260
8145
2499
6605
4736
222
6702
2480
5277
7396
5818
4188
2674
972
308
9931
3003
8868
3400
3387
2109
376
6180
5815
4558
9725
9152
6029
9181
3918
976
4200
5057
1668
438
9676
3509
5583
4729
4001
3528
9159
6093
8071
1789
1778
2450
4863
8343
3591
4904
1561
4703
9176
6409
7986
7496
5335
6760
7310
1143
5222
5118
5683
2351
6639
7392
2399
9315
698
3699
7777
9736
9080
6536
1716
9680
2960
6974
4110
5890
9955
8766
3115
2092
7548
764
9946
3459
8432
5370
8863
3856
3290
1895
2646
8980
4353
1624
9755
900
7940
4627
5776
1659
7395
3490
4261
9879
6506
1030
7361
2067
6622
5431
517
1259
8073
915
8357
14
941
3556
8229
7220
8022
1099
7527
8961
5110
6266
9764
1047
697
7624
9250
752
8657
9511
7699
9692
7230
9430
8768
9922
58
4644
323
8424
65
851
5055
1808
7791
2299
5112
5837
8479
9160
7239
9744
7816
5537
2051
8799
6083
6224
1421
9313
6348
1724
2833
8531
649
1203
8836
5669
9487
2350
6220
1720
9262
4671
9547
4681
4505
8683
1838
3810
6824
735
9353
639
1292
6641
9449
3344
988
1228
5866
6665
6078
132
2664
5300
9761
705
1521
7476
7769
3141
5456
3978
2910
8653
2987
2862
9765
9827
751
5179
567
5878
9459
2078
8283
2735
5339
8204
7163
6725
4471
6397
4241
8620
2598
7582
6671
4769
7941
4499
5324
5586
6036
4791
8046
8776
5216
399
5164
1826
6394
815
8194
534
1141
1544
5658
1377
8075
7062
2726
9789
1996
5796
6576
5217
4129
2920
51
2398
1030
6273
3592
1943
7295
8691
3329
1681
5549
6904
5773
809
5088
6017
8558
1198
9765
3322
2745
8073
5941
9788
3218
2799
7315
816
1154
9604
6227
9221
5291
7576
5613
2506
6545
9998
7016
6899
4218
5062
8746
5516
7324
7837
5100
6181
4880
9079
7403
6831
943
6181
2617
2620
1629
6871
7537
9059
5251
3437
1134
1245
7142
8643
617
1774
3654
3899
7883
8734
5185
7667
9813
4848
9617
4444
5349
6574
3675
8508
1961
3810
613
2484
1442
7473
3519
5780
9732
1109
3432
9733
2333
6557
8298
3213
5543
7535
2752
4802
3228
1891
9051
3120
9474
5276
8602
1042
7223
8527
6223
1333
1939
4600
1838
657
6398
9020
1138
3874
4949
165
7978
5774
267
2452
18
5547
8382
6725
7665
8059
7843
1700
4620
8782
5032
782
9338
9034
3285
1120
2043
1193
2226
562
8869
7300
5603
3736
8908
8330
7761
114
7366
1180
7700
7262
1006
5106
7887
4555
7618
1652
7110
8795
8242
7802
1122
4498
229
8456
9507
4308
1760
8461
2462
1579
4572
5383
6380
3240
6528
6182
942
5863
1921
9968
1086
9879
4623
2371
1035
9980
1816
7272
5096
6109
1282
787
8948
8730
3281
1078
7267
9279
7978
7022
7288
9237
517
9071
5282
8845
7302
6579
6143
6212
2271
9232
6984
9213
3774
6987
9747
261
493
5590
2863
6801
596
8825
7958
1400
673
5202
950
2897
3776
4373
2906
9521
1595
970
883
8321
1684
2543
3415
6154
2120
5179
7477
4504
6239
5397
7963
4557
6316
2579
9745
8059
5277
1875
552
1989
1682
2973
8027
6358
6409
2562
4583
1863
9941
1398
1615
3333
6173
8169
5079
6278
7177
4755
8701
8870
2762
7692
8845
9942
5394
9646
9934
3809
9816
1433
6047
8860
483
7883
9338
1292
8533
312
1720
6770
2291
6880
1153
3391
6577
4941
1079
5759
6768
2783
5533
5557
5213
9820
8281
5598
1143
7895
3065
1510
3654
8841
4738
5409
9505
9645
3980
3225
7120
3385
7965
1578
5384
1557
6363
5760
2469
6278
8652
2286
6364
1031
2948
1472
3230
1708
6904
5452
3152
7473
1452
9073
7232
2036
7838
2673
3308
9447
1882
964
7442
807
1590
4101
7032
6811
1
8603
197
9183
9233
1733
2195
3977
3691
7458
652
7599
4729
9131
3843
286
6713
5799
5206
9805
5388
6869
7501
5285
1890
8832
3749
8125
676
1336
7449
5970
9407
306
9937
8654
3397
8276
1219
5327
5719
5596
1854
2865
982
3086
5366
9851
5635
7640
3954
6478
4576
9079
8144
672
7876
8426
5111
6612
215
9128
5555
5118
3595
487
7677
3970
5096
4768
6087
1649
7963
2846
6731
3615
736
5559
5098
377
1549
8895
2158
6847
9111
5055
8455
3553
262
9812
5222
2148
5070
8735
9954
840
2569
2589
7495
4430
1934
4291
829
4252
2688
5192
888
9127
9836
2378
295
2800
6213
1112
2898
9024
8181
8483
5249
4217
6173
4471
3643
185
2149
2610
5161
3221
9277
6463
8511
9092
9726
28
7864
9317
141
8940
2819
170
1956
7751
6046
4614
7703
1483
4741
7353
121
4734
5887
5712
9035
1078
8378
4299
2269
175
6659
7846
6505
6647
2912
6209
8622
3675
8477
5245
9033
8506
5459
1019
6841
4819
5730
1447
3768
8152
5598
4166
6701
7598
9636
5263
3758
5487
2587
1275
2207
9932
1333
4804
4490
4066
5269
931
7581
9666
3333
5276
5197
9238
3997
6699
3919
618
8105
6216
3377
6651
7988
4616
5078
4942
6503
5327
6987
7650
7529
2922
1551
8613
5737
9260
821
9573
825
4266
7628
2422
7709
3269
7689
8043
9714
4886
6698
748
9984
6326
8182
5905
1554
5605
9330
914
1252
5794
9890
8652
8357
1822
1914
9093
1440
5420
2887
3160
4247
6811
9251
8115
9111
9528
4207
6801
9801
3843
165
6558
7243
9493
6521
7277
5018
3594
204
8721
7017
261
970
9438
4951
1220
9663
2851
522
3726
4550
3093
4966
505
2622
1616
8855
5525
6593
1081
8860
9171
6737
9148
2346
125
4727
2093
1204
4344
5780
2559
9256
6335
3622
2451
72
681
9884
9802
3427
2767
3159
4997
8026
5347
8834
3299
9798
2422
3896
8547
349
5960
973
8796
3224
6820
215
1615
2240
9043
4652
5134
3147
2973
9834
5247
8056
7299
9030
3065
7317
3293
9004
6894
7880
4836
7347
6084
7521
3023
2368
987
7909
7514
9020
6750
7044
9663
3493
2391
482
1000
9797
5939
6187
4096
2247
7451
7216
3554
6617
6612
7510
9914
9173
331
2168
8453
9410
2658
1538
361
4598
2116
8686
3499
5836
3934
9913
4428
119
5241
3043
6552
5791
4242
3844
1431
8262
9458
1506
4248
9630
8607
1991
4287
6356
6715
90
4382
1609
1094
1522
3698
6415
7233
4217
2649
7338
9920
2412
9093
2361
3192
5092
8749
2525
916
1599
8146
1355
624
5185
3724
6466
2355
3618
565
7922
9839
3467
3183
8422
2458
1008
7317
8137
2013
1309
1939
7471
1713
6569
9744
5310
4062
4263
3033
5792
223
3776
7977
802
1686
1915
5243
3279
7908
2840
9483
5219
2237
1581
9610
197
6704
2139
6281
9716
6919
5746
4624
2771
9054
5254
2146
3639
1968
3253
4859
5809
7826
6877
3820
5044
9055
4428
9617
6739
2573
2637
5296
9698
3145
8876
8292
1329
9014
8409
2730
9933
7180
4363
4500
9072
8257
2572
472
499
6786
7926
2886
7946
5097
975
2058
5798
4971
8010
3871
6941
8240
5640
4076
7768
5063
8950
1812
6615
9554
2965
2252
4121
8114
9019
5159
2198
3338
9905
3159
4553
7651
6018
4089
6965
2639
8609
6739
5955
5061
7170
3739
4384
6882
9908
7133
703
9786
1780
8927
163
4954
9605
5557
7239
2160
5781
8779
7912
7118
5969
2757
3991
6062
6526
8334
3441
7240
3160
2533
532
8944
6693
9613
7937
6735
6499
3517
3606
1004
2775
2651
3145
5846
5984
197
6590
6892
9881
8813
5601
1531
8097
1771
4666
9818
1793
738
5963
1908
750
8254
914
2507
309
6307
9783
3629
4300
6792
2544
57
6242
5917
2185
9868
1700
5946
7252
3729
6556
4876
4739
1305
6580
3055
4848
2340
1586
8324
8489
6389
7084
7593
1212
3206
8617
8761
1127
4604
8945
7692
8795
5403
6852
7217
4573
5503
2973
6029
9831
7418
2327
4155
3336
5655
983
7325
9529
8888
1904
2269
7865
64
2454
7708
3625
8047
5324
5032
8471
1434
8821
2127
4622
9314
5686
552
504
1873
8951
1060
6125
7863
6250
1571
4487
1292
7984
833
4135
6383
4273
5075
5250
2638
9699
4804
7481
2942
306
3804
3744
5116
1155
9773
4993
1272
3964
3339
6742
5533
1157
2245
6638
251
3550
4881
3877
3868
6953
1652
1062
6026
3338
1950
763
6297
3235
2258
3883
3126
3479
4220
636
3571
4680
4848
8783
1214
2390
2279
4312
9622
4800
9120
1425
3539
6488
2097
1400
2597
5380
2480
6862
6525
4655
9933
8134
3890
1754
6932
2138
5596
7424
9111
4662
2692
9298
8636
9784
8566
3093
2809
8067
2285
5018
4709
7938
714
9258
9230
1185
8993
8662
4743
6688
2535
4892
8821
6034
9267
2916
3762
7
1842
4085
2658
417
4681
8712
5651
2459
1416
2782
9482
1431
9585
7372
4240
7598
4124
185
6341
9262
2621
2284
9635
2603
1354
9611
899
4720
5561
5201
4483
7570
1414
929
2363
4815
1936
3161
7531
4614
319
763
6112
4064
2218
9693
935
3500
2382
9661
9812
2748
5851
5709
4075
4334
577
1355
7789
9617
566
6291
9051
9365
7342
9767
6935
3483
9087
2324
7842
5453
5798
7253
3889
1015
9840
8039
8176
658
1691
5844
3666
8852
2460
6196
9253
3345
1562
7969
3554
808
7694
5039
5285
206
3558
1486
9013
829
7842
3389
9332
9289
4234
4268
2674
2844
8602
9695
262
3633
2807
3336
9199
824
4149
2307
5821
6466
945
8044
473
7258
9968
1670
1642
560
8623
8423
3176
7397
9493
9692
6479
440
4842
7644
7199
6188
534
5409
9075
4526
6658
9215
2557
4864
5051
6700
7094
2368
9820
7426
6491
9962
8248
3468
6433
446
6663
370
386
1015
2389
5441
7982
6784
6336
6566
4127
2515
2037
5452
6529
8147
5195
299
2731
8721
7130
7599
2289
2082
6337
2732
4034
9142
5380
1317
5712
9049
1860
7818
3742
4537
179
9314
8523
6629
4722
4913
1249
1435
5270
9060
3118
4194
5514
51
1662
6050
9016
529
1424
3706
4615
6158
8010
1430
5288
1935
5419
9391
1252
8099
4344
6321
8227
6039
116
9416
7501
7424
2578
1417
9725
4267
4581
1092
9857
2608
1834
3021
1945
7597
2890
3759
2349
532
1655
3570
8425
4766
2276
9778
2008
2708
265
4270
2290
7351
2282
8815
915
1501
1957
9737
930
5888
4549
1048
5455
7871
9963
2158
1083
1281
5193
5867
2004
3813
5678
7737
4477
3410
5494
4618
5955
136
1624
4171
8242
5446
5243
5173
2535
244
8496
7316
186
2306
1092
4230
3733
6531
9543
1105
9271
3276
4498
3399
750
4076
2225
6506
7880
5322
1145
7466
2337
2485
5257
2549
2840
716
2316
5960
676
7517
5581
5311
9350
4385
6183
5562
8283
3565
9990
7469
8721
1065
1285
8515
9818
431
5457
2602
2357
9679
4780
888
2626
8093
1883
4591
6784
7834
3516
1560
4165
6074
2329
9268
9583
3860
4242
6718
144
726
9870
6077
486
6974
5532
1626
6242
4142
6881
6245
7741
7657
2537
5616
8217
6439
2449
9929
1775
8856
8378
4484
71
3855
3774
4555
5934
9170
6980
8771
640
6562
2318
1953
9675
5570
4551
8310
345
4790
6140
4943
5368
9429
9609
7327
936
9051
874
7551
7866
6766
9323
1292
5987
2382
8185
7128
9606
4476
6626
7815
1345
2199
7214
979
9655
9115
2420
4748
7454
1287
7224
8114
3825
4155
2538
3015
5519
7670
2921
2644
3056
2071
8257
7329
7551
9151
6262
1763
3080
2366
1559
4713
788
1529
683
9138
5795
9763
8007
2909
3805
2915
4496
78
6216
7744
1664
9456
5795
9347
8069
3095
4798
73
9884
8600
4704
7188
6745
9437
6517
7354
7588
4601
8045
4428
9319
2065
1584
5747
1315
6913
2840
5631
5780
2478
4741
7532
5129
2285
4400
1983
5461
4717
9651
7474
7413
377
8485
2923
1434
4243
9052
5259
6570
3333
9146
5346
3379
9280
335
2385
5041
9595
6170
9494
721
9800
5710
2800
750
5211
3954
2019
9945
4707
604
6690
4350
7464
6537
975
5559
4446
8682
4394
7982
4065
9421
7951
1558
9520
5656
2231
9305
4182
8891
560
8430
6285
4074
3481
4661
1011
8172
175
2632
3154
406
8150
6029
6027
8826
8388
9422
3149
5261
3365
900
6955
5112
8416
88
4984
9961
1846
1860
1569
92
2664
7889
6051
8916
2699
9080
8826
3208
5961
4364
5423
8801
3889
3567
6213
9809
5162
2231
9185
4109
3938
3326
6747
7791
1535
2016
6411
2802
5758
7347
9284
4794
7256
5200
642
6559
6488
9428
3098
527
270
2003
791
4442
564
698
1902
8181
6275
2820
4341
1792
4659
2016
1299
6188
5072
2493
2555
8671
7751
8945
9641
7905
5873
9888
1001
8915
7708
9593
8768
547
2714
535
8302
4711
7808
9881
9201
7713
8374
5699
2829
724
8434
1590
6882
1299
6668
5551
8886
5658
2253
6887
9498
8889
8620
1547
8505
3066
645
53
5150
676
300
6922
5809
1965
3139
3314
7997
8244
7392
8963
2602
8925
3772
6972
7503
1190
292
3668
1599
8858
6387
4113
2383
6574
1570
361
934
5085
7612
6943
2462
1979
9948
2374
7071
8644
1633
4540
8235
6274
1369
2252
7961
2284
4151
5746
7296
9837
5613
425
3749
8359
6238
4765
3548
1049
4044
8712
7688
3681
3452
9814
1763
5531
3132
4728
3381
780
2584
5829
7697
799
5472
1092
5526
7604
6470
5176
2798
6902
6440
7970
7221
8757
7695
1841
5092
1906
8135
6564
9758
8807
5839
2273
6985
8507
1279
5640
485
4727
5860
6695
500
7066
1008
8746
3326
1337
6535
582
8369
1804
5737
6801
3438
9086
2088
868
3934
639
2262
6973
4201
88
2776
985
80
6853
9418
4898
5210
4104
4543
2833
9863
4103
2856
4286
4189
631
2399
9420
8313
8282
6409
4630
5008
4170
5460
489
4402
2220
4399
6974
2986
1701
9579
2047
1148
4357
6622
2794
2781
583
2590
316
9894
9528
5380
1327
4277
5608
5606
7393
8009
356
6697
4137
9707
2650
7299
2115
1637
7253
7619
6477
3474
9731
890
954
650
8727
3287
7029
6043
1707
9257
2040
2053
1696
7428
9305
4358
8759
7740
3866
4349
5766
1313
5459
5049
8615
837
5840
5568
9318
295
3493
6788
6528
765
2946
4103
1890
8823
3249
8728
4955
1819
113
5759
6510
6064
2684
4434
539
9691
9421
5609
2794
1415
1125
7330
9503
3668
9331
599
5654
6843
7682
6267
9791
5811
3642
7529
7255
4830
1344
5978
168
4771
145
9923
578
3710
1545
5730
4190
7828
7958
5056
900
7609
4203
1416
8173
777
2483
501
6256
9878
5389
4925
8563
8369
4239
4132
1080
7919
4741
5690
3359
8490
432
1252
9014
4357
5588
2253
8429
2080
2291
7039
2350
947
1919
3378
3666
6452
2746
9933
3169
6687
1236
8183
3249
9202
6067
4739
773
3927
3194
5505
8110
7987
3209
1922
9764
7890
5249
5227
338
1589
7694
2979
8381
2781
7059
5154
4736
2878
1371
286
3851
9774
9260
4042
3029
1778
2274
19
3341
3268
3358
5639
3693
2258
2950
8292
261
3361
6707
9552
9394
5004
8492
2378
3667
5577
277
2992
4428
3985
5098
691
8382
872
1617
3913
3782
894
7279
2633
1908
987
7418
7818
4592
7267
2089
7440
4755
3340
1064
6260
7837
3953
8537
1080
6649
945
7801
7292
530
8695
1611
2729
1828
8013
8001
1410
2514
9499
844
1992
3984
4223
7098
9810
1800
1598
1640
3917
8093
2250
3434
4270
4310
4193
9387
9342
3524
4031
7992
4662
3843
1591
4854
1696
22
3026
535
6727
584
5332
7336
487
1941
4813
5478
5547
370
4995
5418
726
258
5312
459
3515
6421
4013
779
9905
1584
2238
5487
5708
760
6896
2447
5193
5846
9475
2969
8822
2918
9618
3792
6281
4974
5307
9301
1344
2958
3218
5210
9405
3268
7793
7158
47
8691
9585
4886
9046
2934
1155
5071
7619
1164
8232
768
5640
2409
4067
1768
8311
8125
8444
4747
9149
4216
6368
3199
1493
3286
9484
1918
9655
2239
5394
2894
4816
3139
9295
1426
1546
9209
2894
1617
3105
9087
8889
1993
5941
1720
1899
5476
51
9264
2009
3611
2705
4192
4382
2361
1142
2985
4659
449
1133
5755
8590
6793
198
3687
4055
662
7756
4333
1351
3085
1815
2099
5217
253
4646
5419
9027
2998
7156
1549
838
6782
9329
3926
5353
4119
6392
8251
7211
7970
1278
9235
1392
2895
4805
3538
2021
9999
94
730
2082
4205
6304
1106
6637
298
5464
1790
2675
5549
7664
3664
8331
1996
2636
6530
2603
5953
9236
6774
4602
7145
9452
2066
3903
3137
9035
3995
9678
3236
5185
1209
8797
1624
4267
6067
2177
2415
8022
6295
1141
544
9393
2993
1521
2197
3158
4459
470
7372
1099
6840
1308
6597
5577
592
5718
6310
5928
561
6627
535
6659
9662
8213
5389
6200
3329
2557
7227
2905
4466
1334
519
4577
3697
8917
3246
7199
2448
6523
9452
7681
6590
5656
4555
5501
7536
4270
1047
9921
3198
4611
2937
3596
8707
8181
2704
1590
1923
903
4506
7919
5634
4676
2621
4858
8207
2687
218
5942
3888
2290
6272
89
3543
1589
3092
7453
2327
4599
7359
2766
9525
3978
6893
6185
6366
1000
877
9853
7098
5976
4561
722
3655
1394
7341
2485
1027
6903
8904
46
6521
4740
467
7432
4244
2581
9154
8188
624
3455
5800
7442
4221
4692
110
7004
2726
9446
7175
2452
1896
1625
8340
4117
279
7949
2077
961
7903
5191
543
5762
2063
8645
8112
744
2658
6974
6409
5593
3639
7651
5387
363
3556
5495
9842
5981
3968
1784
3058
9548
4641
6207
7830
2168
7853
6309
2786
9147
1033
3233
5717
5983
7258
3038
8729
1284
1414
6788
8994
7412
6826
5325
863
6050
8304
5877
7622
1219
3795
4483
1386
1208
905
5983
555
8059
5595
9781
5696
4485
6600
4505
8441
2505
4166
408
2299
5168
694
6742
6324
6015
5104
9802
2633
8377
8984
3503
2649
2678
6295
3561
6414
9210
7640
3345
5712
28
5814
9709
1934
3093
1674
4208
4840
3589
2492
1085
3099
1628
9846
8715
8635
3263
9166
5926
4746
2449
1320
5816
886
3383
1936
8145
7745
203
7798
6526
4303
4206
8735
3905
4553
3044
9250
4722
7466
4197
2389
1584
3186
9775
1097
9535
2152
3977
8972
7952
4798
945
710
2909
2492
5756
9023
971
3921
9703
6564
5346
6842
378
5875
5132
7853
9929
6973
3440
8846
1558
289
8160
9816
7253
847
4050
2093
4111
2121
7422
8766
9524
3476
7038
9140
2815
6770
9051
3313
9644
2934
7050
415
3775
7612
5449
4509
1210
798
9008
9046
9822
8642
3283
8916
1065
4722
1246
8626
2027
7552
3522
5330
3898
9372
6694
4486
8959
1061
9828
4107
8665
1431
4826
9397
9474
4703
5414
4777
1145
7916
4468
6733
640
8801
8243
886
978
3583
5004
779
2972
7041
6198
5278
937
4017
3909
2462
8478
6171
8438
8241
6900
7555
8830
5066
6612
3078
9530
9533
3372
5257
3188
2399
6988
3110
1905
8104
7246
6124
323
6952
4111
6443
5581
1721
9635
1458
1003
660
1640
3790
9021
9592
2442
160
9274
9831
5012
5224
1663
7153
1453
7462
6627
5806
4740
1163
7106
5032
1850
5007
9211
1113
7986
3340
7311
9804
9160
5326
2652
7657
2712
3781
6675
9156
1194
2950
5463
4716
2119
256
6200
538
4920
5509
7261
7095
6424
7601
7844
7486
3437
4041
3799
7548
3907
2282
1247
311
4749
6658
6188
1756
3323
6472
1781
5111
7919
8623
9711
6972
8076
3721
3881
5595
6337
9364
9513
9861
1831
7470
4485
5974
4126
9449
8850
453
5663
9369
3125
4156
6597
2638
1372
476
6991
1709
5757
4877
7281
8227
4043
8778
5499
9747
7871
9424
6327
916
4245
1351
1697
4910
734
4253
9748
8549
6523
1582
4856
1648
8023
7774
2517
3502
5462
9781
8905
6527
7867
5623
5769
3674
2471
6361
6890
807
5281
256
2819
4773
5132
3406
4358
3980
8931
6993
6021
5775
8235
3578
8274
6262
3399
4592
5336
8698
4954
3243
5836
4190
1528
6380
9085
8246
1027
1422
5876
2588
2871
2702
9942
9701
7033
113
4181
5620
1537
8356
4034
9888
2866
850
3413
7322
8599
2999
3209
391
5009
3677
6852
1817
6708
9577
2920
9985
6647
5668
7994
5705
7104
535
4289
8619
9728
253
2204
1172
3543
8285
7771
1570
1482
593
2023
1313
904
1940
5851
6074
8308
390
263
1398
804
2287
1096
5434
1730
2515
746
2928
9344
7797
2036
3499
6517
8466
6684
2344
5521
605
9995
8321
5135
6971
210
5836
5607
9270
9364
5856
3200
8647
4981
2553
3770
1384
4767
5774
4427
9967
3309
3960
8732
4027
5008
4219
3788
8209
1266
6441
5792
3532
2409
7049
7289
9606
9100
8981
2601
7029
689
6842
9016
5569
4735
3185
2856
4241
6039
5050
4945
7187
3962
8303
8184
6557
5161
3171
375
7220
4208
1313
8951
1221
4780
3652
9917
2990
7593
7605
9597
5486
1144
5052
9601
3122
3995
465
9538
6344
7416
2757
2849
1824
1826
660
5756
161
2656
2134
9987
2573
2540
9390
2692
1497
3135
5563
5618
6125
2287
4338
1768
2983
8311
1906
8004
4861
9153
6819
5361
5031
6601
8359
9027
7691
8684
6043
578
8098
3815
7534
1470
7427
7689
4992
3032
9956
7448
9205
6697
5343
5255
4591
6365
2527
8818
8871
5638
6456
3873
5876
7380
5418
2056
4558
1410
3331
8877
3847
8237
9526
3681
5548
6820
1216
8724
4665
6907
5966
8578
3685
2443
5787
7205
3967
429
355
9906
3536
4859
9356
3681
7890
3319
4026
1512
179
3558
8838
8563
1379
1947
9172
2702
1455
7389
7055
2580
8263
7855
6816
1227
1407
1108
9360
8236
2450
1444
5939
6543
1461
3953
4209
766
3885
3737
8139
7886
6165
7743
132
265
8366
9302
5764
9296
5794
4780
7221
5701
8278
3549
869
8002
431
8659
3593
9139
3988
6012
1500
550
8532
4171
4460
8417
2891
9177
4272
5139
9155
4841
3802
8514
822
9580
9840
5317
9020
5522
9118
4729
2446
9649
954
4231
7019
5638
3719
481
8556
7689
7008
5390
5381
9140
8604
4610
1850
566
2362
9255
9257
2450
1903
204
2198
6822
1344
4461
2121
3752
1330
6774
5025
1404
3153
1352
5940
3783
370
1197
3485
7969
3267
8245
6644
613
1938
9187
6693
7186
3040
1505
173
8682
71
877
3928
8822
2524
4478
199
1560
3945
5667
8704
8171
8454
1934
6082
3634
4854
277
8379
2862
7479
1862
498
9934
9397
1688
511
4913
190
5145
7345
4475
510
6145
7063
7598
1056
8415
1150
9037
7133
3647
5889
2526
873
1980
7836
9610
7187
6976
9893
1704
7828
2753
8874
2680
1065
6008
2666
2785
8451
5775
4332
8513
7535
304
7749
5443
7622
2773
1106
6656
2812
8635
6265
7286
6773
3847
9998
4874
467
4100
310
5556
3063
5855
3026
2246
2261
7357
3130
6452
6834
4193
7220
5048
6596
7395
3186
6994
9001
7008
5251
3583
9524
2106
8680
4897
4611
3537
223
1564
7257
3399
6519
8298
1619
8988
6623
190
9449
491
6550
5010
279
9360
6201
2822
2377
8548
4170
2234
6527
7397
9211
4198
4568
7866
2669
7938
3967
8603
3157
1834
6791
6164
8490
4362
4941
9132
6612
7718
4953
2357
2402
2491
5135
9498
9697
3763
7269
752
5146
5870
9593
3634
3191
2103
9513
1567
2834
8434
8286
1584
889
2647
9315
349
735
6729
1318
4947
109
3299
7977
9442
6468
7221
8148
9489
6205
8134
6322
8679
1398
8812
8817
1720
7822
406
4380
6833
6827
8839
8094
2810
1120
3602
3427
1238
7863
4017
8942
59
5031
508
6572
5311
9286
4642
9976
5284
3070
6558
6088
9693
211
3262
5033
9649
2709
7919
4701
7657
394
4069
7201
6125
8025
7806
3929
3771
9646
1375
9972
1723
9446
268
545
6672
2039
180
1110
412
2177
8569
2297
9806
629
3630
8324
1180
3655
5179
1033
5772
9542
7051
4447
7110
5518
5945
5601
1333
4023
8907
7817
3340
9641
2034
4512
2784
1845
1842
4016
2546
8582
5410
5929
6216
2091
3845
550
3873
8903
8117
8082
2012
4924
6893
5669
4535
2852
8559
7635
6848
6063
73
160
5524
5552
5827
1130
3679
6596
8162
5057
9004
6805
6705
3289
9776
9070
8070
2132
3666
454
8218
4878
8608
5923
740
2538
6377
3953
7917
1496
5953
105
8117
7063
4543
9982
9814
4623
3203
6738
1312
4520
3349
2211
2941
9585
9737
2716
6404
3982
5409
586
6172
7346
4939
3210
4363
6494
3946
7906
6890
4330
2243
6789
5229
9734
5534
7788
8859
6339
4767
1483
4376
2080
8784
8117
2136
2937
5298
3721
9631
9111
7302
8485
656
3508
1488
5310
7348
3823
9498
1182
5340
809
85
1752
2003
4755
6500
6252
5613
4909
3885
9004
9405
8928
2977
1629
9714
9698
3612
9927
1160
5724
7506
3680
8618
5545
8206
3806
8308
4603
4400
9536
651
1870
6973
6702
3329
9796
7894
208
7288
1498
7027
1110
3404
416
4707
79
9372
3019
7999
5085
1625
4493
6431
9205
2514
9236
8130
6711
8729
741
2520
5674
9294
9152
6569
9918
4151
1466
4672
6488
9891
3443
642
9747
9951
2913
9506
4461
7750
5479
71
3349
9593
3957
3126
1673
256
3677
4897
6940
8384
4244
2865
1161
1915
8288
5951
7219
2179
6359
3361
4727
2017
242
2459
8957
2357
6328
3762
4652
6976
886
517
7984
8842
527
578
361
5320
3365
8444
8778
1274
6737
8628
6350
909
7527
5461
9758
5706
210
5056
8891
6400
3763
7215
4353
4779
9532
9135
3305
4244
2335
328
5223
1345
8500
9467
5625
9016
8681
1381
8858
7011
5890
8607
7752
753
4952
4206
9025
3434
4415
8365
2820
3813
7587
4625
5824
6244
8828
6087
2687
1230
1423
4509
9029
2108
3308
7005
9532
5829
6066
3241
276
113
3330
8050
2121
2718
3130
8277
9914
9316
7796
8611
7492
8678
9020
6713
4232
4968
5332
8185
7042
7205
6899
4089
9937
9264
5097
5452
3670
2209
9560
3361
5462
4450
3366
9707
5084
114
4259
1665
1557
7834
7033
1066
815
7562
8174
5234
4993
3036
6982
6072
9576
6906
2531
566
730
6618
6905
7737
7798
6813
7497
6014
1630
129
8123
7257
1416
6465
477
301
4016
5453
1537
4929
7221
9379
3585
8473
5788
4150
316
18
4669
7004
9653
6910
9527
9834
8964
9608
5542
4851
6870
8441
8469
4361
3870
1616
6841
2407
9012
4914
7384
9025
8790
1408
7950
3264
7375
6503
7152
5792
2435
6106
4365
8630
7873
5841
9980
9825
323
6497
6445
9819
7203
7861
6558
4071
8783
6996
2560
6928
2034
9838
2132
9144
1300
3802
470
2787
5732
5362
9597
6003
6036
112
3426
3929
5573
9676
1284
1556
9538
6363
1433
7294
6275
7136
3755
1501
2316
254
4451
7163
1120
4721
4446
8391
4158
1338
9112
6343
8326
2845
9718
4927
4016
4261
4899
3162
7791
9686
210
4950
3542
82
4293
6678
5118
8314
7648
4512
1842
6533
5690
4633
2879
6320
769
4686
8675
7424
769
3052
5385
929
5891
5564
231
2125
7183
3219
2483
6109
1400
4511
7778
599
9311
14
1259
5906
1850
7653
268
9883
2627
9399
4089
7154
9121
752
4553
7188
5964
6112
6560
6424
5964
4777
6184
2433
6233
6220
267
5740
8164
4632
5437
9213
942
6947
9326
2787
3304
3310
8342
1071
7082
3453
7104
8293
5777
1356
3547
7069
2571
8005
8441
5314
5068
1754
112
6301
8106
9524
5923
9296
5781
2233
5436
3004
210
2997
9190
6476
2851
9232
6460
1556
8977
8534
7093
9296
8199
806
1488
752
7012
2508
1660
8338
6974
2209
887
2654
7920
5611
1067
906
2516
2293
733
7692
9154
2815
1006
1588
37
2156
7862
1996
9711
3551
5883
7615
3357
6863
7672
5632
2266
1782
4161
488
3007
3532
4226
8049
9938
6496
2468
3351
2454
2660
9756
8821
2676
9811
8188
6213
2947
4280
534
3351
2373
2714
9255
619
874
5738
4830
2503
7708
829
504
8881
7174
8172
9015
9113
7680
7507
2344
5692
8213
5694
6897
3253
6203
6028
4917
6790
9040
9417
9244
2134
3085
9186
3137
8742
1112
5493
129
9975
1452
2782
4135
2974
2107
3749
8046
1763
6722
8795
7706
2027
6647
7424
4349
6687
8526
9677
5227
9034
8638
2831
3720
1509
8718
2446
1271
6455
6676
802
2480
6452
2464
2653
304
2872
683
9661
5144
3877
4985
290
1246
2469
2043
7672
3608
5157
7169
2191
9088
869
9285
8830
5697
1132
4444
1669
2129
8131
8348
2565
1812
9636
2288
351
9152
7330
1740
6235
3561
1841
9297
8050
5083
3176
4823
8625
5454
4683
2241
4447
2076
1005
2478
5018
2476
6586
6600
2995
1201
6898
9306
4250
9016
8892
631
384
4774
8117
5494
9127
5093
8407
5798
7417
9508
65
1512
8377
9544
4133
3241
9713
8505
5116
1419
2273
2588
7823
5718
8963
3455
4641
9693
8220
2983
5311
7219
3206
2360
7117
3191
8269
2044
4117
1173
4371
8409
1979
8207
5192
793
6488
9029
2226
9613
5129
5394
1563
5083
5545
3369
1066
4706
45
5350
9778
6088
3392
4156
4195
8625
4884
4543
6945
594
7288
7716
6197
3086
3870
1764
8163
4185
4528
8747
5412
7786
6258
7500
6976
9238
962
6041
9295
3890
1655
912
6858
6399
1945
4693
7741
8829
6491
6583
6803
5042
3056
1501
4333
2649
47
6767
8377
5979
2123
4230
3940
7278
2771
8032
7056
6823
2895
6484
5992
6790
6937
6805
5248
9089
8505
929
6547
9163
5815
9268
6053
6483
9220
104
2049
1637
3908
2096
2033
2357
5935
818
6063
5942
481
6559
2343
7861
1177
7216
8504
7538
9572
681
8497
6859
5005
4376
8357
3585
7142
3387
7009
257
4285
8324
5358
2861
2047
6270
6047
5044
2454
7631
4611
690
865
9721
8912
6287
2194
379
867
2573
8128
612
7748
8753
1525
5427
5704
4438
6657
9524
4605
7191
1807
6503
7245
7102
1743
3993
7107
5312
4080
6039
7341
1371
6930
6533
183
6132
6509
2517
3235
882
9556
2356
4934
8813
7374
7137
9563
8278
5547
6744
6945
2478
1133
1020
3859
8597
2316
9349
7477
4109
8386
4906
6322
4845
8000
6402
1008
2099
7493
9469
2221
5206
2222
7837
5233
4391
3918
3763
5068
1703
7622
8041
8595
5961
8554
3034
5167
8861
898
5725
8146
5592
7875
5601
3033
2503
3706
3117
6338
4010
7270
3799
8447
2864
4797
3577
1067
3673
7321
3048
6398
4348
549
9353
4436
3482
300
9095
2592
527
2047
6781
8490
4277
9087
2340
25
6367
5664
1632
8928
7314
498
9904
9421
2589
6417
9975
1495
8080
9640
4572
1525
8076
5623
6006
3084
2353
5438
5214
8026
2841
4924
3165
5637
2484
97
1095
4973
8459
7780
3609
4043
6663
3978
8769
3650
6991
8624
3231
6781
6920
2431
8170
2343
4750
7031
6525
7373
7780
9995
6716
6707
9636
159
3061
1202
2418
336
2213
7594
9945
2683
7164
5137
7981
873
4964
8676
9590
200
1314
8445
4775
5588
130
1899
5548
4227
2548
8231
1612
12
876
1141
3037
5601
3182
7195
2629
9626
2928
3464
6593
5145
5412
7877
6396
5401
6951
9038
3068
8626
1645
9124
3645
3031
6423
7505
3993
2544
3213
2418
9402
5969
606
3371
5104
1380
3060
6379
3328
8496
8409
1774
7802
1881
9330
3951
2893
7101
1603
9002
7790
6129
3575
5579
1932
3710
2961
9395
297
7774
9501
8867
5064
9462
4645
1352
3144
1900
7900
4923
2949
4367
7497
6391
4280
7273
9168
6129
776
5173
5750
625
411
4257
5579
30
5503
1658
5976
293
8657
8859
7392
622
493
3253
6753
9955
5318
613
3790
4824
7863
7052
3600
6217
4687
8718
6455
810
5434
48
8907
6831
8658
710
2809
2235
6648
8949
4810
7088
2404
1019
7422
9906
3676
6234
6656
9146
2789
1219
7044
6637
1882
6925
8965
6698
9812
8180
6999
2241
2143
8886
179
1298
9227
218
103
1384
9255
6766
5965
2759
3042
6667
5859
763
6791
9253
9697
8086
5871
5490
1681
9549
2856
3229
6604
7911
7411
2723
2506
9866
349
5394
712
7313
3939
4274
5083
1878
1737
1194
6091
1320
4441
6063
7253
1198
5551
2735
4920
7535
5020
781
315
1025
8741
1560
8635
4952
8113
5482
86
578
5865
2605
865
2123
9427
4776
8830
2910
4225
8570
4835
6957
4934
5417
6084
603
1919
2049
7730
3279
2447
7656
9350
8604
4865
6799
7679
858
2317
4603
3208
1109
705
5210
9322
4047
5054
3992
938
8782
1529
9271
4373
5914
3991
7966
7378
588
4814
287
1042
2155
3518
5692
6191
3494
8907
1907
5290
754
1883
5938
886
5840
8868
4960
6767
2203
8489
1188
3315
5624
6675
9069
6118
63
6617
2336
8995
5302
19
1901
441
4386
9628
4832
5670
4419
5307
9291
6412
7230
29
8902
9923
4276
5185
8223
8189
9797
778
6796
805
8743
5438
7172
5990
7326
912
7123
8335
4804
3657
3180
922
4575
7722
8600
6189
2291
1696
960
7111
5594
4005
7438
3905
2211
7603
3572
6926
4257
7088
7749
8890
2319
5558
5914
7775
9293
8093
4863
8335
3591
751
8106
1297
2911
4880
7246
3488
4509
5514
1437
2339
2017
2990
3738
9752
3881
4708
2479
1083
305
8129
9627
110
4275
257
2367
3047
3046
9034
1709
4006
4194
7268
8255
9427
3947
3069
9398
7282
1406
1035
7336
2948
6558
1410
8879
7029
6700
7293
7283
7376
2057
4241
5315
7882
1634
9191
1245
8524
2552
6935
7433
4573
4210
5148
8744
5471
7658
1204
5309
6715
5067
9783
9806
1083
9135
8996
6183
755
4599
6537
9366
6537
5309
2501
8824
6823
7099
1117
3267
8333
8939
8557
7971
911
9043
4678
8165
9507
646
4402
6117
4272
1300
9463
6254
7717
2023
6753
6559
2930
8037
390
8419
3343
6172
234
9496
3589
6560
6998
1412
876
6421
5371
1637
4096
6553
8342
9129
2922
2591
7
6514
9326
7947
4810
2602
3025
35
1832
2853
5564
6475
6110
9224
6935
5217
7564
906
951
7814
9582
5229
9358
9208
7262
2284
2795
2772
8953
8713
7127
5176
4616
5930
4901
2225
4524
4885
5597
4832
1902
587
878
3226
1506
758
2902
2863
2543
7028
7390
9822
1537
5930
5587
91
8064
9340
1372
9367
6537
6769
7987
4466
710
1921
8023
8787
9829
4224
2143
3847
2086
2433
1403
5241
7932
2151
944
5893
9846
16
6091
2168
7695
2666
2054
6654
7764
1183
4101
1685
758
6948
7841
6850
5992
645
1824
3073
1086
1426
9949
7606
8333
1628
503
5570
2518
1174
3748
9932
4403
8753
2903
3583
4113
1984
8455
940
2072
4588
4814
4072
1143
1718
9865
29
3500
7523
372
395
1022
8168
1226
4957
985
8716
2709
8337
6546
5165
3857
1760
4239
5125
102
7928
6373
7431
232
6032
1383
8801
6620
1086
1360
6013
8208
423
7056
1595
225
5008
7533
4228
6171
6941
7152
3183
132
6626
2181
4945
2113
2224
7509
3046
8819
8938
7600
3752
1941
4858
7923
8256
7345
1844
6376
9977
199
1559
1935
5308
5816
3647
6788
8280
6026
7995
2713
2035
2536
3763
7294
4060
9029
2402
516
2036
8044
6831
3988
6463
837
3992
8163
6967
1940
3261
422
2470
314
1097
4449
7396
9678
3086
9071
3248
4312
4055
2668
6750
3232
5019
7025
3310
1641
9785
3241
7380
2518
6002
3765
1929
5233
8236
9304
6900
4592
7914
5558
7172
4342
9912
8980
814
1118
9783
9757
474
2093
2952
675
5646
1893
1620
4167
7755
9880
6356
6790
2008
5075
5650
8640
5768
84
393
5294
2344
296
9362
7664
9407
3563
9288
9043
263
1870
6306
3918
2264
7725
7947
671
86
421
7913
1443
5667
631
1505
4788
1668
2058
3096
410
5458
3656
495
3895
438
2670
2102
6274
1603
9700
4399
7676
6648
3295
5122
3619
5419
7125
5817
3839
1804
5062
5384
9753
1251
2209
1901
6154
4303
9367
6090
629
7938
3968
8878
9138
6339
6812
8876
4873
3838
9471
7677
1636
9652
3055
5592
1026
3858
7137
6717
4300
9130
6080
4332
9577
2634
7264
6108
7775
9247
8482
3391
8717
2365
6745
8460
9634
1184
5615
6745
2840
2547
6474
805
7343
103
9695
3748
5412
8715
7614
3579
7542
4181
5713
6131
4698
4462
4239
2591
9611
2369
98
5781
4447
7774
8030
8151
9143
1665
8988
7213
4754
508
9465
9946
9563
4627
931
2277
844
930
492
3240
1114
9073
7176
8851
7574
4819
1635
3106
2805
7564
5422
4278
2308
4810
8724
3177
3463
458
2747
783
8636
6464
3771
2420
6288
1547
2605
7860
9931
2524
6552
6111
8106
1370
3159
3985
1201
1436
1006
1878
1101
1826
5846
8588
199
4069
8
6592
9518
663
6533
8867
3295
4055
6819
8213
3206
321
1865
4024
2360
9661
163
5256
2036
8261
5638
3495
4950
2730
1734
9609
3605
1229
6733
3967
9539
1123
2861
9754
6355
117
3407
5395
2258
6009
3621
4714
3088
1940
1945
5579
3134
8915
8039
3591
2846
3515
9829
7078
9345
924
380
6112
7863
3994
7924
4029
2619
6785
4292
6703
378
1813
9053
9362
2718
5511
3745
7348
1444
8133
7507
7860
5336
8452
8231
7094
2005
7391
1091
8850
4315
9281
7998
8303
8756
1965
461
2912
8443
2024
3122
934
2764
4977
7247
815
2212
3764
7764
749
8790
8087
6813
2944
49
7204
7725
6286
6051
2508
8830
6773
2652
6986
7185
4670
9153
608
1989
7204
5623
5893
7431
9818
9275
8925
8868
4346
2370
5908
731
5678
6591
1952
9539
5357
2233
282
5688
8662
3916
1618
3841
7140
7186
2679
5926
4448
9423
990
1646
3521
9949
6971
7340
4994
1598
2533
9787
4863
650
8036
4103
7067
3046
9029
3171
7766
2521
9741
9126
1723
867
6999
6520
9732
6087
4788
4514
237
8653
8753
9548
6807
9052
1740
6767
8024
9610
5965
895
6932
588
152
7702
7978
4449
1550
2848
1380
5532
4353
4586
4271
8547
249
9539
1411
6988
6017
7322
4474
2389
663
2717
7135
7192
7073
4307
3661
6852
140
540
6044
8547
8602
1235
9980
9152
408
7894
6493
3877
1195
4837
9273
6249
2845
6937
2427
1154
2249
1312
5276
863
7798
5013
6344
4554
3759
5692
6752
8877
6183
5634
7183
5418
9788
8977
1755
8302
7906
1592
7751
4816
7908
7056
2049
8118
8541
6793
9002
3094
2665
173
1998
5530
5063
3062
2648
6514
8064
8421
4103
1689
9446
4855
6600
987
8748
1119
8857
8592
2838
3535
9258
3062
4429
5574
4283
2335
358
5801
219
108
8869
8002
9372
3093
4466
7831
1849
9272
627
5551
7133
6059
1408
7049
7823
6342
4190
5748
5988
6446
985
2414
7535
8020
5477
3188
5225
1473
7081
3264
8830
8843
7437
4501
5893
3457
9045
8434
5312
7155
6161
1314
5740
2644
6894
8352
4965
6523
2823
273
3757
2469
2132
4788
6531
3800
812
5955
8730
1361
4437
4980
9996
6606
9852
7558
8176
2804
9296
5683
8436
767
6975
9861
7171
780
7014
1245
7604
3979
344
5079
9575
5401
1683
1754
9012
3480
5028
3522
6433
1048
3371
5369
9090
3929
9096
3049
748
215
5008
8488
3309
1003
6004
5914
4706
193
215
6839
167
4174
3603
2877
2080
3978
8978
1018
1142
223
4297
9686
5524
7314
1640
9440
9509
5726
499
6289
3325
7563
8131
8836
9708
3190
6956
1817
5905
7046
4870
8229
5635
9850
1716
714
5159
8771
4810
9817
2556
7672
6396
5839
6953
770
6721
111
3934
1380
5315
8987
9195
6653
9282
8971
9107
374
9708
8207
2649
6848
5084
7094
8146
1526
3978
2151
5851
8127
4159
914
7500
2457
9259
2247
2991
983
4466
1392
6470
3965
7846
9248
4112
8591
2201
1224
8454
7193
7040
3984
4120
5896
6300
1245
7547
7031
4989
8608
4952
5960
867
6517
2316
7983
853
9611
5886
4551
4817
3377
8895
2207
8371
3237
4769
8459
7589
8957
5526
5081
6926
9791
1223
8741
8334
3429
7062
8169
2786
6192
5937
791
3711
1493
4246
5001
7526
8002
6528
7765
4953
9242
8547
507
6515
864
5068
3775
8120
1170
1830
9724
510
656
7680
26
8841
8603
4704
1384
9636
3522
8097
4472
7355
9248
2495
307
8118
6773
7356
8508
9981
5244
8544
7349
7385
2182
9301
5012
857
7946
6393
8296
736
7803
8334
3784
4535
4877
452
7785
126
8502
1200
6960
9867
9257
3427
2851
705
6482
4339
9910
640
6742
598
9826
9080
7613
6833
8070
4839
5391
501
4908
6681
4113
2588
6
5097
3525
5638
1913
1135
2171
2837
4510
5977
5922
1003
5272
135
4940
9277
2421
6517
5403
7520
6137
626
2486
2859
2551
7205
4117
5433
9267
2602
9606
7856
7242
7667
225
7240
7866
6946
8171
8536
8201
3086
4173
7887
8563
2246
4562
4064
7912
142
6389
682
6810
6150
9117
6477
2104
3849
1854
7561
551
5713
6485
5185
8156
5930
8156
4821
7389
3384
1172
2352
8548
8052
8304
5791
3402
5645
8795
3066
7584
5047
5176
8879
4693
4576
9304
834
7052
2327
3964
2261
9921
7744
1959
1801
2970
6536
5879
1421
7581
2869
9277
7326
599
4030
7604
4572
9355
9030
5634
18
7454
4501
5120
7611
1092
7071
1617
3730
1966
2035
7913
2544
3174
9142
3761
49
1322
27
161
1009
3571
5601
2029
1848
3503
6776
1667
7139
2731
1689
1596
1115
2903
3016
8686
7029
2574
5122
2072
9775
2678
7991
3354
8600
4522
1538
286
3102
7687
4598
1304
4621
8682
1060
4931
6738
6152
340
9449
4492
6129
6994
7702
8116
6045
3351
5952
3728
9596
3455
5912
465
89
8496
9731
4261
5958
7412
5810
481
1729
1020
4384
5637
8433
4677
7963
7587
1617
7617
3083
2663
1897
9928
178
5807
7004
7213
6824
4050
6004
2464
2367
5834
6810
3621
9150
6781
1684
3217
5413
7696
2820
3702
1452
4949
6564
2784
9077
7136
1191
6490
8966
5435
6655
2297
7863
1649
1923
7742
4068
5911
7108
6890
7861
3451
1316
5342
8826
7873
5719
197
3706
639
3284
3591
9526
2433
2669
8182
3414
2617
1760
4939
407
2204
3490
2082
1906
6443
712
180
9908
6872
8827
4020
6002
1912
5176
4542
9146
4282
393
6331
1749
6685
6574
5557
1524
4268
5741
4510
1773
5331
2536
1924
7199
3073
3644
2207
8431
1551
4334
5825
8173
3578
6482
7165
1310
9912
2143
4882
7292
5300
9552
7239
4143
5370
9063
1865
5545
9492
544
3948
420
6232
9947
9258
6368
495
2840
8033
9340
3566
36
9837
5048
8491
8161
5800
9333
6645
4275
1316
9281
4487
3606
4913
1194
7706
1959
8513
5505
6988
9036
480
902
8175
7301
1408
5299
9257
5359
7121
979
4917
4723
9409
3027
6494
4927
9093
3864
7772
4430
3070
2046
2174
5458
3702
2289
9630
3733
3469
2455
3627
3428
6920
9805
2451
2851
543
3074
6375
2635
8298
2780
8556
2912
2503
8487
4429
2910
870
2055
2412
8671
6991
4455
3660
5133
4954
974
2947
3434
2096
6605
4934
5796
8335
2747
8426
6548
2876
979
9428
259
1899
5690
6184
298
5348
7240
3010
543
9631
6253
1678
3704
7501
9622
5039
1387
4017
2591
2792
9129
4665
3782
8694
2358
6615
1103
2621
9403
1397
7233
5805
1711
5103
6760
4215
9550
385
7463
4046
9682
6822
3025
5188
1975
1994
8044
6399
7750
445
1419
2858
5673
2230
2395
2664
2744
7039
5119
5273
4413
9117
4759
9177
7285
9858
5786
5131
5501
9697
6525
6411
6697
9561
61
597
6740
7833
263
7703
9727
7923
5820
9105
2822
741
84
3205
2839
2737
5935
9405
8445
6362
8247
7144
9326
2957
5955
8456
9089
1519
4433
1752
9183
8311
9739
3007
3259
7029
8943
3936
3170
6117
7301
5889
8122
8179
7232
8556
9651
9881
5732
6444
6729
3117
248
7114
1959
2196
5222
7668
8112
7466
8905
7550
397
8848
5823
6813
5904
4006
1062
2916
7761
7633
1566
8577
3751
1488
4704
5838
2848
8706
7391
5381
2387
2251
2532
7618
3464
7985
4936
5182
427
3869
1484
7577
6014
9202
1404
451
2939
275
7592
2916
7635
5699
5440
1900
7242
5900
8244
9753
516
5074
8070
3487
2540
5678
885
8358
8766
2806
5480
3250
3200
9867
7913
9024
9824
5556
1013
3347
7257
1407
9308
1882
1295
1353
9013
8221
2645
3635
7464
8173
499
9339
7600
1993
6134
8771
7687
40
1921
756
9586
7248
3048
2258
8518
1380
2821
7699
8468
7486
1374
7483
8618
4650
6966
5146
3053
5430
5270
4416
7066
8680
5781
2284
6942
839
7987
1731
4802
6013
6581
3555
5006
9647
777
9404
7295
6944
4544
9691
7860
9807
4367
3434
9933
9550
2971
7681
883
4242
7796
8221
924
5412
3388
6262
3239
678
1890
9865
5904
4431
7023
8291
8506
870
7099
4278
4334
1891
7982
7941
4964
9923
6783
3339
6325
6422
2392
8987
8467
9834
8082
2572
8480
861
1861
9407
9916
5513
8765
2558
4299
7609
5507
8317
7133
9333
9049
5154
7188
3729
6562
7759
2766
8582
4765
4201
2988
6792
1044
7663
2418
800
5905
7433
6072
3268
1514
2086
6081
6337
9161
3539
1243
7230
2621
3990
2780
3747
9089
3401
147
650
5625
9554
760
2372
383
6621
1842
7750
5654
2814
3188
805
7146
3092
1084
9905
9428
3380
9125
1111
3375
864
1168
8455
9370
4920
544
9356
3362
3545
2990
3280
3779
6193
5400
311
8809
1064
397
7635
5001
7126
6
5828
2591
5480
3578
5823
616
4974
8522
4112
2766
1845
640
8883
4494
323
1737
1260
979
2051
7134
5328
622
7031
9702
6064
2277
9839
7524
6575
4641
3471
2596
1817
7324
5406
2409
9529
8611
6134
823
4976
5570
6247
5997
3336
1180
2832
350
4034
5383
419
2728
9376
5678
4444
8237
4360
9755
6278
3936
4630
5349
2545
1583
6705
1711
6133
407
6161
478
4639
2989
5475
8382
2447
9715
2921
5176
4544
3386
4620
3720
6964
2716
5244
8345
5278
8006
9091
2401
9106
408
428
3396
6115
98
66
2851
2183
2566
5937
2381
9956
5048
40
2318
1456
1137
5863
1178
6964
8584
4705
3618
5254
8287
4665
850
1241
3156
3318
4457
1656
3875
6181
3604
769
1428
3472
9219
1723
2573
3339
3148
2586
4053
5495
6607
8620
8908
1788
800
1159
8990
8848
9420
5507
8121
6394
4866
7524
205
6086
637
4127
236
106
3825
1241
6022
7669
9041
3501
1035
2952
6464
5030
9728
2194
7761
9397
2964
1878
5765
4899
373
653
7736
1453
600
9500
2442
9257
4694
8528
6611
9159
57
723
7348
9608
5913
2062
9278
9158
5333
9098
1160
5487
990
129
6633
8124
9683
1776
1437
7038
4416
2146
8430
8129
3143
4775
8174
3647
3805
4379
8766
4570
7990
5380
9563
6334
3730
5935
3102
4113
1637
7164
8455
8101
3787
5389
2199
6480
3343
2241
5736
9474
7359
8727
5951
7606
9202
429
3733
5871
4744
4742
2917
9309
7686
3113
2307
9197
6028
9928
9828
2735
2980
4010
7731
8833
3758
447
3967
1461
224
711
9780
9169
7904
390
2521
4525
1866
8272
8118
6698
8086
1099
3432
3985
7231
6923
8522
4143
5533
6650
1112
1242
4833
3165
2478
5193
7347
7080
7518
6838
5026
4950
9333
3392
2710
1973
2753
6688
6210
2420
8924
8355
7291
9668
4260
2796
560
3029
4881
4201
2494
6922
3611
9196
5097
4737
238
8740
5610
4797
7489
2100
9148
7983
2632
2123
1104
6263
2599
264
6869
7491
33
4444
764
9504
2534
6063
685
2495
5660
1712
2376
7293
3286
7870
8929
7235
3753
9511
8144
1404
5539
8835
7139
5262
2109
5865
4862
7042
9815
4179
8675
5841
1333
128
8671
2294
1754
9351
1030
862
9744
7908
4962
5537
5679
1033
966
6752
1601
241
379
9325
3375
6866
9313
5486
5017
8454
4681
8715
1049
30
4979
5281
1958
5554
8857
1756
2300
3972
5612
3173
2826
8048
7073
3113
1606
580
5367
328
6435
7473
3905
4057
1241
884
636
8824
9849
7145
3491
2253
7634
7051
8634
3769
5024
3187
1621
7101
5838
1871
6090
4395
5323
1528
855
1218
3829
3656
3416
5706
5645
4640
4453
7522
4970
1882
2056
2663
1584
1038
615
4605
3400
5452
8264
9228
8181
6205
5166
3056
8312
4414
4991
2638
5046
7490
9399
2392
7891
2342
4986
4143
8542
9480
8305
1860
4672
9617
6359
6592
2836
882
1540
3056
3213
9072
7076
1519
3532
8428
6557
7246
1672
6503
3091
404
1060
5573
3291
4819
9996
8478
5827
6785
6651
1028
747
9908
1094
2785
7605
7949
8999
8915
832
4645
5526
4181
8499
786
7857
81
146
7293
8282
5696
6254
3937
1730
2937
7897
6731
8793
4732
9406
2665
7750
2196
1333
6721
2759
2269
4486
8825
7953
5432
9921
3836
7838
6116
4461
9605
7470
1434
8136
9994
5029
8238
6865
9569
1210
3668
3949
8957
1151
1030
119
1180
1368
7748
3518
2261
2119
8559
694
2221
1436
6195
5677
333
3170
5363
4276
8505
7286
2731
1662
9040
9936
8701
5732
9635
7097
2712
5884
287
496
3939
2475
4500
1748
6716
6643
4752
6144
909
1280
9404
1593
6210
1623
5629
3497
895
3394
3941
425
5759
2657
6180
9285
5958
3561
9710
8687
6668
2349
5293
972
9863
5078
9815
1455
9640
6863
7227
5998
9009
8107
1337
3590
3666
8878
4160
3273
9844
7764
3042
3235
5833
975
3719
5635
6167
4921
6388
5306
6715
9008
9005
8110
5794
6070
8686
2355
2845
5839
5141
8677
5966
2154
9314
3440
3546
6774
3203
895
2037
364
9107
9153
1753
1984
7668
9501
2779
7333
4830
7838
2818
1390
8537
5150
9216
6070
9492
9518
140
5041
3958
1565
2099
4671
2811
6798
5629
5128
8119
4091
1216
2532
2973
1215
6666
468
6707
4038
5790
3280
3360
529
1553
3969
1139
150
7433
2524
2976
2053
1934
2967
8932
6672
3294
3
9234
5134
6792
9300
9811
1304
784
8129
8063
9415
9351
4809
2970
1638
2114
4943
942
7338
8730
8000
1864
343
5157
2440
9280
3522
1238
9389
1643
8751
4123
4508
182
6151
7023
4022
2527
3994
419
2008
6644
382
5616
5940
7644
1431
5689
1981
845
6987
8728
8591
599
388
6204
8858
9520
5098
807
3737
3187
7412
1883
4624
3303
5719
7158
2035
3884
711
7770
3113
5267
2699
3730
8341
8525
553
4440
1751
8654
7828
2856
3125
1485
4668
9240
4713
3902
6164
2403
3539
2266
2050
2835
1368
8102
48
4802
8675
8150
517
5749
5506
7380
4389
6532
9932
4771
2406
7640
7695
9143
1031
2223
2676
3946
9713
672
755
110
4866
3823
2760
315
6325
417
651
5772
3692
1447
7585
2174
337
32
3849
4419
1973
3405
4259
4332
685
6135
8377
6790
6072
1462
3102
6406
7699
8162
9807
2638
3895
3161
4888
5181
3769
4007
8936
4264
4705
5528
4588
1208
137
8679
6866
3893
9534
6717
6217
3499
31
3243
1366
1952
7483
4006
4225
1491
8371
4268
4793
7607
7244
1351
8984
2888
122
8863
4120
8097
6569
713
3852
1806
2969
6152
3397
2539
1942
1043
5592
7838
2121
5164
1607
8674
5121
3060
6045
893
2889
1182
4064
4523
7957
8155
3895
3001
7696
9989
5787
1914
6166
7498
6369
4396
3590
2806
1497
2185
9391
8723
5785
2129
1040
8252
9116
6221
6205
6806
1362
9077
7634
6112
1864
8413
3842
3718
3020
218
5624
5963
6311
3078
84
8000
6915
9635
6362
7983
6695
6420
4850
7177
920
1071
4274
4919
2716
7947
8271
3967
8998
7432
9287
891
6735
5810
3779
627
9288
6916
3715
8731
6698
3833
7246
6811
4674
6876
8635
4054
1382
3910
5186
420
7779
3023
2027
5316
877
8256
5359
5982
7894
8651
6732
8050
6539
9104
4160
4873
7970
8850
2906
914
3716
9762
5040
5284
3557
3363
2177
140
5399
9962
6465
2898
4773
4731
3545
1968
8969
3519
359
3319
4833
5080
953
87
9718
2070
114
3359
6236
1204
1717
8376
6417
4120
5253
5915
6164
4694
3955
5534
3144
1804
4652
636
9945
4011
3633
1161
7675
5114
2706
529
3820
7952
3013
2145
8853
9468
3069
6041
7315
2051
4103
8136
628
4604
6778
4439
5949
5643
8756
8601
100
9274
9128
9847
7659
6747
2550
5679
5781
8326
5473
413
2724
5971
7747
2622
305
7281
9407
4954
91
2005
5261
6791
5407
4497
2364
5119
4787
1773
8790
1488
5794
3299
1362
2895
2768
7748
662
5388
5309
7968
57
8786
5924
6464
4419
3503
7538
8785
6903
4945
1318
5123
4984
9724
206
2872
6222
1527
793
2015
4670
3176
6723
1264
402
4480
118
4849
6916
972
9892
374
938
1927
8458
7761
4264
2658
5575
3226
3955
6646
4123
5462
8771
5362
3101
1111
1707
2736
1047
9890
6009
3704
6899
9431
6847
329
758
2597
9631
6434
1813
6361
9427
9725
5889
3234
118
6736
5087
2817
5087
646
3963
9143
1845
3042
3568
1427
4453
2186
9031
3205
235
4834
3510
4742
3729
9605
6626
1690
3079
147
8448
8157
2595
9133
8379
9600
7829
861
5758
3760
4210
5058
9564
450
8629
5306
2004
4436
3882
8359
3929
5610
1337
7159
121
379
9314
4941
421
4594
3067
861
1632
8851
9264
820
2281
245
6330
1761
8109
1426
2596
1690
9835
4516
8675
7466
4901
5120
1355
3153
3630
5051
2751
443
8269
5712
4502
6749
3510
1992
8588
3005
9710
7885
3208
9326
874
1646
6713
9363
1582
2330
5378
9806
7032
8746
2609
5639
2524
309
126
8189
472
139
7693
4576
6844
3728
9642
54
4853
8862
810
5991
8730
3469
855
4117
268
7767
858
7200
4513
5882
9284
2494
8525
7193
3696
3238
262
5164
4399
1808
5092
6926
7661
5446
2893
2014
6447
8194
2329
4455
6682
7947
7580
9712
980
3821
8619
6537
4627
5881
4545
9474
6276
6600
4523
5931
3529
936
3191
6138
267
8753
635
3562
8465
1160
8048
9389
5348
5133
3234
5867
4794
3772
1145
7486
1732
1427
6818
6961
6889
8712
3532
4430
5269
7776
899
2293
906
7856
1125
268
7956
2558
481
4221
1333
1961
1248
2786
9525
3312
475
998
7978
7241
1933
4056
3565
277
7074
7278
2048
8019
1148
9511
1923
7228
9146
8069
5894
8004
8822
8962
1102
7409
3109
4070
4490
3510
3434
2294
9401
827
2611
5077
1585
3582
3079
7321
9443
3710
8755
1858
8151
377
1107
9047
8087
8443
7876
95
1154
4478
1863
6514
4219
5383
5431
6042
856
9717
3560
6640
3146
4928
9377
8436
4173
2539
8072
9148
4370
4484
840
8209
5219
6351
6414
3452
731
5338
8380
7704
6682
8966
8643
6199
8767
8445
7042
8420
2826
9510
3702
2487
6127
8264
7132
4862
7343
5161
5740
6809
5242
9485
6184
8337
3388
6144
7658
9991
6017
3704
8940
4980
6875
8400
6722
306
9162
2105
4526
5996
4480
4407
8
3329
6836
8617
3725
6336
9171
8535
2408
7741
8338
391
7086
2157
5555
1775
1185
2370
447
1993
3026
3263
2041
7586
5435
3134
2546
1817
5577
7098
403
6354
166
4831
582
3790
4808
9056
4341
5937
2296
4871
3285
6198
2615
9099
4927
4648
7072
2543
259
7300
18
2646
478
6555
2020
4544
7942
8553
3729
2692
6633
489
7702
1275
2843
9812
6177
4629
4518
2709
3306
1429
5249
4535
8226
3179
1545
633
1484
2480
735
2422
7611
8146
5719
3432
9586
3144
7612
9775
2814
6727
7557
9761
7378
2918
3651
8977
4404
3368
59
6351
9635
3356
7457
8605
1704
1985
2661
6174
5997
3496
7934
6891
7748
8531
2633
8886
6102
1042
4294
348
1366
5663
9433
411
5150
9848
1297
9219
7554
4717
1807
7613
396
5472
2100
7997
9935
3042
5541
1892
491
402
1474
2634
7527
979
3724
3672
7869
3426
1032
7168
2506
6803
2233
3811
6242
9580
6543
7803
2146
7609
2065
5342
5120
5535
7636
5038
1739
6485
591
7893
9732
7083
2098
85
1944
9194
5053
750
7969
6661
6490
8083
9492
296
2682
9835
1022
3452
5750
2899
607
9798
275
9334
6647
3779
6865
8912
8335
7026
4912
8101
5437
8772
3819
7881
5569
4520
3632
9910
3177
4865
9878
6726
4773
5633
2782
4887
9140
2206
5579
7814
776
2941
5275
8786
3307
2003
8763
9933
3572
5339
6484
3056
1384
4383
4003
1799
2667
6982
5
856
4876
8229
4467
2124
898
8154
25
6726
3336
4385
1433
4916
4834
2603
9128
6069
8720
7931
8678
4478
3688
6029
7029
6842
8824
5634
7333
6328
7700
1744
5835
4631
166
3811
2021
7399
8322
1070
8493
921
2795
2410
9979
4952
3359
6379
3221
7450
3504
8931
3485
929
4968
3136
8083
4413
4725
4705
9360
8227
1458
8032
4428
4937
8277
7364
3257
2934
4127
9223
7903
3155
8796
8296
6853
555
7085
7830
259
2323
7103
4962
4679
7474
9003
7242
8963
4333
882
9000
6404
4893
7018
237
9977
4359
2744
4361
7752
3604
8015
3681
6532
1590
4992
6077
5045
6833
669
5432
3499
4610
7501
9548
5578
5418
6463
5457
8868
8290
262
9185
2067
9280
7313
7622
3536
8690
7570
4532
7973
7605
676
8697
2953
7792
3442
82
3303
5045
3419
2212
5253
289
6203
7384
8723
6506
9582
8886
364
5403
8376
6872
1015
854
1125
2833
7646
5074
8780
9124
6512
8540
3767
1102
3515
5833
4074
8114
9820
3214
9096
8979
4543
8322
4528
1455
3804
9269
5056
4405
4153
2474
2606
2007
85
5914
9653
9720
5482
5560
6497
6486
2395
9586
8005
2014
3293
8581
6592
5788
1510
3605
1175
483
3951
1836
9270
7935
8626
8263
7444
73
8043
9957
5919
9081
2031
3337
9691
4913
322
5156
2715
8802
9680
1186
9161
8681
1807
7968
2952
4535
7680
8443
8283
5071
5934
6554
7818
4946
4730
6956
2019
2579
9683
352
5594
1025
7857
2240
5218
3845
3397
7685
830
8576
1954
156
1465
5322
3331
1022
2284
8892
4905
4008
2624
6220
5550
1885
834
4126
6599
5739
8354
6353
2999
5631
3940
7135
2187
6899
7862
5737
7837
4444
6384
7879
5057
3375
9205
73
7431
3190
133
921
1074
841
293
5225
4618
767
8332
2192
2886
5738
5798
783
8706
5671
8944
9683
2507
1760
8719
4638
6805
9433
4185
3492
1202
7055
3195
2089
2624
7557
3515
3052
9210
3668
8987
1774
5206
5174
7642
103
3066
7992
9703
5316
321
8264
3597
1954
1473
9126
3412
1542
9226
768
6844
5151
5091
8394
8192
8971
9078
4712
5733
2265
638
4179
1965
541
9488
1337
7220
9905
9336
1206
4760
6979
4662
7822
8637
7494
8230
8273
4885
7452
985
8515
3537
2535
1784
1629
5662
3100
4853
2008
5550
7722
4192
6826
2473
5287
5346
8104
6762
2273
7711
3546
4962
3584
9753
388
1755
5230
4440
9431
3596
6294
1373
2914
7161
1425
8729
5119
3315
7543
4279
6899
8406
3993
741
1616
5483
1586
4009
6226
5868
6489
1538
9637
5876
3414
452
8356
8226
4489
7442
2779
7442
5346
269
1589
6703
7824
9337
7455
1154
5854
8412
8586
5428
3788
6505
6494
1991
2138
9586
4546
1159
9185
1900
2217
5518
1645
225
4832
4212
5259
746
2433
8429
986
8807
2646
7748
5668
8928
5168
9985
3509
5345
1759
4971
9840
4069
3559
4280
5939
481
2861
5007
9311
9368
8812
9863
3767
7517
5891
448
2601
6677
8497
2115
5801
2503
7528
2993
6466
8506
6762
1683
1883
1925
8193
3863
7107
2152
1964
6908
5015
2000
1091
374
9798
1077
2103
8200
3380
9655
1374
5561
6329
3173
935
4177
7992
5031
1846
5452
6322
1362
7972
3336
7510
3100
6066
8767
8997
1222
2167
287
7420
5080
6120
66
905
1494
3844
4142
4851
3593
9027
9289
4969
7726
7874
4785
2863
1192
1666
9955
5963
2599
7011
3664
9652
426
6136
1018
5613
8131
8384
8168
5661
5923
712
3569
4036
6529
5090
5406
4118
1722
4007
5476
8969
901
8852
8940
7348
4424
3672
2575
2539
759
5833
988
9173
4609
4465
1175
1670
6922
4459
1822
975
7514
2021
641
6879
3713
1949
6522
2678
6376
7553
6700
7602
6432
5255
9417
9743
4152
7336
7181
3579
4711
575
4121
4467
5741
2916
9196
6302
5404
3988
5955
6358
1214
7317
7557
174
3737
8243
470
915
8694
625
8719
8718
5118
9871
9903
9313
4702
1463
4292
3349
556
1788
382
867
4858
1181
8416
2379
3502
4113
7285
1657
9038
7697
5092
6371
4054
3002
7575
1966
3492
4128
8476
7374
5733
5640
8645
973
8909
7134
9504
9855
468
5060
8596
7582
8433
9686
5755
9459
6748
6930
2818
3125
4322
8313
2844
8386
1051
1366
3949
4638
231
8431
3600
2127
2522
8300
8062
1740
8190
2099
720
2342
5011
9367
2622
8431
519
7598
3233
3624
7764
3199
9674
4794
5958
9786
2731
7380
3685
9372
551
5410
5165
5716
3362
4250
5468
7281
9888
5018
3014
7165
1387
2640
8639
7415
9827
4586
3240
7736
9770
2148
9269
6812
9325
5440
964
2720
304
6128
6196
8616
5265
9661
4604
3157
1829
8239
9042
6963
4298
6919
9892
2987
5876
7301
7032
2503
4370
303
3031
4937
6474
4033
6127
3000
5544
3423
1196
8410
2648
4336
1216
1739
5952
2008
8852
780
6673
5345
7186
4052
8912
4552
407
4092
2305
6373
623
1007
3173
674
7096
1419
4842
6385
3221
1876
6336
2236
941
2827
5109
661
5826
993
5986
2760
1612
5062
9432
3116
430
5325
1094
9907
2987
1135
8214
488
7623
4838
1588
8438
6621
501
7995
2909
9150
339
8508
4688
5602
1257
2959
5344
266
6740
9639
2446
3276
9838
707
4123
1491
6883
9889
406
2188
8338
9790
3645
941
9093
7486
5645
6908
7150
9256
7569
5573
586
1927
6610
9632
2769
6344
6335
1157
9868
2111
907
6426
675
563
8251
4709
251
7144
2185
5658
9524
2809
8997
8566
9229
2436
5095
728
6087
6151
7602
9443
5154
7857
872
7508
3195
3631
4474
4937
5745
805
2550
545
5441
3429
4327
2406
8995
9240
4754
3235
6407
5926
8669
3692
1054
9949
755
5498
9736
4748
6274
8205
4828
2333
2920
1938
796
6831
7595
2035
6608
9246
1939
6039
6988
4221
507
5146
3594
6548
5521
2892
7441
5840
535
6540
3929
7430
8456
4380
6154
7024
1695
9849
6571
7630
851
2254
8059
2191
2782
7331
8982
3604
2334
212
3115
7963
4204
3490
2591
9102
5770
4819
3611
5781
4171
4845
4387
2375
4996
9148
6086
9355
9528
949
1704
1577
5308
2390
6644
3440
8949
8205
5690
7155
8100
9577
4039
975
8618
6434
9037
3711
2890
3445
3151
5448
4133
1274
5315
863
6700
3143
2479
8854
8496
4670
9016
8403
3984
3596
8162
1398
8552
5518
9207
9800
4046
7392
5683
5084
5732
1683
1792
5849
6134
1772
5034
912
2546
9967
4057
3025
5572
5696
4132
6611
7865
8930
1185
2389
318
2474
3649
5962
5649
9024
3109
4384
4044
7460
2480
7392
5645
3186
9163
6797
1831
4970
8266
4570
8759
3126
7488
1169
3597
3627
4780
3241
1567
5065
4667
7913
2181
9151
2029
9437
6544
6115
3916
1993
9126
6379
7931
1004
6443
9899
3986
6282
1802
8270
1915
2871
4354
4436
6960
9351
6857
8851
245
4861
634
2694
6875
966
906
9917
2278
7520
3710
2886
3360
4319
2648
9355
5522
4263
5300
8685
8433
8303
8467
280
1130
387
2058
2296
4857
7937
8752
4234
838
9892
2578
3575
9231
6819
2820
7298
2152
2370
3664
9604
8967
7467
3092
164
5040
8400
1170
515
3772
8892
1354
8432
7453
7814
3467
6571
8625
8094
6867
4994
7737
8542
1818
594
7808
497
8706
3479
1799
7112
6422
4114
9531
2366
6879
6646
8728
5175
9762
6831
8790
1125
9024
8909
790
4785
5828
9329
4237
2711
5186
1030
9765
8468
9251
7572
4651
6777
8105
2831
4513
963
5133
1993
4615
183
4362
166
3070
1124
8017
86
5943
1190
4058
5950
133
8144
6371
9039
7486
2199
5656
8861
3610
907
9225
746
9345
5285
5686
3814
4500
8491
5109
2524
9094
992
4015
6795
8528
5388
4436
5289
6855
2409
260
1240
4528
4471
9504
7404
2458
2855
5068
4321
9890
5022
3804
5230
5176
3670
4476
5309
1658
644
7969
763
8861
2247
6032
5034
6564
7546
3457
2042
1497
1405
4339
9580
6110
9635
1691
6598
7742
3902
2153
3574
3859
447
3039
9075
1072
8454
2254
1414
2306
1603
1317
9321
733
501
244
2477
4778
8364
7936
2359
7175
1066
6540
5001
2210
4950
3082
1498
752
3238
5567
9687
798
9978
8013
1993
7983
2012
9565
2878
6364
6670
9503
288
2311
1999
8963
7618
262
678
1678
3707
1036
7293
3114
3057
6499
1824
4410
2631
5489
4609
4491
341
6584
1905
3329
6008
2258
1531
7875
6460
7434
5507
4310
1587
3143
2437
8650
3910
6273
2669
2136
3824
8845
1493
7500
4380
5733
1114
3747
2646
3660
6720
770
7297
4905
2438
1756
162
9681
5340
9857
5141
5569
2321
245
8031
9928
489
5865
3738
3441
8895
5814
2716
9441
81
7994
988
2763
2053
6443
4538
1171
3753
8845
1324
607
155
381
6328
3306
730
4173
1803
9984
1179
5329
8387
3146
3443
1608
6498
4765
2141
7371
8553
713
3020
9254
7440
2921
4326
2541
2492
1424
3901
3953
1543
3515
5055
1529
9735
9608
3271
7403
7465
726
9593
386
7725
2223
2263
4361
2775
1667
9544
3589
3627
2295
2805
5733
4647
1417
7340
3647
7248
2986
6058
9294
7755
4349
8673
2414
8145
9730
6824
751
8330
2842
8103
2583
800
8110
3185
1538
1184
4852
9818
7535
1155
8696
1132
8499
9240
519
1687
4655
1519
6887
5179
5682
184
9832
3833
6900
2572
6463
5643
8129
1724
5754
9635
7184
8533
8306
763
8617
3131
8009
3363
1670
4185
4350
9317
3457
6069
2196
4532
3285
8915
8316
3601
2261
745
2899
6662
6431
5726
2402
1410
6707
1498
5141
2363
419
378
1521
6141
7302
786
3388
2200
5211
1902
2449
5958
2310
6036
3761
5878
9371
5089
8417
7183
7623
251
9461
9461
8151
7545
4895
3847
3634
4105
9513
5188
5221
1222
1016
7893
3387
5877
4540
723
4693
3918
8827
3958
1468
51
773
3405
149
6996
8659
4048
6509
4537
3919
9485
1238
9069
3472
6814
5128
9054
8233
7372
2722
1262
9512
8603
424
4934
5492
2824
5520
6287
730
6649
7623
9341
7846
8475
3556
3316
3686
392
3614
193
2592
5663
7472
7780
34
9375
8062
747
3316
9741
7467
714
1058
4903
641
3930
8293
8362
4964
9472
9744
40
2188
760
6042
3935
9957
9519
2224
3943
3706
8050
8835
4420
5696
6044
5805
1730
6921
6791
1920
7285
9070
4481
8415
9229
341
5434
2405
8712
2196
9600
9563
3737
7589
6382
1554
151
8792
5996
4971
6428
8572
6211
1712
6858
1928
9884
9853
5069
3190
1747
5110
1034
2155
327
786
8830
8385
8440
5727
7173
544
4946
7936
4095
4627
2034
2738
7898
6609
5244
8096
7061
4198
5446
1759
161
2328
5742
2692
9881
8008
5136
9218
8949
2381
2347
974
2282
3102
793
1058
6570
389
8488
4301
1958
3920
4804
9349
6076
7952
6612
4216
7216
4503
5954
8897
422
7573
1161
1748
4896
3801
9135
7824
848
344
3522
731
2690
631
1018
2311
8636
8397
9849
2705
7013
3611
9021
9925
3650
5865
9389
7384
9385
3287
3954
8848
8371
3947
6156
2780
1650
6470
459
4013
5514
4560
3166
7316
7257
5016
8603
1802
6664
9440
8241
7315
3104
6232
3292
8157
9276
5563
220
6255
9309
135
2889
953
7783
5018
8921
2117
9466
1038
1190
2501
9889
2017
3954
4287
5113
6818
2285
3791
7095
7589
3349
9552
4965
3969
5241
6248
6709
5961
6289
8882
6465
1323
8646
8507
7623
130
7787
1857
5642
3454
5539
4587
9289
591
1769
1423
5233
8186
3424
8679
5175
1670
3774
9743
9679
3847
3934
9585
459
2077
7218
8651
3905
4163
8530
4597
1421
2732
5585
6054
9535
335
5490
3564
4799
9156
6153
4802
321
7891
2163
3219
7255
1611
6594
4825
2848
6741
8626
941
1410
3835
1445
460
4014
1940
4709
1105
5711
6637
4745
7157
7001
945
4858
3525
1748
8465
405
8639
8576
9250
4000
9489
8418
6950
248
6971
5389
9154
1653
5062
9842
2693
1624
1481
8176
2148
2684
5193
1832
357
5964
8089
2418
3651
8925
5883
2884
1827
6571
2072
7276
717
8965
6544
3416
5867
7451
9061
45
3476
5746
5833
5216
4285
7862
997
8795
2725
4479
370
6816
8812
7137
294
4106
8045
2831
6080
984
7773
6716
7190
4798
8443
3462
312
1191
6286
4083
9013
3774
2213
6392
8523
1779
5998
3728
4321
8908
1512
4707
2148
601
1254
8247
7946
840
8247
9314
7073
9154
2942
9596
8043
88
2041
9031
2615
3341
8139
1974
2883
383
4794
8483
8299
532
414
9948
7575
166
1809
8313
1473
8116
3246
6640
9444
6098
5767
4326
5342
768
1931
4817
5729
2428
5491
9914
1921
1156
9849
8815
8432
7209
2758
3748
8790
5170
7995
3062
7409
5172
5067
6187
1991
4684
143
5480
6457
5129
1685
6594
6025
5831
4596
6698
5808
633
1778
8466
5917
9594
2154
4747
833
186
5774
4610
1584
6993
9716
8509
3686
8988
5226
3154
4863
813
8969
1093
5082
7206
14
3186
307
2491
8583
3011
7803
6041
8228
4086
2630
9547
6774
9721
5942
4535
8312
5980
6559
8242
5457
87
4639
4014
1330
2207
9176
540
3165
1952
9763
722
2530
5307
6200
5196
5398
2319
9145
7625
5219
9699
9328
868
1795
8076
4174
4158
602
3697
6419
9673
1481
7222
1121
6857
771
3757
2262
6199
4879
8505
2055
6387
7493
5279
3999
3894
1996
7770
3895
9197
7397
7760
2420
6971
1915
494
4359
2486
6445
4673
9762
7609
5634
8096
669
1854
8715
9518
2753
9782
2107
9235
7160
6853
6226
3176
624
8876
359
6488
7973
9020
698
858
456
8817
967
6591
4472
5419
1957
5740
5738
2765
3159
1671
2298
5298
2936
9793
6058
9304
9182
5923
309
2572
8811
2898
9224
8840
5474
2216
1460
1527
2380
3741
4732
6863
1586
4436
1665
9482
9847
7000
2749
4325
7623
3330
7871
9541
3513
3231
9116
9688
9049
5669
3086
4404
512
3806
9730
261
1207
637
1337
3566
1197
648
586
3870
4047
1248
2112
6484
4330
3189
1592
7310
7786
6269
729
7032
1852
4348
3647
5654
3502
4768
6501
583
232
642
9583
8525
2124
5330
7976
7580
2279
5765
8619
2042
8053
3503
9016
7534
8846
2374
5173
5772
8172
6257
3388
9566
3228
2209
6357
4812
3515
9895
2857
8508
4812
3438
3149
2518
4185
2000
2297
4696
4885
229
6097
511
7902
9417
9057
8439
9020
7191
3561
8088
4650
8597
3491
4002
1323
3354
3766
4650
4663
3004
5799
7619
4232
2625
4733
2549
8108
9821
5902
3672
2563
2299
3984
6956
4320
9885
7474
706
6058
745
6067
271
9167
6295
3456
5847
7471
8916
8069
3856
6775
948
4501
8010
7902
859
6706
4386
1577
5254
2769
4668
5132
2390
6867
8933
7369
3140
6056
1038
585
4690
6642
2208
7981
4117
9279
6594
7735
7477
180
179
2238
1193
1744
4017
588
5474
8441
8339
8002
7210
5063
7605
7868
9802
7181
2874
6783
4150
7444
7642
1536
5899
85
1149
6600
452
2205
5117
2923
1820
4528
2493
8753
2777
3131
1956
8460
6312
9723
391
8473
5861
1267
2288
2927
993
9157
1034
8892
4463
3578
3459
6356
6518
9376
8006
5669
2591
1177
6261
7383
7523
9257
412
6535
2919
9930
5932
2156
9342
645
1535
3900
639
2468
6816
8010
4433
3835
6863
886
4252
3164
2848
7878
9660
7087
5327
8421
6940
2056
7230
9577
5198
6328
3405
308
6431
2745
3788
1668
2562
6321
5474
7188
9964
3263
5428
1294
1394
1986
6787
4311
9829
5692
5739
8865
2535
1484
5603
8722
9050
7519
2942
9799
9235
4320
3815
1715
7081
3263
2302
23
494
1025
4758
3510
9313
1553
1
8969
3592
7334
6562
4594
2398
1060
6320
1456
7157
4556
4285
9825
3781
422
5678
9110
485
3912
1266
7895
6315
3908
2407
9621
5286
9635
1489
5458
840
2601
7126
3895
6330
6757
8661
4214
2769
7812
4392
9009
47
5210
3637
1461
8381
1389
1201
4170
7191
2801
474
3004
4133
8726
9865
4770
2350
4670
9102
5454
8583
8215
8751
9638
5329
4631
4915
8110
7851
1212
22
6485
5940
2735
9144
7809
5674
7043
3429
7027
9832
7019
1039
4228
3849
4668
4682
1367
464
3397
5104
8111
6380
6124
5744
9120
444
1720
7352
7106
5369
8663
1830
7835
5626
1248
4924
4889
654
3957
3977
7318
6680
5981
2088
1829
572
4253
8904
9960
1938
3685
2173
583
6747
8816
9537
7
6430
8296
2006
9584
8476
6638
6367
8720
7572
7482
9488
6554
5523
6612
1899
4050
2801
6243
13
6106
5557
7921
3190
6232
9408
3548
3844
7490
1857
284
1852
3478
5486
9666
1941
272
2313
4101
8438
3377
4011
4941
6763
3524
1267
5939
8641
1186
2013
4946
5159
4628
6320
6628
1165
3159
6126
804
6118
5344
8705
349
6160
8677
2624
8265
3072
6814
9075
3740
6820
143
9527
9957
8108
79
9319
618
9545
401
8143
6709
4418
9326
227
1600
5827
4852
9911
8416
4805
9205
3171
8381
2533
7861
7939
4629
6123
6287
8868
4885
3088
7710
7262
822
8097
4034
9290
9724
1045
4750
9886
5859
7714
7802
7212
32
1360
1402
3039
1418
4479
7899
1193
4701
1845
7136
8606
4064
7941
3122
5730
9110
6049
6663
7162
6699
1263
7122
468
5316
5633
5754
477
7927
1856
5373
5567
1351
8253
3858
4085
5849
2338
3799
4044
9433
1792
7466
9848
16
3006
9601
9535
8337
4913
5145
5993
6340
8491
7263
5170
3750
1081
5516
6111
2950
5122
1506
3101
4348
3085
3283
1894
7541
5178
6388
4749
8955
7289
2979
2586
5757
5222
6743
1963
8667
7333
4910
1848
123
1585
3407
788
2474
477
4857
7432
6588
5705
6266
43
4546
1214
9620
3736
2799
2078
5303
4768
2209
7681
557
9549
7061
4841
1036
8878
7434
5722
6368
1862
1633
9550
3227
7573
4234
1006
9842
4435
9481
1189
274
1340
2296
790
52
7650
231
1572
9689
4488
6696
9462
2384
1625
5821
9331
2107
8299
522
9458
8126
6242
6029
2062
3354
7358
1601
730
4644
9985
5811
6539
6684
3128
4084
1330
6889
4788
1759
6263
3952
2529
6661
2849
722
3392
1880
6681
1288
7848
2702
6687
9695
5890
8485
9185
5552
2128
5121
4235
2649
3621
7142
4873
7316
4091
4221
425
4350
4591
8940
5031
9413
6073
6766
9941
4883
8816
6730
9525
892
1663
311
1763
1487
1739
1288
7637
2756
6287
8659
5536
24
5638
3073
7435
7095
3136
7012
4009
946
9125
7157
7663
1939
2794
8886
5514
1174
853
3202
4996
6485
652
6622
8031
4720
1271
9945
6226
8485
2029
2922
3629
7866
1756
4483
9625
8160
5567
7318
1371
1400
2675
5578
2653
8852
7138
5229
9178
263
558
35
2902
1573
5111
5843
7178
98
1394
6425
8575
819
4569
8541
6344
6180
4698
7106
6279
7503
3590
3908
8521
773
8033
5572
7828
4675
171
242
2492
8356
7578
3368
7005
1331
4740
8035
6319
665
3368
3439
1671
5260
2945
2547
5460
1028
692
6087
1024
2489
1152
5450
5340
812
4781
7525
4794
104
5195
7940
9895
4467
7947
9509
3607
3495
5072
9269
3735
8462
8283
9469
5798
8827
7231
5577
9020
1651
2663
6511
4547
9430
244
1036
9485
8359
6454
1242
6970
1610
7282
3998
8045
4080
6892
7108
4410
5649
9813
3612
6724
8841
7330
8177
1005
3028
6798
2981
7075
7059
5383
9752
391
8873
6867
3069
8091
9447
3287
1148
711
9877
9620
7011
8476
5983
6010
1819
5250
3263
3057
2513
9922
3002
3762
6787
7111
5297
59
7358
2982
4137
1013
5292
7354
8113
8804
7479
4670
2073
2345
1864
4156
2864
2075
6137
1742
924
8669
7607
4469
5406
5060
3663
4498
2628
23
7178
6188
7975
937
9428
8058
9254
5145
2361
6786
998
424
6531
1505
6449
4866
7930
600
5197
4472
511
7836
1664
3873
4417
5034
5740
4177
295
7389
2767
1649
1777
4573
9445
8033
4338
7196
8200
6920
2706
3883
2451
5179
6449
7584
9211
9139
8246
7980
5726
5218
9253
8027
8111
7145
856
4347
2718
5055
2338
7936
3927
7922
5580
7826
1552
5172
4898
4460
8846
8419
4185
3352
1560
4121
7873
7500
4629
179
8944
1723
1971
9102
9835
6471
4563
2901
1105
8224
5242
7967
1756
3412
4029
6388
9539
159
3701
9754
4615
493
3126
4539
979
7487
7559
4093
6928
9377
4106
3566
2032
4548
8878
5439
8021
8355
2692
5088
596
1710
7336
9850
4028
860
629
5057
2573
6806
2811
2773
8
3175
9549
3821
2821
5368
4899
1230
7329
4064
8088
1313
6378
6490
2843
9388
140
1760
7
2419
1654
1889
719
7259
3608
2255
8747
7526
600
8451
4697
6006
8737
9721
7905
8271
7729
660
7587
5333
8179
3489
3098
4070
9615
7645
8416
7566
5206
3926
5989
467
9222
3836
3014
6714
8238
138
8511
9079
17
892
7852
222
2831
4811
6563
5117
5080
2005
9757
1917
7170
8489
9986
9290
4141
5910
5456
701
1879
4834
8387
8972
2553
3000
6467
4553
9796
2318
4496
7038
3966
4306
9759
2913
3510
8056
7472
3198
9708
5702
7702
9840
6700
7220
859
1095
7899
8942
3923
2666
5443
4504
1029
1138
5015
322
8850
7033
3408
5305
6498
7390
8572
8352
4363
7853
238
2462
8421
8143
3966
3353
4824
6238
3676
5566
1845
1245
8157
6809
9088
5236
4755
8206
8064
3927
8445
312
7460
2264
8698
2288
4619
9319
7451
8341
9208
7798
7364
6489
7993
1971
1254
909
9540
8671
6065
1044
777
2803
703
9868
5748
3035
5892
4130
2374
455
7302
1195
6637
9639
404
2824
3700
5702
1439
2315
9173
7740
8404
5221
6787
4953
5423
5811
5831
3689
5265
4949
1551
2330
8686
3439
2344
9074
9182
2880
8477
8452
9850
7821
3982
8168
808
4351
1657
4676
34
6867
3052
8182
5004
2443
4394
2448
9938
1860
9817
9801
7006
2413
8029
734
2058
4712
9314
2826
4245
1395
2409
679
397
1429
4422
301
6889
7421
8069
6614
6857
3265
8989
3720
2446
4464
8114
4923
8956
6179
1217
6516
8825
9068
4236
9534
8459
3667
9260
8615
7713
59
189
5786
276
3596
1843
4589
2928
9691
7686
2836
6722
3337
7620
2340
7400
5255
8748
3366
9970
9670
7787
6133
130
7499
5486
6749
6987
9811
8559
2438
5498
2466
9130
8478
9880
4200
8537
3742
8673
9097
9104
107
9907
3002
9110
1515
6209
8193
9830
4033
6821
8688
5960
5104
2038
1976
9267
5519
5896
7177
9631
2580
1270
3076
7073
4845
2583
6883
1771
7834
2012
9634
8828
8055
1744
1326
2001
4861
8224
4304
6546
6225
619
8867
758
8019
9130
5407
752
8346
9743
7432
615
2960
2902
5793
9082
7544
9946
5142
2353
6827
3268
7142
5059
2606
351
3173
9990
3068
4611
5812
5836
5188
2970
5162
5479
2151
6682
3559
7653
2510
5017
1294
1679
962
8485
3505
7812
2426
4140
2939
7752
6024
7602
6017
7651
8577
3591
3152
6446
5647
1038
410
7977
6083
6198
3706
8035
9400
5817
7354
3798
356
4235
5267
8785
4086
3777
5907
4908
495
1400
2249
4209
5298
9273
2805
3583
4624
8072
1548
3536
7795
4705
1853
9360
5413
3624
8652
9861
1892
240
9254
9594
9220
268
8198
3457
9577
5842
7753
6132
3076
7085
6561
5428
3549
5694
8921
4860
8624
4968
865
2291
6133
8402
9585
4462
854
617
2358
3509
4046
3251
1305
8225
5515
8464
6378
2379
6532
1049
8388
5847
9594
715
9741
6742
9629
9205
5482
1748
5277
6374
8138
9558
9654
3875
6381
1305
2111
9877
8693
1954
9551
625
5771
8934
861
7734
7791
6437
7602
5154
5789
9951
4045
8363
8831
9884
6104
3244
4635
4908
1783
9891
9366
2119
6860
3324
2618
7996
773
7571
2145
3580
2831
282
7581
4783
6352
4808
8027
2787
5186
4537
6925
5609
7978
2493
1762
5029
4175
7567
3264
3338
4372
1466
9832
5752
7412
786
1438
4789
6671
9752
6657
870
775
4266
197
6845
3973
7071
5166
1027
2074
1518
5806
9846
5101
1051
1263
9465
8903
9922
8958
7427
5929
3665
5193
2900
1939
4193
5484
5287
3828
1193
9895
1077
8103
840
1281
7450
1301
3238
6990
4810
4524
8059
9418
409
5949
459
6800
6350
9909
6404
103
2117
6463
5159
5897
3010
7061
5910
7662
8488
8786
6149
3172
2857
7175
3891
9937
1137
5757
6002
6851
8639
7380
4352
8275
5062
2829
9429
4290
1900
7456
2990
1347
4543
5464
7847
1902
8262
7329
5794
5170
2419
5431
3481
6429
5501
930
2720
3040
828
2722
3008
6455
1182
5547
2647
8035
5481
4000
8497
6580
2058
2174
4706
113
3190
9180
4093
6540
3871
6447
602
9631
447
4851
4815
9840
9410
2955
8123
3776
1021
755
3476
2390
8066
3854
8623
9122
7813
6422
7457
9721
675
8009
1498
5630
7618
5048
2667
7800
7776
6875
9082
6604
1435
1473
623
3385
6537
2953
2829
7
2767
6908
6185
8995
1269
73
104
3561
6570
5981
6870
5613
1967
4143
9399
8276
2678
6230
5410
4533
5819
9799
1055
9838
335
8239
9518
9889
2363
2966
5874
8046
230
4976
8113
8124
2282
7828
7240
5725
2002
5626
3834
3889
6859
6119
1309
4219
4561
8205
8669
2705
1470
1024
5925
4830
7190
1646
4199
6334
9545
3716
8959
2724
7612
9319
1546
8467
8091
974
769
2493
9601
1682
8799
9992
1790
3387
9584
7582
5881
4137
3415
7587
7761
1337
2184
3553
9149
5689
1710
9330
2493
4798
4339
4154
6721
2384
9767
1708
2600
107
9829
6928
4993
2496
6589
450
1897
4443
8543
7075
9768
7740
3660
7169
9641
1407
1262
4933
6986
5864
6824
6262
9779
8932
9546
926
731
5823
7167
7764
1927
2190
7500
374
4189
3581
6075
9957
2762
6266
2134
9866
4105
4777
6835
6405
5453
9373
1136
715
8923
1480
9898
4921
3001
8283
7365
8737
6261
5324
1342
5883
9992
9294
4546
7096
2519
5474
5964
5082
2047
3251
2574
8394
5065
8914
3991
8406
9311
6299
8714
1275
5111
6495
2909
9671
9589
2978
841
5650
6652
9555
4567
9313
9164
1744
3733
6334
7133
3274
150
3752
6262
5855
3624
7948
3637
9590
1679
5225
721
4329
164
4080
1369
6986
8631
7100
2104
2693
4334
1530
5071
3965
5999
633
1107
4996
1709
8933
9044
885
3627
883
5167
8948
2674
6090
5641
2847
8251
4656
876
5607
9461
5499
5562
2560
4383
5355
5729
7635
4630
4659
3304
1031
4911
5759
3850
132
4376
2961
2265
1230
3508
4841
1532
9726
9297
1280
7070
8152
8784
2984
3212
2060
6840
566
2321
6305
5070
5083
7171
2751
8988
8946
796
8039
8456
9669
4396
5548
6876
4520
8475
1810
1789
9477
7890
1834
7548
9708
8560
449
6082
866
4462
9178
2615
8077
5135
1165
7278
7727
9453
3571
1212
6908
6526
9370
7045
2529
3596
7886
4482
516
9319
8932
257
4946
2574
9124
7273
1112
2260
9132
9418
1645
1919
921
6138
3147
8551
9685
9437
1342
3790
3255
9852
1380
7057
4550
4629
1789
664
6564
531
2845
6719
6615
2964
4336
4143
4455
5792
331
5003
7958
5057
285
3284
7933
156
1035
4881
6102
793
3164
3850
4328
3480
7293
4530
1233
2205
9701
7180
8528
1447
4234
4820
2321
1272
8636
8422
9072
3376
369
5779
9274
7688
2934
2055
8467
4284
8928
4851
4118
9397
4116
612
3495
5175
9248
9144
4207
9144
9952
5050
1449
1614
7303
6368
4944
5051
4539
5440
7896
3696
5577
7352
9627
5985
9424
9298
2802
7170
5821
412
5093
9075
7741
8251
4887
570
4
8824
5406
7439
515
4
3622
3663
3191
5051
4996
1261
1943
5549
9086
8489
9003
8562
4241
3460
3691
1996
367
7886
8213
3731
6558
4878
2785
8013
6236
8066
336
3815
7070
3302
5538
7838
1108
5307
724
5307
5210
476
688
5105
5925
5725
9130
6668
9157
2664
7235
7919
5833
7187
3118
5725
9552
7303
5355
1364
6450
6880
9674
3633
3860
6748
2861
1880
8821
1579
3715
6164
3466
6349
3845
1652
9665
5196
293
2820
23
1710
365
1869
2743
2913
3242
7043
4310
6388
9812
8979
5821
4871
715
7173
92
9666
5771
4573
6541
733
5579
8345
791
8565
3030
3179
6177
9745
615
7280
5555
9006
6712
1727
4303
9120
6161
7811
2852
866
2810
6641
5955
3393
8831
4815
6342
9673
9337
7564
8966
5551
9872
6685
9875
652
6910
8194
676
8908
8797
1817
8006
9815
24
828
2284
5915
9165
2670
5327
1905
3665
6888
1980
8642
6515
2062
782
8840
8873
8098
2136
3574
6374
8741
9151
4447
1789
9488
223
8589
5302
3777
8381
6684
2431
880
4091
5086
8277
5311
233
7732
5070
9778
6421
5894
3347
4836
1715
1125
989
3585
9814
346
5443
4647
3464
7105
9664
586
378
2852
8700
8287
8136
222
8747
6566
1250
837
6301
3708
6924
8736
4109
7640
2498
3119
6317
4838
6114
6066
1104
4903
3822
1002
4004
2607
1878
4146
7811
1063
8842
7171
6626
2254
8950
7177
8755
5281
9606
1805
5136
5336
2018
8760
1247
821
1521
6777
7732
6603
3227
3131
100
6195
5154
3270
3811
5043
3180
5031
2658
3740
7044
4284
9920
2040
541
231
2681
3690
8947
1109
6891
2989
9685
4424
5648
7346
2788
9047
3440
7569
9866
8636
5790
9414
3989
1443
8435
7414
4888
9403
8582
2544
3721
4964
4394
2124
606
9383
8285
9560
6877
3126
4567
5016
393
106
5559
9324
9722
1766
2266
183
8420
9058
9576
1276
8035
1791
3490
468
4503
8861
5860
1912
6941
7998
8634
2575
3643
7998
1121
6382
8880
5435
4991
8471
8211
3709
2649
2413
2991
8433
908
985
6025
4489
3348
1478
6219
233
7828
7237
8696
1591
2742
4791
1220
7364
2971
2414
1665
2122
1770
9596
6332
8093
5321
2430
9389
8171
4287
5833
4977
6193
300
2092
9906
8589
3265
4231
5486
9701
418
1730
7720
3574
3845
3742
565
1576
66
8140
759
3475
1785
6584
3978
3716
87
5608
6926
271
8110
3263
97
536
2408
2356
2029
7302
7888
839
5780
4557
4
7012
8426
4231
2620
2075
1299
4390
810
8971
2325
3433
4971
46
7142
3391
8272
2091
1708
3095
4772
1877
5991
1516
9959
9808
9971
8249
5323
307
4679
7478
8682
6865
1597
6161
3258
4753
3253
907
441
9567
9022
8545
8925
6386
445
6269
961
8814
650
1906
5158
3108
4640
7175
7902
2574
1205
5813
2487
8454
9942
7751
9721
7691
1644
948
3647
6742
8485
9892
7773
3836
418
5979
7425
8172
9583
8068
8313
9025
5226
8579
8415
5057
7619
2121
1641
5212
7913
5037
3443
6357
1823
9272
458
8950
8119
6149
7870
6946
5361
166
4952
912
5435
9302
8666
2216
8180
4114
1092
4505
3284
247
7389
6176
5275
5431
3850
4583
1584
2069
3395
4040
1204
4959
657
2798
2010
9286
7445
7209
2574
4118
6160
3639
951
3863
8231
7177
223
3678
2480
5533
3174
8080
6380
3539
9343
1551
7606
7941
5002
3589
1366
7112
5071
7518
27
4646
9298
5010
4632
9861
4113
952
9043
9246
1602
2579
8742
3205
6734
6445
500
3032
5045
2438
8901
3768
2662
2690
2367
9658
9084
9027
5116
8736
5560
9490
5384
7890
5182
2
4690
344
5370
3505
5909
3815
8410
3360
7344
4214
3068
8977
2268
6907
8891
820
2643
1233
9991
7578
5614
8786
8163
8295
9661
3326
837
1711
953
1313
2535
4839
2133
3479
4926
7361
9608
8748
8896
6460
316
1206
1583
1882
5655
6518
4318
9839
6082
469
3454
714
7808
4271
4289
7432
1726
1346
1598
9205
7579
4863
7123
2141
489
8971
2227
3637
7052
3501
1200
7050
5981
4312
3341
9953
582
1107
1953
7282
9636
969
2887
6346
3487
9774
8888
9965
2952
8688
4316
7720
3084
6973
6340
5506
1186
1910
1107
814
6770
3720
8989
7616
6184
1909
1505
2890
6457
4640
8338
9192
6254
1433
750
2464
2871
7002
2911
2844
8877
6924
1795
1071
9016
6384
8665
2529
365
9345
8975
7213
1528
6008
4840
6454
7053
5462
7168
9398
2947
9357
9031
4144
9074
1852
9930
6533
7215
440
7798
1665
8128
5976
542
81
5230
2906
2540
3081
4562
6699
4464
7745
6206
2192
9662
9338
8968
9166
1695
1846
6541
248
7726
8753
2655
6388
2547
4334
5635
5910
7497
9983
5099
1037
9931
6158
5788
8268
5158
210
6056
3139
8690
1441
6270
280
8819
4734
6827
3974
8766
1200
3335
8708
5738
7894
4591
2463
9574
2286
1138
714
1910
9084
8813
8525
2353
884
2422
147
8828
4789
602
2887
7996
8385
3184
3554
3863
5488
6910
9636
8700
7626
4969
9958
4479
4164
9536
1072
1045
6817
4476
9354
126
8892
9687
7711
9370
4216
9599
61
8796
3764
8846
6959
7581
5339
6492
8846
9950
1676
8859
6307
9252
464
5243
8506
5022
401
8323
3643
5408
1835
5311
1646
8677
9931
307
8786
5788
4027
2363
9014
9431
1973
3521
4249
1612
1313
1198
5245
3520
7907
7069
1025
8032
4905
2929
5534
6597
7870
4077
4965
3016
8233
5838
8602
2578
1637
5885
9306
9917
8882
836
9332
7513
2905
8036
4639
808
2291
6259
5407
9070
9321
9656
3612
8738
5452
4090
6714
9309
3970
5251
8336
5104
5766
8984
5660
942
6041
6746
5286
6880
188
7991
2866
2575
2303
8491
6676
4358
9368
8064
9629
7541
3367
6892
5416
7335
5325
9768
6519
4605
6301
8053
9508
9743
8187
5316
8540
9110
2062
9827
654
6170
7041
6096
4749
5296
2212
2041
9826
658
6646
2694
762
51
8061
363
1316
930
1706
2656
3422
3536
721
7930
2819
6819
7827
3618
1249
3112
8925
8468
1833
7701
2625
1677
9098
6728
1272
1382
9394
1145
6488
6216
70
5226
9567
4610
3136
5370
3251
3722
1369
9627
2664
4849
1997
9366
9091
5814
1694
3444
9384
1172
5230
226
8533
3109
7188
570
520
5620
1353
2142
681
153
6244
4495
2940
2897
6731
5578
3715
1950
9586
5613
3957
4850
9794
8198
8750
8924
4648
6455
6262
5487
5204
4922
4033
3262
6397
8388
8599
4489
6520
1432
121
1058
1049
6010
4411
146
5302
1751
5008
8587
7482
8077
5143
1615
7847
3056
3208
4966
910
7836
2496
9303
2143
9339
9147
2073
5133
2101
1002
3922
1488
3974
6564
1891
8896
2828
3480
6326
7819
2176
8257
521
8903
5667
191
4626
6637
1301
4379
1092
9461
3144
7199
4808
6626
3781
4184
6445
9744
4061
3049
5700
8370
8929
2633
5331
7440
2660
934
2095
5268
8324
2777
7076
6856
8071
4262
7951
3953
4256
8537
9109
7646
4221
8943
6031
4400
2255
6109
9365
3713
6100
6367
5138
9300
3963
6158
5539
9663
7608
2792
6030
2259
9547
4507
3261
2450
6749
5414
8637
4573
9751
6774
9018
8608
8000
2391
6331
6569
2351
2769
5601
8804
3920
8476
4876
1911
9432
2402
4209
606
4744
2538
9645
6159
6761
1018
2926
7252
5713
9742
4212
8840
486
7262
8780
3446
8761
6384
4597
9540
9167
5204
9038
9671
7009
388
9937
1457
5457
9137
4871
5287
8982
3105
75
418
6403
6284
3901
352
6247
7215
1822
1216
9422
1629
8683
2773
8754
3945
6981
4344
1794
8858
2405
111
6174
355
6060
8358
3352
6883
1458
8387
6469
8350
2511
8401
7047
7513
1393
676
3821
1633
3565
9367
4807
7390
7803
8324
6193
1176
7819
563
2768
2965
2901
535
8008
9175
9083
5195
6789
5900
5979
1269
5006
5313
7868
2575
9790
3727
1422
4834
3154
210
3951
5502
2578
7777
8177
478
9016
1049
2693
9639
8505
7870
3942
3566
1506
2386
2
3569
4044
2970
9474
1876
5605
822
7729
2585
8317
4612
7788
2671
837
7100
5513
6621
8219
3928
4271
7120
8194
4432
3482
4394
4399
9453
7214
7108
1637
8328
1589
8104
8382
6703
1735
1839
7601
1769
1032
5014
6057
8587
544
6090
8732
9681
2925
2213
370
7486
6701
4629
7090
3913
6143
1477
7933
1753
9904
1796
6702
6423
9067
777
8446
4190
8362
5463
6718
850
6187
2105
3858
3872
9413
2293
9441
5241
2394
4461
6752
9222
6458
3982
4818
4771
6084
5834
1063
9614
40
9255
4131
9814
7255
3630
800
1949
7036
4083
500
7509
9260
7609
8021
8452
4307
8989
8356
9323
864
3066
5418
5401
483
4235
2114
2682
9190
3905
5391
8418
8318
3771
5453
7148
2031
2846
1551
140
5995
2392
3946
4949
6525
4509
3045
7039
2094
8805
4189
5479
102
1219
3638
9593
1331
6494
297
5981
2701
9882
5812
8383
8542
450
3732
2411
4033
7139
9998
7870
2432
2339
4281
1294
6019
4405
3011
5889
7325
788
4167
4942
2882
6511
6475
3374
513
1836
8538
8951
6593
1176
2369
1386
2240
1688
6068
4242
8206
4226
7865
1039
1580
8615
757
6886
801
3771
7044
6604
2928
4930
7960
5597
6365
9587
5292
4154
8556
6027
1079
711
287
8941
5208
1013
1056
970
5317
2855
6030
8315
605
800
8265
679
7093
5312
7164
1862
531
1876
2434
5493
925
3188
9739
3142
3609
5377
2127
2594
9764
8209
4645
3018
1875
7531
5865
5761
2378
2459
7401
5982
4851
8389
1720
7119
2339
727
1258
2138
7700
340
7555
6222
7104
2642
1707
9677
2155
8338
2687
9793
5574
5232
8030
8575
6473
5291
8246
4725
486
2391
7638
3888
9967
9562
7792
3772
4210
9143
2991
2003
3538
8981
660
4628
3265
8101
9322
2120
8225
8742
1376
2450
3950
65
3452
1802
9543
6492
3811
8762
2224
5782
2508
4319
3943
4816
7263
4662
8176
4571
4814
2245
8462
5867
2056
7876
1902
7928
7607
9767
839
7655
8734
9660
2560
8529
2883
7394
5132
4403
8881
4793
7505
5899
5210
6898
4334
2950
1227
9089
4894
7418
1487
8942
7138
9648
7106
8159
1690
7100
8039
9819
9404
2407
7240
9183
8695
5271
2379
6547
5045
6156
5393
9108
5081
2467
5777
3310
5695
3933
5556
468
3376
9167
9062
1275
903
9968
54
3578
3305
5653
6179
8326
369
961
7432
3786
6896
926
6743
6745
9317
5704
9256
5087
292
7813
6045
2829
8814
589
3013
1241
3893
7105
4988
3389
6167
9600
9699
7399
5544
9885
2841
4101
3853
9259
5582
2200
7377
8576
5166
8465
5999
6354
9310
1710
7900
2116
7973
6440
5688
6700
1704
9188
4447
6712
8734
2579
9192
8448
1000
1912
7550
4061
6441
9143
1122
9018
6472
6979
1107
185
1992
2353
9655
464
4162
7222
643
8534
3052
5810
8022
7719
8097
4498
3198
5267
2024
3447
180
7253
1719
7080
2378
8343
3382
1059
9155
1737
9885
9951
8928
5896
9709
7721
9594
4067
5064
3241
3588
5050
2783
5891
5204
9937
4354
6542
4747
5808
5586
9723
4180
8923
9357
7435
1660
3433
1004
1088
2588
520
5825
1238
7485
2648
3401
4479
3684
3010
1033
5834
673
305
104
8225
7535
8435
9929
9863
8442
7631
6256
3820
9905
4433
3469
7653
5076
3425
7636
2478
1032
5855
3916
914
9985
5356
1613
8363
6958
9812
1213
6489
6398
2356
1267
7461
813
7903
2159
9869
1723
3188
9800
4887
9009
4580
3214
9879
9112
2768
353
2993
9198
3402
7396
5543
3455
2972
2851
6139
9935
8765
3146
6568
6927
5424
8049
1669
613
5653
4750
978
8481
604
1874
1845
2802
5365
4163
4062
9988
880
1033
7583
1076
2666
1844
3056
6573
9731
6244
2681
3222
1154
4828
2807
137
9202
3004
4152
5193
1152
1052
4274
6726
1075
8555
8412
1979
8532
5558
9223
8879
8754
9785
290
9689
4771
9030
4725
122
1381
2160
6451
8291
6669
814
5915
9255
3975
8497
8096
6525
465
1615
256
8206
2852
3977
3348
6359
4739
1489
4191
3056
3966
4654
1724
9698
2525
5113
1468
425
9621
3227
305
6990
8330
6760
981
7506
4030
3320
5693
4551
2878
5085
799
338
7511
8161
8826
5350
3958
6527
9639
5912
5425
7787
5700
4280
7856
2996
4286
718
8131
9202
9845
2901
8272
5920
9839
4212
3674
3725
4311
1306
1815
7496
1980
2077
1637
3522
8662
8085
8316
336
8765
1795
476
7936
5049
3726
9010
9018
135
1551
9115
7738
5825
3507
2681
8579
1426
8435
7384
4580
1021
8847
6874
8653
7049
400
2876
5511
5927
3963
440
2081
5673
8875
6761
5862
724
2567
2915
38
2286
3155
6074
238
8304
7658
5735
6523
2296
8010
4267
7668
9556
8390
5402
7838
4515
1950
4928
4355
1458
6544
9298
7747
7666
7271
4606
139
4991
4316
2202
3968
6253
2716
2264
2047
5771
6077
8407
704
9946
675
4350
4235
4270
4727
3928
8765
9033
9653
565
3784
3118
1457
1633
834
8726
8433
2932
610
181
1940
4941
8380
2868
1313
5617
2765
6176
7754
9738
147
2083
1531
2586
7535
4942
2801
5284
1083
8621
7594
6565
4191
1558
5380
9768
7480
1971
2348
1118
9111
6254
1076
3632
5719
7253
8780
3759
4722
9428
7433
6862
8978
5203
4642
8368
1229
821
1823
696
6347
5167
8185
1453
508
9008
3861
6373
7997
4101
4003
5431
4653
604
1984
3358
7103
5016
2329
7306
1106
3087
4294
3011
3171
5120
5549
2020
6385
5768
8033
7950
4475
7003
1336
5972
4686
302
5575
2406
3915
4214
394
1851
4432
4450
4516
6561
7641
8343
6476
248
7919
5591
4016
6629
337
6699
3427
8514
5753
8374
9196
1417
5587
2220
4198
4982
9676
3582
4451
6831
3509
7893
7873
2938
6750
6714
1154
4988
4114
1243
9644
1356
6223
2776
7011
6712
542
9807
4163
1943
3613
9836
9201
1529
5225
8761
3030
107
8923
8014
6608
7025
2983
5475
987
7439
3886
1613
1464
8739
7314
685
1119
7309
13
5900
6102
7851
3091
8767
9035
6633
9786
8646
3472
3731
6252
2387
701
3566
7702
2034
9315
117
9612
3261
6065
9208
2940
1510
447
3325
4981
3995
132
3928
9575
2226
9769
2287
5483
8473
2786
2816
6003
8068
2778
9798
4546
9780
7516
6546
2037
3060
3040
8021
8079
6207
2472
49
3976
7272
8045
1621
2700
1960
8176
115
5128
6403
911
6019
3950
673
2220
6822
18
4785
2480
7158
8031
7169
198
8002
1755
3071
1112
7807
2531
7664
2067
3248
7075
5386
1525
4451
1199
7800
5012
1225
4366
2681
1540
1390
397
8907
1576
937
1755
6224
2988
1242
4334
9742
3651
5384
6330
31
8185
2541
3354
4126
3746
1792
3666
1347
1530
7602
5117
2878
9521
3539
8561
6847
5893
3686
7828
2796
3922
7124
6886
2080
9040
3072
3217
2149
2341
5517
2994
7045
7684
8031
5388
4404
7715
5221
8964
3525
1428
7252
7449
4432
927
5935
2901
9123
1414
7193
3589
3856
6201
2368
9649
4740
3553
4254
8547
7055
9609
867
1354
8469
2588
1655
5926
433
4390
4952
2058
1775
1547
9959
1426
5037
4316
275
8873
8686
298
580
1873
7292
6497
1403
6599
1218
5134
6494
4450
5354
4161
2660
1701
4237
465
1748
1115
5756
1981
3581
4679
4260
2994
375
4010
8033
963
3109
54
7808
8215
6739
6694
8191
5923
1734
6545
2208
8929
3675
1476
5098
4808
3247
4458
5796
9397
9150
8150
7265
2816
4419
750
5886
5673
5718
4988
5313
6393
9472
8321
7491
8543
7844
6877
1098
4026
1818
3454
6088
3873
7513
3855
7250
3403
9924
6526
5332
3401
6415
2887
6124
4700
8907
526
6531
3190
3740
4140
8757
2888
8256
3399
3254
7450
5546
7859
858
6180
7282
2132
6774
423
4937
2957
6830
2669
6354
8263
6011
8227
8098
9007
5022
9739
8065
6937
3771
5339
6958
3402
1345
2061
3126
4755
225
2119
5452
2728
6804
354
5414
758
5759
735
6180
6761
2277
711
4496
5819
9195
7716
1252
1686
9146
4989
7693
7490
3810
8422
9816
9409
7697
443
4361
9309
9722
8013
8984
7072
8178
1957
7559
6148
6160
4734
2307
3140
9316
6092
2279
6624
5804
1252
7860
8651
399
9801
4058
1407
5553
3009
9605
5839
1762
5103
4796
5025
4995
3362
4626
7463
5844
1343
3241
7261
7629
9379
627
3711
1177
4572
9267
9759
422
1855
3142
7091
1811
8211
3326
3540
5722
3372
3190
9600
4356
9831
5373
9680
1421
5658
9422
517
5131
2034
7191
6994
3876
6336
8841
7773
1361
8250
8147
9381
7588
7392
9915
6565
8971
756
5776
3814
9383
7835
5729
532
3890
9048
4707
8903
2297
6850
9645
9797
8374
2190
6541
3180
7860
988
2603
5257
2957
6660
669
5679
1986
2487
1924
174
1155
2984
3035
1112
4647
5395
601
7796
464
9372
8568
8804
538
4894
9605
8595
4058
2992
6445
3073
2058
6382
5638
979
5918
3709
3056
2710
6314
940
731
2722
4115
4433
7578
1525
4357
1812
9105
9128
4675
4715
1977
3926
9372
26
1835
2574
1485
3756
1773
2825
926
8445
9258
5035
5719
4593
7053
9773
4362
909
7316
8854
8409
4963
3061
4788
2221
6653
2227
8933
9437
9235
3981
8952
3736
4402
441
3383
1599
443
16
1198
2768
4150
9515
4629
354
3791
3734
8921
4889
1796
3951
456
961
9984
9185
7110
6600
3693
4246
8104
7386
6111
9444
6084
6804
190
7713
4820
4166
3346
4981
2203
9049
6417
8467
1727
9319
8627
9634
2556
9197
7180
7505
1369
1952
6778
7242
3351
2248
9228
3014
3141
5335
1324
7003
1375
9935
7165
1046
6397
4578
2893
7928
8665
9982
6271
4076
5271
1109
9508
7124
9577
2826
4929
4693
8117
1148
9348
6425
1057
222
872
6237
6430
834
940
3793
4054
4144
2446
6867
4595
7789
5207
5902
1722
5102
5259
1625
4777
8468
5755
3483
832
6971
1536
7393
5003
5125
4835
8763
9693
5471
474
682
8963
3835
615
6000
1711
456
3622
123
9488
6730
8769
4308
534
3790
2999
5472
357
7458
7865
5877
6260
7046
2386
1060
8489
9929
1120
823
4789
2580
2879
9457
1289
7890
9226
2962
7265
7942
9725
6925
2471
7946
1143
5240
3117
2168
7978
4889
2681
2900
3745
985
8336
8611
2935
2122
6901
5283
6016
8222
7430
6019
2869
8931
646
5510
7310
7617
7931
2973
3783
2733
9141
9765
7858
3495
3268
7472
8927
265
7644
6762
5009
5400
2281
5457
4792
1562
7501
4472
5571
5456
9090
4745
9623
3648
6737
7305
1485
8316
5790
2771
2745
5602
154
125
5683
1280
7065
6381
326
966
492
8427
4937
8273
7216
980
5680
5800
5452
8181
3687
4872
8798
7271
9042
3177
2493
8963
5348
6484
2514
9802
7934
8294
1413
8396
1078
3559
3884
4146
4479
2829
9288
3019
9083
2462
3345
9658
289
4022
7119
8439
6082
1271
9842
413
6145
5981
2591
8869
2334
2914
2607
6456
3628
8718
4224
7901
1944
5424
7234
6806
3721
8850
7922
6569
8500
1743
2649
5884
641
9433
4869
7498
6113
515
252
9016
8715
239
6193
4936
3290
8512
7813
1233
9109
8145
9406
3180
1917
8737
5040
4980
4132
5198
8374
4504
6852
941
7355
3402
5648
2939
9515
3277
318
3363
4859
4922
6860
831
8469
4387
3803
211
2995
1606
1061
6787
6164
8715
9256
2505
999
7447
5187
6625
1919
942
1142
5418
2437
9106
5119
7102
8839
7677
8815
7625
2310
175
4550
818
6673
5580
7056
3610
7962
9269
3806
2543
3710
9471
4932
9445
6642
4766
1828
8769
2572
7590
8022
6134
4905
8255
5383
2370
4868
6217
4223
5947
7165
6892
1887
5918
222
9358
9604
7944
1341
1570
1431
7235
1231
5938
1505
4154
767
957
8516
6352
9061
4549
5418
1155
5398
4035
759
9255
5924
6279
8136
3323
5807
2911
8108
894
3613
4026
7063
4063
4140
6765
81
294
5694
8255
7804
9660
5468
1621
5294
4822
9869
2659
3301
9897
1509
6431
2936
9380
8770
2478
1520
6119
1289
4577
1546
3650
903
7563
1184
7730
3792
940
4349
6581
4890
802
9293
3714
8629
8849
1452
5234
3143
9997
9150
7813
5426
4987
440
7992
3049
2571
3679
4011
7694
5909
5244
6027
6909
4941
5031
7316
8929
1159
1862
9012
5236
7824
96
6112
1556
5859
5295
1883
7344
4553
6800
9421
7429
9024
9691
5402
9153
1229
9591
3234
623
1030
5341
8677
8148
7039
7625
4851
9853
879
7644
5376
385
1883
3476
5521
1774
8868
3487
2833
5176
9006
7361
1116
3969
4489
8337
5307
7994
1939
8377
1829
6947
7302
4017
2360
8507
1024
7514
4528
6976
8789
4464
6356
6769
1231
2653
421
886
8292
8228
7230
3027
198
7251
1792
2757
9912
5064
808
3096
5176
4694
9383
9284
2904
7148
7338
4720
6393
4868
885
7692
5800
850
1326
890
4026
3252
2113
9280
5802
8384
3238
3113
1087
2370
3457
110
7685
3089
3686
9949
4257
1668
6113
8121
9847
4330
5289
2852
121
6891
2377
774
2713
1182
1188
6447
6499
5216
4570
1221
3762
5960
9058
6462
5090
306
1982
388
9695
9268
9847
3192
2842
5774
5183
8731
1318
3147
7292
4575
8770
1339
4672
4570
9760
2477
513
366
895
9964
8639
9905
9796
2835
3296
1350
8032
3629
7872
4173
9137
2222
9213
4858
5506
2292
1458
7044
5416
6727
6359
1346
5670
546
5027
4182
831
1443
7932
2198
2636
1424
6896
8639
8089
8165
6330
9722
1376
4838
5411
4633
8208
7022
4864
6835
3388
4231
9315
1017
5396
7531
786
4748
3684
4874
9724
812
2978
8262
4468
6332
7894
3152
2585
5230
1244
6030
4609
5516
2910
6037
8864
8099
5419
9711
4665
8022
7944
162
9891
8294
4915
6989
4589
3957
5711
835
2535
1939
7626
7425
9299
1404
5583
639
5576
9130
9021
3550
8956
1329
6129
4675
7307
2895
7137
8564
8536
978
583
1179
6681
5832
296
7747
867
5631
2966
2377
2325
2770
905
7291
6352
2054
5319
9883
6696
5988
3173
1643
9831
3135
1542
6189
2119
3671
5994
1912
725
2919
3634
9835
8204
5504
1521
8174
2045
7018
8262
1405
4190
7245
3521
3192
3140
8322
5737
5729
6998
7153
6538
8284
1667
8411
3010
312
2918
159
8440
8429
4112
411
2217
7456
3043
387
3844
9611
1520
2604
5076
5740
839
1826
7326
5484
1622
179
543
894
8632
2794
8151
4538
7782
7354
2017
3422
9988
3852
7607
1353
2445
2628
6012
9861
6324
4652
6365
7494
2811
4438
6696
6081
5694
2157
3554
9129
8280
5167
995
1927
9673
767
698
6852
8090
7310
7304
3137
5154
8927
5299
9081
2460
9123
7707
69
2017
1508
1704
4851
7297
5201
7329
6360
6119
942
369
1035
3593
6734
965
7383
6651
9164
9243
2892
5375
3362
818
2010
3459
7262
481
712
7801
594
1319
7
4394
7138
9042
7556
4262
9880
3942
564
2444
7402
6092
4022
912
9282
9408
7038
1932
5624
9076
275
5349
9174
510
551
9524
155
725
3776
1066
6676
2641
8435
8887
5189
7665
8066
7542
6712
4361
4978
438
4978
2306
3104
3840
6938
4141
2612
4894
1069
2366
7566
5479
8219
5152
6504
341
4180
2558
304
5829
9543
2829
8647
8269
4824
4029
6064
1913
9158
3067
4485
5410
5001
1816
3125
1640
2872
1517
5683
1441
7040
2173
7382
5376
8542
4748
4007
6238
5861
4100
9313
1991
4136
9757
3003
8144
600
9486
7041
4966
2653
5422
6744
2954
4327
5455
8164
4417
4483
1420
4409
8048
7561
1019
4551
9961
3285
5490
6801
796
7590
4780
7356
4383
1207
1099
8950
1296
5766
2305
9828
6997
1252
7044
545
9109
2358
7707
7445
4028
2250
5980
4050
661
4488
3173
8880
8350
4770
1654
7376
1986
6925
1844
2958
6020
9494
4804
3482
1693
1708
7321
7316
738
3783
627
8808
719
3254
1488
2268
5985
192
674
51
4365
4465
6394
9719
6154
268
415
3359
8732
5991
9290
6131
2137
849
4118
7413
4095
8105
1961
598
8324
402
8217
3048
7551
8363
7384
9982
1417
9913
4546
3574
6863
5349
3077
8612
1223
4742
8763
1239
1144
7314
1207
3896
2158
8764
2490
2102
4951
4286
1032
3709
2640
7988
9019
954
8384
9560
4955
8899
3927
765
5553
6096
9171
7072
8286
7004
1118
2496
6438
5087
6496
5149
2309
1611
1264
4547
9263
9520
9865
4717
8857
4854
3495
8348
2769
8857
2803
529
3296
8437
3193
6187
6812
1694
657
5777
4711
3742
6934
8814
7054
8028
9583
4496
8835
398
2790
8146
781
7937
8526
4346
4312
6059
4375
2495
7581
9914
9216
9076
5272
2481
8018
2077
1092
713
1015
1694
9293
4763
6790
700
5435
6794
1770
3725
5596
180
2343
263
2403
3065
2555
5256
9035
9
7438
8211
689
3193
4353
305
1821
7378
4047
1613
8235
4225
8529
9904
525
2461
3742
1440
2864
3090
4701
594
139
7953
2232
6958
4362
4930
5709
4845
667
1417
6032
16
8006
3652
1469
1503
8693
6104
724
2955
3044
4920
9549
4150
4279
4914
6358
3628
7218
6466
974
4626
6721
8997
8446
7907
1250
7787
1942
6814
2212
2069
7598
4429
275
2027
3192
975
1897
3358
5288
6413
6909
3546
8442
4861
7550
5529
1217
5620
5746
1282
9013
5332
3662
3830
1841
4677
2074
1912
7415
2622
1330
3541
5313
7630
2909
5824
6759
2169
2538
4762
7645
1674
3892
4849
8047
129
7341
3559
8657
9686
7199
3875
5889
6788
6576
941
2557
9845
7954
9689
7452
6583
3627
7919
355
822
6627
8306
8393
7661
9057
4135
8331
8344
8414
2536
6258
5259
2340
9429
4476
4854
4820
410
4849
2470
1836
741
6859
4067
3845
9338
5443
1895
6037
8958
5405
5112
9470
831
8655
4612
4258
7715
9952
8397
5007
897
9687
2465
3084
936
1273
2055
3150
5668
2192
246
1873
2460
772
8106
9289
3145
377
1081
9810
2418
880
3731
1615
6702
5068
6751
4096
2380
5887
5054
5352
7349
8193
3316
4414
9490
8482
3858
4730
5246
5571
1981
9849
6417
1829
4756
8000
7273
5127
7593
397
3397
8949
5602
7352
4438
292
5139
9142
4639
2187
477
1312
5493
571
966
4307
5655
7822
6260
229
8174
6205
453
5476
2871
5292
920
4278
2343
1817
6213
8031
5216
9893
3663
4983
2374
3642
1988
8651
2918
9838
3495
2379
9453
1323
704
4225
3815
6253
2178
8468
3789
5437
1164
2094
3949
4741
3154
19
5024
4403
4769
3428
7764
7336
8696
3521
5437
996
1945
84
9173
6028
2087
1437
9258
2836
537
3722
8473
729
7582
4573
8441
3212
9314
7404
6661
5831
4197
2168
5592
766
4178
1029
8111
1786
6492
3518
9322
1998
1318
7403
7330
4311
4780
9856
5498
1860
9830
7932
7835
8753
5052
42
3331
7195
8812
4162
5740
7942
9150
5947
4630
246
993
9638
2079
1738
4678
9607
5206
5786
1416
981
4405
9840
4837
8414
6565
9660
2090
8837
7629
9409
6570
2895
7857
8280
5319
463
8724
3362
1055
2746
616
1579
589
2907
6693
7347
5854
8281
1662
4097
5601
2868
6238
8826
6351
9320
9519
3221
2471
5153
8728
3017
4047
7164
5312
1437
7106
3057
4018
4528
303
3465
6240
1025
5415
5392
1961
3006
5197
3257
8321
859
5739
9916
765
4344
6757
9646
4495
7224
2824
8784
1330
8638
2911
7301
8464
7220
3181
5209
9287
671
4020
3877
8818
4921
158
5351
7284
403
5474
2935
8788
4326
4203
2399
3688
1031
2533
6686
5037
6696
2522
4078
4731
5634
8196
4241
258
2674
3774
225
4086
8610
9104
5009
6355
7241
9030
5868
8420
8497
426
9979
626
3795
3020
9122
5693
1681
4758
5752
9491
323
4291
3687
1961
9834
1332
8219
6374
4086
1277
6011
597
242
4641
7337
183
6443
3107
5383
6050
8241
9531
9832
7491
5019
4349
1964
2308
3713
1409
8909
2448
4792
5984
9794
3739
1557
4808
5711
473
5188
2995
938
6393
7122
6675
991
6197
4417
2338
7257
114
1591
5187
1825
6775
5280
8183
4588
3491
3352
7256
794
9860
179
1331
3964
867
1633
7919
4118
9718
6410
3930
5434
1366
4937
8078
1471
9480
9540
973
2743
3901
6062
9494
6248
8334
8351
148
5155
4126
583
8015
7958
4472
1435
445
6263
5586
1866
5321
8545
789
1708
6616
3328
8465
849
9220
7702
9448
9696
3894
8639
5664
1925
3752
404
8490
6090
519
2417
1797
504
3262
5468
8814
4159
43
3710
6037
3585
1478
455
6036
5468
2351
6569
5732
6707
4671
7727
9904
8898
2930
8632
1788
8221
5713
5240
7752
6183
6874
9514
8838
4357
5526
8429
7064
7701
7220
282
611
5343
7187
2114
3723
4331
1025
895
6177
3471
6087
3183
8907
855
1065
547
8783
333
9959
9641
8121
1526
9316
169
1843
4357
681
6807
1495
5145
1953
1011
3976
630
8572
5820
777
7867
4236
7426
8579
4942
2286
6322
4758
4006
5748
5096
7852
8142
3101
6597
1150
7562
3165
9849
5247
975
7066
6744
7306
8126
4400
1267
3413
9391
6909
3399
2473
8448
4027
7778
1766
4067
7478
6603
6324
6690
2729
1242
6762
8466
975
8676
7488
1963
6401
2751
6731
698
6655
2309
583
45
2884
7151
5541
9238
140
7926
6064
6760
1849
8175
4616
5740
8790
5409
2412
2160
9360
195
4642
2715
3830
8189
3716
3924
4498
296
7270
8622
1535
3430
3839
4225
2764
799
1276
2927
1397
5634
4673
6062
8465
40
9760
5239
27
8636
4740
9643
611
8148
6177
8027
1036
6307
4218
8547
8017
6520
6540
4911
4295
3825
6151
4186
5085
9354
7393
7694
6864
2694
9667
5355
4013
4174
9390
2802
4967
9824
9953
3451
5664
6020
6672
3608
1640
2105
127
8683
5525
3099
8177
8074
1469
6288
943
6671
3999
4306
9284
4812
8241
6685
7221
7918
9493
3627
4357
4935
5067
8207
5998
1372
3996
7712
7694
7477
3099
71
8960
4545
2632
4184
6402
4595
5779
1005
8552
9142
1206
3040
8962
1768
3488
3997
1583
8459
8448
1652
7631
2720
9200
3787
16
1190
5602
1706
1973
9631
1759
4913
9335
9522
3656
8977
4244
9028
3921
9612
2870
2134
6847
1781
4784
9693
9199
8947
4848
5130
1669
507
3625
1951
5514
4437
4097
7449
2814
3695
1263
5292
3562
4471
7766
9898
1286
6493
2035
7821
6077
5739
8187
8328
5126
2937
2275
4458
3117
734
2224
9674
2758
2979
3614
8199
1703
3133
7425
3805
1923
7115
604
4060
2409
1013
8642
8534
1067
5968
9604
2053
167
5601
6469
6389
7853
3182
6605
4716
6174
1980
7371
454
5776
194
2604
3814
5916
3594
4072
3999
2544
5693
5498
7318
8041
3588
1120
2089
2296
9398
3533
5001
2596
490
1785
2924
2894
7487
1706
4319
6086
7074
4993
8864
3901
521
3617
2965
8354
3546
3724
6343
6334
5775
6064
4043
5598
9988
1153
3485
9506
4762
5082
7131
3252
8357
6940
8814
2089
3618
1293
571
6062
1916
7318
7019
1675
8307
5917
3047
2945
7907
2749
9901
5491
183
2973
8433
4127
812
1879
6075
2066
7523
215
3123
1968
1365
1160
7249
9232
4468
6596
4791
1213
8409
6638
2612
7574
3439
1039
1342
1338
8228
5914
6908
2794
8950
9071
7617
7740
9439
7601
3583
4692
3061
3125
6037
8197
5085
9720
1085
6609
2342
7394
5412
6311
3289
4214
8734
976
6208
4677
8864
4117
6326
4586
2318
8246
4048
4443
2124
562
3541
4571
1030
6513
4282
9596
9453
5083
3058
8018
8308
3985
6278
1018
3568
9639
7362
4521
5802
7420
8374
6196
3966
4820
8892
8152
6679
6466
342
6459
4498
2831
6968
5076
402
3143
8258
7525
5494
5309
9151
5188
6359
2546
431
4305
2089
2751
1160
2946
4940
7080
9221
7291
1507
2548
7783
6143
2196
8321
9011
2201
6011
1239
3087
212
7145
3041
1740
1460
4769
7614
3243
5897
1126
5319
7891
9480
8507
1523
7373
4806
9622
4032
920
7307
1491
3820
5371
7946
9710
5131
2959
1453
7357
9219
2618
8395
5156
9630
1874
5960
7474
6691
264
8495
3691
3309
1525
7613
7876
7037
6628
5219
8616
8670
8856
9523
7049
1081
4571
9526
5417
4044
7432
9077
4425
5735
9669
400
1515
6775
151
8925
5844
9563
8619
3509
142
7729
6286
4181
2838
2764
5350
6758
8797
5523
272
9813
1663
2567
5488
3725
9921
9290
6901
3866
2917
8969
2142
4085
8011
5757
5319
6007
7113
4340
6751
4587
9831
8191
1465
2281
5805
5471
5005
2224
2022
6545
1128
8246
542
3898
6797
5015
6017
4175
5350
9157
9956
4019
6652
7759
1910
7353
8195
8035
9206
2518
9580
7306
8214
5696
2985
6628
3014
1436
2471
1258
9507
2845
4162
2593
5530
1940
3910
411
2061
3612
5769
7700
9125
2262
1490
6782
7104
3860
7356
5758
8956
1728
2741
1048
7041
2706
9245
2792
6772
6925
3123
5334
557
5529
5122
1020
9605
3339
8980
6061
4404
5293
1878
5423
8957
6551
1225
7964
7330
9573
1211
757
4076
5129
3890
7445
2204
593
9841
1985
1969
8266
1674
1056
233
4523
8140
325
3102
7473
3937
3262
6981
5429
9148
8979
9843
3675
1512
8913
7668
8856
4592
9363
3230
7975
9553
5351
7544
1419
2982
5391
3722
8011
7504
14
9109
6691
5325
4882
7163
9652
5994
6224
5919
2086
1396
4275
8749
2834
9753
2808
7201
2480
351
6703
5361
9505
1354
4746
9988
6700
8636
7219
3823
1877
329
1443
9691
3455
5864
1050
4209
4189
7775
1890
2722
9833
4113
7879
2325
9660
5855
3593
9440
6127
5957
5563
4072
8712
9441
7237
2886
2721
9798
1324
43
6239
1731
8763
9670
6259
633
4745
5972
1664
7572
281
3512
3554
1288
4476
544
7331
9425
6563
5931
6176
7794
8341
9067
3492
8504
3182
7079
4559
3697
2059
6468
8025
2541
5130
496
6134
3578
7298
5726
6126
445
219
7362
3913
1720
6078
7649
1199
6370
474
2247
5557
5437
2063
4194
8796
6232
6410
230
3688
2528
7940
8485
9811
7619
7410
8814
7922
647
6022
6932
2658
2431
2943
9579
9875
7487
2299
7389
1569
51
7576
4889
4249
434
3431
8344
5860
5431
3704
310
2605
4087
9281
3652
3629
7935
8247
9946
1073
402
11
4822
7870
8977
6632
3131
3563
3602
9947
8732
2256
5153
9068
8778
457
6998
285
4489
2051
5381
1663
1937
7302
1683
3903
4260
4514
842
3767
3623
6626
3215
8461
4921
7161
4451
3374
4361
5682
4651
9812
4656
897
9827
605
4181
8216
4874
4382
5040
8985
1849
2719
5896
3579
349
9813
453
9305
1575
1273
6099
7540
2947
6313
618
7225
9078
6254
5850
7615
3276
6491
4950
619
1321
2940
861
6465
8472
787
2141
3730
2306
9286
4536
6263
2013
6017
5447
2085
1103
2670
2996
3368
994
607
2010
7153
7417
4976
1884
6257
3540
512
2629
9364
6615
1315
1638
9674
7886
258
6116
3309
365
661
6531
2871
3827
3115
5668
9942
137
7209
1161
6653
6806
2703
2765
5156
4239
3643
8950
901
70
3062
5517
4770
4926
8844
1076
2471
1871
6947
7161
2251
8779
6417
412
3701
5050
8012
8787
4772
7769
2373
4947
6425
7035
2811
1811
6769
141
5572
943
1651
6796
8461
8910
9308
9675
8634
6718
384
8111
6857
1895
6695
2819
4377
8944
6273
3669
2664
1168
5893
1387
545
2066
6320
1035
7152
9658
8825
48
3106
7833
9938
8176
1052
4151
1033
3185
8829
8019
8491
6557
7529
3807
2799
6084
6964
3470
2875
9810
1027
7466
4377
2140
7764
3513
2462
7176
1645
4096
7191
1555
4480
9924
6888
7264
9837
547
884
7082
875
2699
5153
1851
5228
6081
3378
8314
5771
9119
5595
4730
5980
2392
598
3938
4621
5971
199
687
4906
9353
3812
294
1660
939
791
1722
2513
2650
7459
5138
9598
2912
1098
9415
9451
4532
7075
9801
1346
5314
9226
9176
8268
8709
2283
848
7040
4714
4518
1006
8773
2348
9652
6678
1357
9441
2014
9405
7346
2595
2506
3523
4031
1906
3907
524
9710
4470
5563
7441
9721
2087
5700
978
8330
8475
8051
5796
9870
8977
880
6048
5434
6704
8023
2773
3383
8243
3341
5764
2986
6806
2889
9564
2280
2273
7736
7747
3498
7227
5001
6365
859
2048
2341
5285
5235
2292
1393
2802
7573
1532
8635
9435
1040
3166
6605
14
4681
2944
4961
5118
7315
8950
9365
3918
5069
5001
558
9830
4459
6222
262
5207
2239
627
5689
9459
6498
9801
3214
7036
7774
339
4803
2718
4526
1801
4286
1285
5959
7233
405
8804
485
2319
4222
2568
9711
2907
8722
3271
5433
8606
93
1939
3735
5382
7172
2232
6796
8342
5353
3699
9858
5709
519
3556
3969
6703
3597
908
8955
5649
3969
2443
1127
471
1223
7835
4784
6286
6585
8712
407
6927
9748
2573
2222
8100
3227
4174
5052
7768
1287
6069
5391
6363
2107
5119
3802
1689
3018
7275
4984
2713
4577
4301
8437
3543
5624
6369
8113
5486
4187
3850
7986
3389
306
6632
4085
2334
2481
6716
9312
4376
2803
4951
9233
573
5567
1095
7435
396
9807
7256
9875
5384
5787
6727
8182
1248
2674
4407
6663
9915
753
3381
9444
6432
2708
5275
9607
927
2341
4085
2698
4074
9742
8507
3512
5093
9918
566
9963
8170
2834
7763
4640
7934
6129
9692
176
1116
9642
8275
7829
7769
6510
8924
281
6912
5022
6210
2715
9498
68
8568
309
9355
1030
7874
710
7939
8188
5395
5875
9354
4174
4951
8027
550
2450
7155
2422
2493
1962
2554
7520
4271
1963
1325
8417
6361
3320
831
6422
5099
2342
1071
2671
8951
1394
5875
3448
3018
1539
2452
2716
8503
747
286
8528
5191
1174
6893
2927
1727
1619
1495
4442
5293
4905
5444
1952
6369
2093
866
643
2452
8874
2434
7399
3803
2813
4261
5731
5372
6808
5631
8851
1175
1538
8286
7754
8970
7366
3140
7188
4581
2752
9297
1879
830
4989
4423
9015
2985
2460
9305
5359
5808
8287
2630
4425
6661
4776
743
2411
6299
7079
4804
5461
4843
6952
906
9329
3939
8899
2237
6724
1383
5859
2982
1158
6680
8127
7158
6517
9675
6977
5609
4170
8617
7994
5631
5597
9861
9991
2049
3537
3016
6184
7179
7530
2147
8994
5640
8109
3260
3854
5341
3546
5855
539
105
8135
8051
9151
1294
341
2461
2216
8275
6799
6682
1005
6601
4632
4492
1685
972
2563
661
186
261
256
9084
4565
8596
3266
7256
3393
3731
6412
3167
6005
9269
8940
7952
2980
7872
3096
2489
5737
285
2807
9051
3988
7774
2491
97
3435
469
8508
8156
6635
1353
4229
9701
3199
5987
4522
6428
4035
78
857
8937
221
2441
9619
2234
211
9752
7028
7022
363
5000
9291
8071
2865
9404
8187
7523
9455
2650
2974
6493
3354
2404
6066
5184
6441
9584
761
3378
3796
3877
1991
4478
5362
5866
1891
8662
3003
3725
7287
5779
1350
1357
3369
4262
4474
2876
6620
7369
9634
6087
7737
3152
4179
5261
4180
326
6706
7351
8519
2299
5762
7476
5824
2495
924
5441
1078
5396
5090
5908
956
4340
178
3426
3855
4161
2187
4005
4101
5468
539
4415
1171
534
6722
8716
1097
2944
7092
2675
8042
2437
9980
2486
2167
2387
8246
95
7516
7928
6573
5346
9850
9096
4582
5925
3321
9846
751
1544
8431
2244
4989
2169
2624
2111
1675
2142
3484
3543
7764
1642
4232
7456
1454
5559
9945
2497
4536
6178
1169
5180
4876
2431
422
9951
423
3994
782
7592
7934
5282
815
8985
2754
4892
558
4892
465
861
3820
1842
6932
2162
4399
3996
5894
4165
167
703
5236
6425
1521
3512
1737
3170
3695
9158
6627
4509
9750
4833
3765
5957
1250
755
4960
6373
3920
970
9972
814
8374
5269
2288
3686
2533
9238
5320
5881
8840
8685
7039
1170
8689
2637
1117
4193
9333
4296
1479
4709
4657
7250
5920
5703
8390
6969
350
3373
5588
1198
7202
3270
4625
9813
3586
9744
8590
5617
4037
4868
1770
6757
9167
5395
1080
8018
535
8415
6748
7747
4518
7821
8184
2345
7044
6883
7067
3585
5957
9372
4877
9198
7298
7296
840
3126
9111
3569
8403
850
2488
3920
8608
8167
5738
4999
449
9014
4205
3261
4062
8529
6880
1214
3334
7512
466
2350
6531
6167
1428
5860
6082
1621
5711
413
2428
507
8355
8956
7573
3232
9510
3445
5543
5220
2464
615
7880
8712
5190
5542
7368
6847
1435
5612
609
1992
5314
7350
9202
4640
8207
7775
1353
7444
1669
7895
5075
3165
9114
1700
936
5701
2248
3376
2139
9088
5048
4252
9761
178
9408
6803
8312
6576
5153
4520
9398
1448
3040
8451
1035
3029
5047
4148
5985
1628
2822
2258
866
3462
1402
9494
3694
7461
9710
7349
2078
9975
2525
9569
3590
984
5049
9755
8650
3285
5852
4490
2168
9918
3043
6958
9199
6984
9666
299
4683
6924
7336
4888
1863
568
5092
664
6012
5695
8620
6962
4567
869
1204
3808
1944
5590
7130
7433
7802
1015
7904
843
6584
4
4954
8210
440
9872
40
3489
8772
8815
1394
8468
1598
3427
6498
427
3538
1865
9739
5096
4483
2213
4196
8505
6658
7360
262
8129
6651
9228
7340
6460
4151
5665
2995
941
6556
6032
155
5825
5423
9436
8665
2952
1640
8644
9476
8911
8839
2595
3817
809
1085
3192
9964
255
7215
3106
4849
7953
5909
8637
7755
1942
6118
3761
17
3431
8678
7913
3119
8845
2943
2502
5105
1058
671
7134
2385
4707
2375
761
3853
5489
6986
333
5770
8557
9342
6760
8151
4987
5521
372
8209
7283
595
246
6132
7649
810
1282
818
7886
5991
6784
2256
9688
7350
6172
3130
519
4649
8170
9144
4864
9752
8708
7952
681
1517
36
1207
8565
589
6275
2709
5958
1797
1069
4327
7699
8026
4376
3986
1644
8672
4719
5287
1874
1474
3790
6289
8440
523
7751
4094
665
8000
4158
5691
1667
473
4974
8788
4711
905
5361
2076
4650
8079
5470
2046
4542
1536
1217
6436
8020
5852
6255
9408
2926
2238
7725
2908
8225
4577
3602
7889
6337
9460
6869
5751
4085
3031
7641
867
6838
8482
4184
8760
9236
7901
5111
9047
2037
7810
7301
1701
4225
9242
7771
2612
6370
8684
5915
2225
5498
6437
4713
1292
4533
9277
1605
1176
2702
5214
1794
1052
4633
2582
1384
8825
2194
9264
8127
2955
9153
9319
2264
7991
2802
4445
5805
3932
5276
4161
1951
804
5196
1679
5927
9416
2270
5752
4903
6826
8654
5953
1951
6524
7004
7331
9362
2784
1539
1621
9269
3635
9636
98
3999
5087
4204
2904
4583
331
7122
1631
2209
446
5929
5926
6980
9938
9789
3083
8638
9244
8332
8843
4684
4348
4084
7187
2671
2050
2104
3785
3623
8990
9088
2736
98
7181
8970
3732
4365
4800
5210
8819
3473
9651
76
1024
2703
5753
5225
460
1435
3453
7080
9431
9072
3010
4383
5869
6963
7306
7200
9541
7192
6202
551
3300
8020
164
2944
8781
9761
7362
6230
588
3531
3328
4960
9885
4177
8488
118
4884
9517
4847
9248
7382
5209
6284
9168
6424
4172
3992
6055
671
7430
2036
6076
560
3661
1227
3598
2226
967
8848
4578
2000
5549
8841
7582
9591
8342
2900
1062
2261
9780
2118
5924
9507
7740
4483
1845
8590
3136
5367
1482
2460
2113
9525
9658
9176
3194
5367
6455
178
536
3650
6790
2161
2543
7709
2762
1836
6137
322
1629
5982
9542
5788
9170
6930
4562
7845
9900
446
8759
9836
3896
3220
2430
4845
4926
7911
1054
2403
1098
1685
1572
5908
6561
2571
8782
364
3776
4248
1399
7341
9434
3030
2623
52
9780
331
9290
1249
8748
516
9497
5784
9951
8610
2065
9797
7615
537
7073
2174
7931
7270
669
9791
313
4197
4647
2020
4195
949
2236
5569
5319
5774
4233
5931
5920
361
947
8682
3681
7279
6927
2334
2160
9863
3824
9949
3848
5548
7766
6475
215
758
5310
3286
7757
3797
2957
2870
5425
5132
2080
3621
3469
9474
2702
2297
8582
9351
8625
700
3411
8131
2122
5967
2088
9936
626
9719
9047
9017
1193
8742
7923
9709
2074
5469
2974
6523
6587
6860
6581
4148
192
1365
8873
4923
1355
8577
1641
1697
2361
2834
7739
5173
3683
5907
3692
9235
6212
3940
9352
5239
7664
1597
3143
9273
1475
5211
654
9865
4435
3040
4309
2370
4004
4582
7582
5938
3087
4896
2706
2599
3699
5890
5192
188
8787
4964
4538
9648
7088
2567
1882
7069
4533
2613
7098
5839
2453
698
4253
1843
9579
6574
9063
7774
2076
8787
6441
3160
5435
6767
1797
2141
6924
7097
5918
8979
4228
1110
4061
5604
5379
8378
5674
1714
8494
9689
7689
4332
7533
4134
7608
8965
7847
866
9390
7211
8914
2695
5816
6474
4644
6971
104
4327
7471
7263
3262
4543
9184
7239
3010
2441
3845
2077
2461
5028
8058
28
5584
9864
5826
3350
6577
3737
8340
5304
6453
6397
6978
2740
4465
539
1570
6002
2342
5078
5542
2290
4820
9161
8413
1496
971
6013
5188
638
5449
4397
6442
9746
3433
8306
4728
2334
4263
4245
5231
8378
8073
3735
7886
1945
9441
6205
1031
7038
499
6637
968
6173
411
5215
3602
7734
9771
4840
4736
1126
2341
7109
9642
5403
661
9429
6286
8904
56
2662
7013
8857
9909
3421
7737
1928
8156
1810
4543
2477
1103
1886
6247
9120
2936
2080
4664
5809
9491
2183
1627
8556
6263
371
6056
568
4770
6665
5821
9037
7971
4548
9251
9474
2670
5259
7943
1558
3613
5736
9264
9662
7542
6237
5528
2074
4135
5561
7887
6538
335
1099
1318
6958
8644
853
905
4301
5757
1244
2714
3075
8298
7625
5675
8035
4353
5635
7206
7180
5359
1018
8570
6561
6435
7309
4952
9038
3806
9336
637
6982
742
9351
8466
7212
1215
5421
4143
1406
5176
4974
8066
1049
1288
3887
1351
1840
3651
5322
554
5806
2328
9494
8675
9406
1596
6888
2722
7053
424
3466
8632
6699
3433
1123
2896
1033
2146
6745
7100
4957
6794
5470
9278
9724
8719
4046
1191
1799
2049
400
869
683
3611
6247
8199
6231
9275
7715
9839
5940
1019
5279
8564
1839
3510
5152
4731
8471
5606
7592
4020
9718
3147
7613
3063
8134
8315
9809
8677
6903
6033
2182
2403
7751
5344
9066
41
7374
6807
7496
454
6634
6604
6033
5207
2704
2223
3293
5104
1461
9350
4444
8092
6969
9876
6301
5482
1566
9247
9013
179
1863
5621
9309
7914
1929
844
5953
3808
31
4578
4223
8554
8347
1172
735
8012
1415
6600
4479
208
2589
1392
7525
5729
5394
551
1788
3945
5888
1478
9692
2148
715
3722
9879
3002
7052
7914
6020
767
2796
303
2117
1201
6650
4641
8198
4816
4021
325
2421
5720
8869
2278
1169
5395
2131
9028
9488
2757
969
4492
4894
8372
4813
5488
208
6177
5806
7082
592
7855
4575
6218
9146
4611
3329
9975
7500
7826
6357
1025
271
294
2000
7963
3767
6947
283
114
4693
3626
4222
6604
55
5228
9212
8832
5551
4313
5620
9724
1935
1829
5012
469
140
9159
9035
9703
8331
7686
849
4384
2305
7359
9170
9301
9053
8353
9636
7576
5451
9345
6171
5703
8934
5978
9400
3032
8273
6496
8074
1610
686
288
4437
2178
5779
296
5167
7882
2965
7497
5431
8003
594
3561
7030
8491
3865
448
3461
7402
88
6116
8170
7476
7622
9193
3767
5685
6161
6643
4773
5716
5847
2080
1028
961
7085
1853
2875
1042
6184
7939
5105
669
9418
7807
2303
5086
8528
9803
4598
88
6238
1481
7951
1910
5725
9696
742
9777
8704
7232
6059
568
3005
8044
5888
2614
1202
7151
1901
4116
7066
5488
4154
6356
704
6063
6907
8485
3994
3802
3727
3409
4678
9888
3270
147
2053
3127
7978
5630
7550
2099
7438
5253
3734
4593
3177
4679
4381
9762
6827
6293
7082
8254
3534
8219
6741
4776
8914
8879
3517
8688
2570
9706
1152
8075
5215
4982
6507
4784
9224
2317
8829
4619
271
6779
4357
1045
791
2195
5063
4987
6623
5316
7002
4586
7478
8811
2839
5668
6865
8691
4222
8694
5702
6982
2075
766
7092
5666
2316
2801
695
7526
423
3564
6572
4749
8182
6705
5258
3989
6458
7982
5486
744
5357
5834
5127
1037
6807
4917
7455
3200
3271
3558
1126
7559
7694
6477
8881
3526
9795
7231
4811
8352
8688
559
8123
3182
5469
6134
8790
1787
8772
2863
4623
658
2464
5783
1326
9472
616
6569
2975
4123
6379
6742
1164
9765
3761
4919
3271
2575
1284
427
9635
2385
8191
5770
5204
3906
8754
2476
3927
5411
6929
9641
8594
4022
8804
8498
321
6699
5417
8265
125
2619
2913
1433
3798
9012
4017
9731
1136
6463
260
7290
796
9720
90
6766
4358
5883
9257
6505
2330
5545
4710
7116
9107
9288
4443
3410
6156
8819
5957
3112
482
2152
7541
7282
2035
7576
2875
2632
9484
936
9807
3104
285
9711
5373
4350
6721
2232
7402
8645
1751
6986
7971
9508
6667
4138
5790
2928
7182
9098
3355
1465
4491
1375
7749
683
3793
1235
5392
7206
5704
60
4281
5666
5183
9436
4316
3214
455
1460
3163
9141
3855
7505
849
8166
2765
5507
4182
275
2868
2632
6864
1295
3282
4558
5171
2743
8676
5305
1988
8193
5924
6768
4616
7423
9802
3958
7430
6282
8278
9341
7979
7244
3799
7950
5234
8884
8127
2142
8257
8159
3649
9711
2821
6871
314
4048
5533
4646
7327
6444
6873
2574
6331
251
3503
8090
397
4320
8369
9626
968
6597
5964
5041
6315
6464
2527
5407
4148
13
8911
5477
5057
2305
3872
4597
3216
3310
6609
4221
3482
3590
776
5229
9611
2396
2224
5272
6095
3842
8020
6887
4989
809
3061
7115
1916
971
2931
8761
550
2786
9047
2576
9648
8439
1102
1218
7013
5356
5352
6185
947
7232
7379
9364
4551
4807
1017
4438
208
344
6409
3151
5284
4475
5464
7833
2017
3407
5008
7707
6474
4372
9981
2665
8106
4491
4293
4757
9639
5915
2951
4987
7312
905
2228
6154
902
9421
3789
3845
9890
2900
213
8642
6084
3418
9204
6855
2583
3786
4369
9989
8804
2803
5856
3274
1125
282
7409
1438
3595
1067
8154
8668
8370
5016
356
9143
1989
3572
612
8529
1435
2954
9824
3828
5013
7849
2831
7910
9667
7146
6853
3178
6170
7483
1837
6804
3454
3191
7903
6992
3484
6980
6888
4238
2996
8453
2399
7246
5592
7082
9517
5501
8176
3167
4032
9818
278
8894
7040
7805
7493
5136
8958
9123
1843
4464
9169
4068
2348
3080
9599
3589
5766
5409
8875
6854
702
2434
8690
8624
4673
3036
6544
8066
9578
5326
2371
5252
7500
3294
9980
2228
6331
440
4730
8411
1776
3079
8932
5707
8915
1230
7082
1714
5032
8956
4867
8004
1544
1683
6928
8872
6410
1286
4095
2011
1726
8542
850
5453
5532
7182
7079
1634
8825
2463
201
6953
3597
543
9087
9157
7187
1248
2467
5539
6866
7841
1131
9853
1951
2459
1367
2148
979
2723
5508
2059
8087
3640
9298
9887
7793
5799
7337
8662
3558
3582
288
4823
3851
4546
4770
9539
3424
7562
3584
8204
5025
4042
5256
7639
7384
6573
5376
1072
3782
4078
3194
9472
358
3117
6365
3736
623
401
5006
2266
3107
319
8142
8341
2289
9407
2866
1003
2508
2507
2770
2615
5462
2323
4016
2958
4768
4862
5566
1903
4143
5504
9548
6762
3551
2948
8049
78
9687
8704
9002
8717
1679
247
4066
3295
3171
1448
9168
8344
1180
5158
9942
7273
6892
6117
1268
7116
2323
6380
7616
3474
4497
7490
4192
6497
8621
8005
3779
3455
2977
4667
6280
8053
3509
832
1028
8434
7239
9945
3413
8463
5773
8430
4444
2190
9506
5516
474
7321
8601
9781
410
4428
5628
8370
8742
3102
9890
9863
4697
9775
5486
6474
2025
7818
5048
1032
566
790
7300
7499
6453
624
1326
4511
8461
1308
7008
5573
4446
1171
3311
6994
9318
4225
8339
1333
541
5769
9762
8966
9050
7347
2754
6131
6420
8472
7791
9057
8619
4730
734
7783
7101
486
5274
4993
1076
1233
3214
1035
2527
6091
9384
3119
1114
7352
6286
2455
4912
2267
3813
9492
5725
7365
6231
9519
9233
5593
99
4569
857
2395
5767
7556
5942
2878
7607
9565
3468
4552
8321
950
7149
4154
2706
6397
427
2083
8655
6544
7276
2442
8613
4983
9457
8109
4208
9145
9266
5625
2013
4067
8339
6122
5882
3391
2
2965
3964
7212
7518
419
2611
5491
2640
540
9201
9292
9977
3831
1362
7869
3910
2061
1479
8171
5691
352
4264
4743
9674
9915
7410
5039
3165
3212
4152
9813
275
8670
5676
3899
5421
8488
2510
4489
3567
2079
9808
2205
3218
8496
2771
9479
195
5513
5738
4051
4075
7092
3637
9450
5798
1362
8126
5833
4140
4352
1392
957
6075
1399
4115
107
6900
9266
3240
4187
5531
5176
816
8771
5070
5696
1137
4700
6363
4100
9741
9674
5328
9591
6766
5945
5315
9521
5617
7216
4587
4716
784
1656
3175
7800
7597
9735
3934
5080
4423
8006
9878
3977
1794
3231
1860
2467
8757
2402
4305
4651
7994
2461
4480
9716
1112
6890
2352
3831
2739
605
3361
238
3638
3971
8498
6122
6142
476
9108
3275
3335
3881
8225
7879
4809
4334
3451
9229
9485
5435
5157
4193
5846
1557
987
5488
717
6425
3911
2411
2607
5948
9927
5083
1960
1441
6337
6860
522
6033
6258
1768
3487
8023
533
4065
2335
2024
1735
8139
2376
1657
3787
4956
8505
3142
4456
1083
9519
9838
4322
8505
5114
6312
8889
5482
9760
3885
1082
7759
1870
8315
2982
229
1226
2374
4966
2131
6650
2325
1515
8319
9600
2770
7846
6024
9546
5982
6629
85
8317
7080
6044
6361
8934
6399
5901
9550
2193
7471
3871
639
1190
8010
7925
4624
6876
9982
9081
1651
2913
402
5133
8603
3715
6959
984
8668
5729
8557
3441
8176
6051
5680
6770
9912
3813
2084
5151
5855
3197
2967
1400
7741
4459
2972
2889
7560
7323
4411
2339
4137
7443
595
3634
1018
2082
3450
4945
3068
7735
5988
2288
1584
695
1164
4302
6476
6786
2718
6146
1630
6876
9880
5922
3329
4286
6806
8333
9024
8256
7627
8847
4698
9152
7747
6310
7878
7909
2741
1979
3837
1326
5937
8305
6724
3747
379
6210
8065
5842
340
7795
3075
6320
4989
6735
9043
6467
7538
1382
1233
7844
307
2955
3024
1658
8119
5224
9167
3309
8809
2014
4915
4594
6030
602
9390
4117
7779
2766
4488
751
2533
7735
2355
3042
1626
6465
431
2765
2077
683
1950
5506
9276
7313
5785
6039
8831
8912
989
1206
5583
7686
5678
8745
1590
3845
7442
1174
3422
5329
9509
1948
5605
7883
2984
2620
2289
2786
3842
4358
9550
7898
2097
7348
6405
4730
2275
7256
9557
2929
9501
7541
560
8593
7538
1461
8379
3531
32
9370
1218
6116
8543
7108
614
3155
3738
4415
3694
9605
15
4139
1575
5259
594
5316
1759
5124
6634
3863
1182
3221
7721
1860
2471
5038
9932
7972
3669
5819
5235
5860
9237
9978
4470
7028
9151
6114
2357
9799
7589
2528
2808
6451
2176
3677
5899
160
696
50
8168
4960
3470
211
8048
2095
3434
3818
1996
1477
3758
4304
5246
4898
5016
5344
7534
9785
3080
4348
3616
7090
1575
7750
9327
3534
7909
3777
9003
4134
2159
837
4786
6750
8797
2324
105
1025
8173
4608
7009
1087
8105
9684
6018
966
5200
6115
4786
8553
8303
1750
6010
897
5667
373
6373
6083
2573
8751
954
8765
9485
4896
8444
8263
217
1999
6734
8217
2303
3866
9358
4505
8829
6730
8761
8303
9806
1944
8519
723
3291
5183
8466
5542
5118
5842
3434
2318
5746
4024
3671
5146
9836
9696
4459
8055
5506
7299
7894
4378
7495
2021
7503
6462
8161
2813
2820
5660
3809
7839
2650
2269
9347
2176
2479
8135
6771
4633
2650
7491
887
3137
4574
6418
644
7443
6919
3246
5588
2503
4033
9236
4264
5075
5954
2351
9764
4724
5495
7840
3694
3677
7329
9500
3468
2093
6461
1870
479
4360
5207
3897
4585
572
8183
1469
8301
2816
2414
332
8382
865
1968
1890
877
3144
5709
2762
6080
8470
265
587
7410
8269
8437
5517
9113
182
9881
2652
255
7654
3686
802
4654
5764
4827
2076
4441
9326
3579
4626
6253
4796
9356
2734
439
3644
8927
134
693
8880
2976
5799
3172
4849
2523
583
8985
3797
6227
5277
8823
5255
5807
517
8152
4527
4456
2256
8042
9484
9982
2594
9148
5044
3464
5640
2224
6984
199
2292
8497
949
4483
2540
9960
3752
2678
4668
9332
2110
6830
3328
2887
6311
3066
2575
5684
3103
2834
863
9573
6068
5200
875
9082
8668
4540
1056
9153
6413
436
1287
1189
4409
1972
176
3859
5482
3895
2950
232
532
8754
8193
3842
7800
1927
5676
6628
5254
3484
6712
9231
6014
8968
6212
7589
9856
9919
2183
141
4037
6509
8676
848
3401
7782
4921
3838
4599
4473
9699
8621
9762
9540
4230
6967
2546
8024
7157
1981
9038
5299
633
2554
1236
520
4421
1566
1439
2254
158
5912
1834
4441
5758
9964
8083
4352
9828
1753
2242
7898
9450
2793
4028
8260
354
9283
7487
2420
7715
916
2965
1788
856
111
4976
5680
3034
4518
6399
7400
42
3734
5267
1984
3478
7785
4566
6363
5416
1738
1084
3700
7862
3709
1597
3942
3540
3934
8601
374
688
5462
5095
6870
7878
2745
1911
5471
6514
1818
7693
8523
8342
5277
3901
5034
419
9407
8557
4595
7043
5228
3159
4815
9583
6194
2293
4311
2836
1295
9383
8404
8777
6122
4287
6295
4369
4972
5541
2405
5294
2357
1824
5320
2730
3799
1699
7642
6607
7510
8342
5261
138
9271
6580
7618
1883
3042
6078
530
2702
1719
8933
8186
9532
4546
1315
4984
504
2420
3549
6917
6093
5061
2937
118
5592
4040
5870
8211
3386
5755
8246
1684
610
9065
2032
7262
8848
1338
9489
8555
9566
7903
5191
3962
8376
6862
1776
9674
5905
9018
6779
1651
5889
7259
1182
6649
9155
4185
3686
9424
5957
7039
7097
7682
4125
4377
7484
2940
4215
7055
1367
7956
991
5777
8173
1426
8678
2389
2106
4384
4894
4320
2017
8125
6610
5117
4096
4577
8041
6081
7278
144
6934
9246
7490
100
8308
942
6773
8298
1149
4692
2858
2809
4064
7770
913
5155
2405
7475
482
3411
7995
1878
3210
8253
9371
6856
6874
207
7609
6102
8001
8896
6721
6458
7221
9311
6057
7615
2997
3872
8012
7889
3368
4359
4563
8788
1342
7522
1986
6727
6181
6826
4832
8521
7774
1407
4201
3023
378
355
4720
6114
9353
58
3900
7754
7043
9341
7049
4070
1183
5633
8998
8728
4107
3800
2887
4322
5986
353
6680
5501
5061
2345
5362
6036
3858
5469
7104
9491
9426
4513
3456
3955
9928
7766
9759
503
8419
2057
5225
8052
843
8438
6791
2044
2000
5563
28
334
2225
237
7507
9516
871
5333
796
1089
3403
4115
1484
5991
724
4634
7993
3493
9858
2171
1729
5802
4118
926
1911
2010
6996
4136
8461
5679
176
1465
1276
7915
7894
174
4813
4168
6804
4827
4614
2967
7945
1308
7360
6612
1376
1653
7208
9515
9603
3990
1507
766
547
2817
9032
4037
7860
1281
6414
9143
8964
3412
8084
9866
2352
9123
434
1790
4271
3117
5163
2696
3055
5143
6767
5758
7805
266
8541
6382
1963
3832
2194
9708
5159
8031
2956
9582
6980
7669
2848
9261
7409
9371
2543
8273
839
1117
334
134
5454
740
2450
9647
6517
2999
9795
4484
9927
2056
6214
2914
9843
6471
200
3224
9502
4458
1044
3763
2532
4770
6491
3804
9968
5224
5643
8596
308
6948
292
5475
9710
8478
2248
3277
8501
2303
6717
4191
9462
1487
5383
9460
6906
2342
6564
8171
4451
6935
3375
8603
4848
7415
3694
3543
5999
3748
3817
4932
2353
3702
7969
5383
6100
4952
4834
1896
5194
8174
7934
5195
5083
3013
2473
2214
8910
1190
6628
246
780
2432
1616
4725
3345
7555
8537
4578
4071
7449
380
7946
9205
4869
2577
4125
4932
8728
7956
1221
2360
7286
6368
7125
6554
1985
9351
9011
7905
4111
4959
3287
1954
4102
3830
9407
9288
1028
7131
5545
3979
7313
3128
3062
7063
3992
8336
9944
7305
7458
5421
3751
8232
200
2535
5436
5163
3069
5428
9542
4301
3632
6911
8825
7222
861
4959
4603
946
4877
1374
6114
9873
7642
6394
6782
7574
8308
6671
4669
6847
7757
6166
104
7630
5089
6189
9836
2965
150
4229
9900
6470
9896
5659
3608
6542
6571
6227
5681
7795
1875
3236
4652
4575
6742
7166
602
1274
6356
4232
5373
4224
178
493
5830
3316
8452
3170
4532
6638
7927
7416
5277
1723
3125
5382
821
9608
1409
4229
7412
4082
3616
4316
8508
953
702
7845
2916
9173
8361
3186
2821
7906
8646
4177
3066
5403
1127
6411
7843
9334
4756
7409
7390
2735
3306
4189
2863
8500
8550
5774
998
3525
9306
7509
9639
6154
87
285
1460
3541
9780
7811
674
3679
5508
9477
2977
1571
2296
8108
203
2894
7040
6488
5735
3516
4249
4050
5012
2347
8721
1494
5913
5342
8121
9095
2528
6223
2695
3468
5151
5134
1780
6185
5345
3858
3244
5215
7288
3056
5166
7971
9064
524
1506
3753
1674
1676
6195
7541
5997
4231
3537
729
946
1242
2699
8114
9603
4370
1402
237
203
2497
9580
9016
5415
6702
7016
3362
4503
2486
9618
673
6420
2331
5329
2487
3097
7491
5645
3301
9700
420
9984
4339
8436
2883
5481
5784
7907
7627
7339
5872
3462
2696
8881
4557
3305
6764
8734
4707
6347
3416
2187
5143
2168
4291
5365
2039
8719
5191
838
4926
9715
7727
9262
5611
8231
5198
8467
473
9941
795
3747
5634
6229
7985
6673
3273
1837
3450
1490
3248
1789
6921
6762
3893
9114
6602
7621
757
9939
6519
7808
4374
180
655
1853
355
2931
6344
3223
2285
827
1015
2637
3062
5818
6467
5367
4197
1681
4836
2770
4021
3709
7317
6865
5504
463
9164
3096
5282
6338
5688
7365
1282
1945
6911
4366
5731
5226
861
8708
7547
8217
7482
7584
7451
7781
8401
7593
3256
4564
4818
1771
159
442
2899
7969
5083
3270
924
5620
4268
9356
9500
513
1858
5854
7746
6291
6643
1874
1314
2463
3116
5802
9167
7901
9584
5254
5305
2851
7526
2206
703
6293
5700
2666
2248
294
787
4936
654
2927
2701
8363
3446
4534
8698
2784
2759
5014
8127
5040
5709
7788
9817
5230
6059
7173
7104
8774
4656
3574
1343
9895
8019
5873
8215
3650
3618
8137
2204
1447
3599
1384
9433
4308
8271
3738
5862
2302
7790
7918
5799
5692
1981
5869
8945
7534
4388
1823
6822
4332
6379
2257
9698
3142
1601
6259
9429
1995
2493
2666
4998
4484
9687
1169
4690
8046
5538
1003
6436
7172
9285
1257
6022
196
107
6037
3350
2340
2306
979
9487
6346
6904
647
6831
8074
6626
4536
6191
5188
5912
2547
7634
8928
5120
8078
178
4806
5656
2543
7255
4767
5457
7948
6469
7951
9821
6462
5592
6095
414
6895
5237
7483
5376
8819
4128
8964
9679
9639
1607
1209
6488
155
777
4041
302
2969
4335
1393
9398
2927
8684
7957
6898
2187
3569
4088
7448
9302
3964
4227
5691
7365
853
5404
1286
8434
4247
545
6217
2497
6645
9465
6798
3342
1271
3357
1738
3550
3948
183
4140
9833
9583
409
7916
1777
3662
7277
9521
2939
8877
8388
6875
8738
3623
3680
501
8553
2235
6992
5051
2590
8257
358
585
5569
3892
5314
6370
7047
4098
9125
6428
7334
1165
5994
5974
6220
4898
9614
2232
6552
8776
4554
7555
3376
2690
8488
8805
1580
8760
6820
5104
614
5431
8521
9783
8005
8693
3401
105
3318
2129
4893
2589
5440
5505
7522
8747
6151
4133
3996
8929
9014
2147
8550
338
3443
6165
321
5361
6822
4202
3669
7317
4195
5292
5376
1261
7724
4088
5486
6687
4720
5155
5293
2451
7619
7663
9564
2565
5045
6278
4868
2136
7986
6285
9613
2677
7969
1826
1548
7616
4166
3369
5080
3168
1544
5425
9828
9422
7130
8424
1338
6790
7534
6097
3107
5866
9644
55
2699
3697
1917
4921
8172
7591
3309
3472
8728
8206
9721
6789
4472
8456
7137
9366
8257
7006
4953
2057
951
1968
3441
8433
817
2759
6110
6210
4043
7474
207
7997
3796
2472
5822
9730
2953
3879
7842
7747
4206
9764
892
2157
8034
2251
8799
8152
618
774
7644
769
1491
8813
7169
7058
8467
970
7661
8570
1364
1387
5178
7274
9376
15
709
8326
6762
8643
4401
9963
7625
2555
2970
124
3571
6587
819
3564
1864
1318
6638
9351
1312
2
3406
2761
5356
4064
4572
2928
5622
6019
8668
561
4760
2751
5505
2025
6113
5772
2907
1980
5944
7412
7139
9180
8868
4966
8290
5196
9847
5157
8031
9704
9166
3120
431
5034
5773
5264
4002
347
6174
4264
1506
139
9435
85
9106
7307
3054
1098
113
6301
4534
4439
1921
1170
7065
8380
7914
3198
2786
8227
7514
3378
4064
4062
9734
2849
3163
2530
6982
617
2581
3651
5461
883
1262
2027
8527
4826
8421
8364
7911
3912
5231
2588
754
2942
8473
3423
6594
4061
523
527
5086
95
154
5774
2429
1349
5390
9301
9604
7134
2075
8722
4472
5537
1218
4227
8561
2427
3969
3337
4281
8360
7314
8625
1157
2512
4329
7178
6271
1299
8864
9616
5585
7559
7561
8777
2072
5104
8436
1836
962
1482
9239
4621
8082
3843
8663
178
5800
8318
1819
825
456
7314
7457
2324
1959
5160
3077
3354
7503
8857
8107
2899
725
9953
8198
2286
1602
917
73
3935
4944
4516
3983
4710
6343
6148
390
1989
752
4612
530
3184
9307
8860
4477
3165
9295
7677
5808
2069
8071
5226
6748
8934
1398
7202
9833
7497
4009
7362
2763
6308
8290
2449
8386
6929
1979
3153
5475
6779
2152
9907
7596
2980
9157
5657
3229
1827
6893
1456
151
3496
3461
725
5388
2630
7898
2842
4179
4937
1028
8299
2481
885
8921
5589
924
8636
4893
679
1821
7913
5721
966
1469
3382
8191
637
284
248
3063
9572
379
2359
7539
4087
279
9218
1728
273
4780
3078
8262
3945
7406
2715
199
4351
3467
9842
9843
9416
95
6731
9150
44
3193
9473
5962
3557
8394
871
6966
8981
7882
8609
3999
7659
8310
1124
2229
3750
2861
8718
2902
181
6152
8578
7631
194
9417
1036
1026
7370
4823
2609
250
7117
5121
5036
6881
7753
4901
3455
5636
6263
919
1395
3442
5494
9170
6185
5413
979
520
5600
9050
5175
8967
6689
9994
2607
3573
7885
5766
2051
3156
3595
5002
6412
8183
1202
5476
5819
8098
7192
3840
3083
9494
9957
5228
3186
8393
8813
5887
7498
1685
201
1685
2745
5157
4709
859
389
1739
8388
8978
9087
7122
3889
5812
7512
1324
9250
2388
9383
8120
7893
2479
6882
7923
4688
1524
5774
719
8294
3416
1511
5198
3910
8057
5223
806
6881
9871
7405
6366
4580
7418
87
6571
8866
4367
964
8207
4139
8828
1795
1429
9731
7253
3936
5439
1386
5711
3246
1825
1133
9245
2762
8507
7529
9838
5751
9957
9844
7461
2828
5938
3392
3356
997
5766
6784
5988
2694
8274
5273
3668
4174
2038
772
8244
3424
8921
3087
6746
5899
1881
975
9769
7625
9323
8601
7826
9595
6584
9330
1848
7480
9332
884
3510
757
8361
5620
7216
7031
5247
5920
2160
892
722
5668
4343
8366
3553
7398
6488
6940
4600
9672
1779
3334
1561
8082
9464
1142
8499
3128
9019
6725
7664
2169
3198
1678
3823
1679
4129
367
8031
8416
4976
6448
86
9715
8022
2227
6589
2099
7395
9665
8522
9883
3084
7769
2324
2876
9387
6230
2123
4090
2380
609
321
3591
9106
541
6785
8831
4726
365
2224
1110
5582
9149
1062
2806
8410
8653
5720
5078
1295
8135
8756
6791
7751
661
2845
7906
7226
6546
5297
6851
9267
5434
4953
3093
6743
6113
8729
3458
1
3124
1729
8023
3700
9387
9561
1252
8149
1726
1627
7343
233
1495
2161
2219
3635
8244
6536
3683
1462
2125
3712
4817
4399
2797
6956
1689
569
9789
5593
5929
4321
8252
5931
1157
7143
5034
1875
1879
1493
4923
3999
6072
2899
2547
6116
2298
3062
7615
3106
1366
4856
8992
563
5169
9602
4954
7639
5659
3060
550
7339
953
3466
1970
2426
7896
6384
4352
7502
9720
2947
7562
4519
4130
9484
1147
293
2930
8447
7292
15
1408
6262
8913
7119
4136
2849
8181
4726
9377
9179
4130
159
4410
6012
7493
7478
74
8602
4629
7551
9484
2468
6242
494
9359
6984
7847
2015
7361
9227
232
8592
8635
3696
154
9930
9879
1888
9078
7252
1643
5047
2578
3383
6724
6547
7877
9358
8761
9881
5425
7810
769
1673
7701
6403
1015
3524
7930
420
4559
807
1395
8746
3222
7181
5690
6415
7476
8961
6362
353
1551
5759
9670
2710
2944
5317
9773
3956
8080
1121
984
8809
3277
248
1072
655
9511
2121
8581
234
4843
6060
6462
2977
8645
3388
2840
9068
4948
5521
6912
627
9081
4387
4646
6167
8191
5175
4034
5511
3312
7198
1554
2339
498
2547
6854
1247
1877
6580
1075
3815
4722
1937
4602
1002
9380
6616
686
2752
3456
2311
4288
7064
9972
5847
373
3869
416
9170
632
1983
606
5968
5441
9620
584
3151
9828
7374
4083
5425
5393
1589
1289
4558
3043
6598
1805
2167
8138
4024
5694
1329
4130
7458
8045
9241
9485
8244
8851
5043
4578
6161
5806
3782
5267
1477
9764
2891
7165
1454
9673
932
5881
2800
3015
8822
5932
9214
3948
3194
7322
7776
9175
4612
2449
447
1453
7819
7448
2833
4519
2119
3748
5208
3960
5497
6215
9701
4527
5833
2691
9043
3060
1874
6528
1657
2459
1151
5974
7914
7128
2605
4488
1655
9456
5346
9189
3972
7911
9209
3775
1516
867
4117
4373
1744
3022
6912
6375
4112
3874
1130
7459
8837
5637
8778
4987
8168
2248
9261
4315
2182
6958
5789
7978
112
3031
5952
3537
7287
9577
806
5824
9985
1428
8767
9654
4032
8129
1126
2525
8405
669
9006
4125
6587
3522
2781
6373
666
1820
1816
3467
5478
9931
5168
1006
58
3143
2473
5848
6080
5998
7369
8733
8095
4972
9873
3688
3388
4255
4381
7634
4548
2098
1501
7827
6784
1322
6969
295
5305
9870
9555
2367
7586
4719
4520
9325
3912
7679
8689
2592
4470
7585
7819
3829
7058
2344
8185
5760
536
5080
2481
9484
9350
1070
1425
5009
2134
6765
4910
9685
7078
8099
3352
7849
1640
8611
1451
5858
1095
583
4478
818
5585
8275
3342
6810
2939
8829
1350
3649
5308
3282
2680
7639
4657
9902
9079
7569
7058
7649
6319
3273
5273
5500
8319
7910
1311
810
8392
2756
9323
2860
4672
7058
5378
8445
141
7357
4933
995
3099
32
8857
3438
7558
5298
6163
6104
1887
210
7109
8149
5377
9999
7804
4817
9525
3984
774
4339
6671
7016
7739
2726
905
9746
6295
7969
9274
7110
1908
9301
7749
6912
6438
5805
437
1093
9585
5562
8304
9375
3372
9540
2412
5927
4308
8005
3714
2434
1562
1647
2509
6819
5454
8458
1985
813
1505
4237
8339
2832
7015
5589
63
4962
8475
8562
2547
2512
4635
2914
5078
2007
2238
8293
1049
751
8478
7720
3066
6282
7155
9305
494
7359
6124
3495
5916
6149
7541
461
8621
505
3182
1657
2577
1448
4349
7234
915
2784
5465
6953
4076
4058
9874
4644
2645
8230
5069
2183
9863
1439
7027
4448
1714
5834
6975
4344
3264
6261
7979
1339
6762
3822
9614
9160
6369
2945
713
6033
4117
1711
3388
5057
9093
9325
283
8608
9547
3535
3592
342
944
5247
1403
2999
1768
8951
1053
7864
2884
4184
1286
1434
124
2046
8445
6059
9124
8931
5499
7411
8765
3128
418
8852
3477
5361
496
6678
6613
1101
5119
1646
4872
723
883
8031
3151
3985
6866
7665
516
2842
8192
7334
4999
4234
5489
2577
6468
8843
2181
5638
4636
8790
7468
9295
4915
1317
3227
1957
5520
4832
6038
1193
6919
1186
4507
8398
3533
9099
7024
2176
4921
9342
2202
2620
8103
7575
1911
5032
6570
1383
5533
8329
8522
2709
8297
4393
9620
8389
1669
460
387
6710
7007
4773
5784
3122
1529
5290
6391
3678
6481
1268
9001
7199
6368
5474
7747
7533
4078
4737
839
4732
1504
879
8418
2502
986
6088
7288
4383
3126
1791
8348
2253
1320
6246
5231
9668
7561
5873
5252
5904
1945
2908
9063
5438
9791
2036
5614
1698
5389
3313
7995
8339
4173
6876
1710
6693
7345
1253
2546
9551
7911
7767
6576
5703
8975
9744
3708
2800
8059
5620
4709
6357
1830
457
9685
8607
5846
9736
8021
3997
9521
8549
6460
9999
5179
5966
6080
5091
3247
7920
404
2988
8983
806
1129
4827
2181
6594
5716
5928
4144
986
4362
4055
7409
7867
1249
6444
8532
6255
7583
670
4686
8524
8039
464
7753
7084
6218
7747
5763
6475
3671
7796
6510
4111
3427
7464
6437
2953
7414
3726
842
2621
5009
8841
692
8940
2006
5823
9140
89
7510
8850
8330
4994
7200
6646
524
1767
8372
8160
7052
4635
5064
5082
6434
9157
5994
9630
9840
3454
6503
2443
5699
6651
44
9330
6306
5601
870
1875
4830
5133
9052
9478
8214
373
3592
5196
3058
7720
5926
7240
1368
6199
7351
2814
6729
8847
8477
729
9384
1123
3508
5740
9787
7333
339
854
8763
4401
8987
6853
2565
6379
3503
1300
4943
4106
7205
6727
9266
1502
407
9455
7244
1610
8727
3108
7820
4581
935
4039
4876
6251
387
4781
6412
1410
8103
9268
1731
7320
6078
9233
3791
4823
7235
4541
3101
2048
93
7074
1847
768
8554
7859
2018
2423
5119
3513
7189
8896
9591
5524
7963
5779
4280
3542
2328
1103
2031
5644
9010
6385
6768
4029
3047
3497
7949
3589
7944
9523
9302
4061
1785
6175
2767
8672
4617
3220
8023
6986
8940
5503
7887
5864
9994
538
3544
1540
2626
5802
6063
1607
4169
673
3155
3788
344
4853
2748
8064
3367
8780
8904
5768
7350
8990
5504
9828
7765
8773
5556
6110
4003
9064
5228
3641
1892
8137
8374
6002
6165
4178
7563
7904
2371
3628
1828
4804
493
8286
1258
5504
6230
3372
2686
517
8653
2053
4082
2120
6454
387
7033
5430
8404
579
8858
7303
7910
4306
2484
6434
8090
5692
4696
9435
8598
4783
7704
1492
5633
4218
3129
8843
9670
1451
4934
3895
6939
3215
873
4888
3537
8096
943
9879
8941
1677
4270
6760
1458
6574
1030
9958
7584
1062
8554
6248
6738
3209
8260
9513
5474
5373
6375
7573
609
4476
4358
2096
7725
3629
2158
9265
5165
2615
5035
8372
3993
6852
904
9635
7005
8675
837
1303
6908
8087
5761
11
2385
9155
537
8865
4724
1050
5277
2798
3271
2979
4896
9211
821
9349
1876
2231
1766
5765
3378
2956
4794
4091
4590
8503
5225
690
7310
6556
9580
9417
7781
9438
8430
8496
3753
6352
5501
7763
1845
6272
2146
1677
3574
465
910
2115
8581
4846
567
382
7979
440
5062
9048
2973
5786
2602
1696
24
2423
9994
4633
2348
5797
6150
5532
827
8565
6915
7151
3812
7538
4902
3554
4388
8093
1899
9255
7007
4974
8454
6592
4013
1721
790
8038
7220
2191
3497
2986
5460
9244
6805
7769
3205
9384
9441
4710
670
2636
7146
3177
1241
1968
9819
3371
5267
9148
6252
8103
6103
4533
7344
8125
1988
1661
3424
3258
7109
593
7446
3502
1313
7842
585
6687
6126
8380
675
5253
6408
8351
8522
1930
8341
9661
3772
7299
5078
9234
4722
4971
5824
577
9018
3435
575
804
3517
9543
4230
6763
9158
1665
6617
9005
7820
3815
5891
3477
396
6074
1879
1495
6010
3197
6077
6681
6713
8489
2036
1616
534
5338
1203
9990
2623
2434
7847
6551
9068
1637
4440
4849
7990
384
1024
3059
6610
5756
6211
6681
3720
6590
9333
8540
8037
6982
4594
8896
622
2876
1293
9780
4245
6050
9220
2699
6546
9205
38
5113
2088
5916
5811
1342
1900
6399
5914
8506
6820
7227
8127
5389
8037
7848
7497
2397
9394
2872
4941
2358
8322
1341
8624
8349
7109
3927
926
6033
5983
6374
5064
9114
4609
6328
927
3489
803
6248
699
3066
301
2923
4249
1727
6508
3417
3263
7574
5024
2572
2918
3353
2433
6941
9314
5883
6726
945
3334
6059
4898
6014
4416
6657
8248
4614
5495
1256
2251
5240
4400
3620
8807
6647
1720
3623
25
5304
6172
265
9970
1244
6103
5987
8514
6224
8830
5112
5673
8028
1686
8713
4578
1300
7170
295
8560
9296
5111
3133
9658
441
9239
8007
1749
2311
4734
1002
6470
6561
3758
7286
4086
579
4819
8209
4095
3239
1765
6316
6338
2441
9164
3529
6623
2622
2730
9740
1396
3839
66
6175
3829
3053
8382
5447
9150
2832
7584
1652
8465
8243
8116
4615
1697
2791
7608
6349
473
1887
7981
1985
1442
5901
3290
2652
7931
7283
9913
7431
5489
7886
8774
1140
9824
277
6588
9349
4047
1383
1979
6181
187
9376
2873
5874
1633
6624
603
623
5560
2396
9166
7413
9994
1006
967
6661
4525
756
695
9763
712
1914
7075
337
9486
9764
3675
9117
1612
9483
8611
2691
3591
5701
9510
4496
2888
354
5790
8575
8916
9716
5328
8446
7098
3110
5037
6889
7742
7271
3943
3450
3926
7387
2118
5493
7049
5004
1619
3313
1924
9885
1891
6994
4103
9249
617
4343
5767
5711
1483
4591
3851
494
2764
2847
5268
1491
5671
7761
2812
5443
8364
3264
8447
5814
8879
315
5687
6848
9236
4550
6127
6405
9108
345
7774
8479
7025
4431
7228
5472
7017
4318
7259
8773
1617
9139
1380
2314
9545
900
7449
8120
1803
5264
6328
6715
6246
9972
8055
2047
8332
7409
4172
8216
20
414
2751
9446
5819
3335
9283
2607
7220
8504
7762
9707
7423
7984
23
9158
5277
8907
6730
740
7302
6378
5650
5040
9576
1596
7337
1013
2659
652
9475
4750
2629
9035
6852
8464
4604
7070
4497
724
3143
411
3847
148
8169
2822
1984
8224
7855
8944
1410
3283
3253
2797
2888
8345
389
7589
8095
8225
5315
906
2842
8540
6839
9518
1252
4886
2825
2479
4209
8471
5785
4103
8836
5766
7638
7978
1499
9791
1900
4747
5084
9916
7522
8204
2860
7709
9524
587
3746
3842
324
4799
3719
5233
3116
6706
9635
2814
5671
9024
3692
6459
3537
9042
3921
7677
6061
4431
1172
3422
9793
9482
1094
7607
22
3232
4537
5099
9938
8521
6427
7591
446
4473
3460
307
1152
2367
8816
2139
9748
6991
4502
8923
4871
5165
5057
6531
5897
5575
9033
8395
3318
6871
4156
6585
6866
880
1504
3923
4487
5784
7545
6660
58
7555
3815
1105
1243
2509
4922
7319
2770
6799
4507
6998
1035
7988
9169
3140
3018
6545
942
4634
2011
2473
7995
9338
6821
9707
966
1400
1826
4759
9994
9464
8054
2768
8358
4862
1848
9515
8963
4684
4620
4385
3020
7719
4825
6002
4036
8894
8184
1074
9804
6678
3597
4899
1641
8391
7588
2961
4734
9292
8420
3179
4253
5152
5132
8716
7561
7254
2671
791
8342
900
4906
8748
626
5531
5886
8954
3224
5879
3510
1688
7003
1907
8462
7439
5595
8485
1459
6830
656
3372
2211
5606
1154
3697
9639
7316
9137
149
7237
1004
7339
7545
4674
5806
9580
9793
217
9532
8289
4301
7462
3088
2783
211
5572
4587
1495
9733
5540
211
3959
9867
5980
6134
8407
6368
2848
470
8754
7659
682
3242
2514
7841
3095
2670
1044
3471
7868
1997
7134
8098
4790
2523
6312
2857
4017
9367
8440
139
8296
6195
6773
6356
2471
6872
9224
4046
8563
4635
2625
1847
7208
2429
6490
408
7824
2991
4221
7191
868
3079
9054
9174
4879
9636
4633
8407
3921
7070
7430
356
1883
53
4841
2689
409
9999
4986
9687
5680
8403
3731
6788
3762
6921
8121
7638
7692
2001
8283
3938
56
128
1275
4184
2894
1799
8683
1832
7020
2897
9306
8459
9153
7172
2402
8784
2631
5109
6028
7226
5112
2030
5632
682
1163
4273
8959
6797
2378
990
1645
7221
6262
9668
8649
6894
9221
2960
315
3744
5504
7768
5047
9018
7704
8890
6522
469
4761
5755
4610
2332
9752
205
8591
727
6410
8057
1949
9197
4853
1852
9022
7521
2974
5549
4259
5802
834
7499
8924
1701
6111
8838
9661
4463
4768
5539
8151
5607
4180
9243
949
826
6472
5275
7044
783
2354
9194
9007
4961
6499
5728
3854
3245
2347
7744
9159
1221
6025
2586
3906
4247
5315
3243
9104
3225
273
8939
1193
2449
3340
2199
4514
1624
4847
7287
2951
8114
7866
2955
7919
282
6811
8834
218
8764
6998
6426
2774
4748
4696
2866
1310
617
8323
4035
9636
8303
8414
5781
2025
8626
2530
306
9046
156
2438
2065
4883
5251
6570
3103
9765
9028
5825
3517
9294
4482
6920
1202
1901
2879
1281
4093
4584
1423
2998
229
6780
1046
8398
6855
9094
9089
451
9546
9480
7379
1636
4977
4542
7930
8749
5988
6764
8035
9710
7471
3816
786
2995
6163
949
3098
5063
9554
9166
5009
386
1288
2808
2103
272
8918
30
3408
294
2908
6613
8803
8121
7623
9144
8753
748
4343
4434
5153
5875
8404
6484
6668
7899
5597
6305
2158
2295
2698
4691
4483
7558
3734
9979
9383
7824
6409
7150
7857
4352
5200
9571
4660
2895
6826
6363
6707
6563
2012
1810
6400
5080
9056
4296
6323
6132
5755
2275
3632
9452
2344
4918
791
9022
1878
5747
7200
9540
9513
5347
7912
1454
1253
6663
1051
2332
4509
9849
9433
6510
1245
7847
5047
7290
2566
716
6250
3920
495
4299
3924
914
4348
8702
569
3173
794
9324
3802
3417
5384
2367
4685
6432
8333
3508
7636
1842
5331
6701
3099
9237
2434
4228
472
2157
7407
8609
3649
91
2985
5053
2685
1855
6510
1780
8646
8523
8625
8823
4597
127
1883
4277
7873
3654
7945
6559
1509
4133
4809
7650
9574
2609
6222
4428
7784
1215
9317
135
5594
9314
105
9796
1733
2703
8020
292
384
9715
5306
1631
6281
6282
1305
5138
9683
7454
4537
4259
2705
8274
889
729
4071
8946
7192
7331
3480
4807
5437
8558
1909
8556
690
5188
1086
3459
1700
8312
2129
5262
5234
4993
713
3639
9201
3200
7199
258
3240
8046
5645
6698
8301
2357
9601
7210
9034
240
1764
5882
2268
3088
5894
1410
918
8072
9356
5439
2088
5815
3659
4694
5943
3700
2818
1997
495
8989
1293
8826
4785
1759
2739
5249
3361
8497
8985
9703
3252
8294
967
7872
6534
8093
1033
1780
6204
8789
3982
9720
1054
2384
9424
9701
6912
5318
3645
8208
247
3698
8289
7501
2505
6969
2958
7571
9660
9231
558
8328
501
7057
6358
2116
1885
4329
3342
4588
5472
1979
7488
2696
7628
3208
9576
3989
7958
6083
9223
1520
2521
5391
6732
1801
7878
1809
8230
9052
7886
812
8750
9008
6830
626
7430
9678
8148
7679
7022
1839
8032
4655
7916
2210
6758
351
9509
8872
2371
9673
157
7611
5138
511
5546
1429
9110
196
960
2582
3647
4096
1139
7716
126
2561
9487
2590
8609
871
1284
9420
7414
5465
4312
1297
635
4379
753
7796
4806
2694
811
7100
4704
2316
6522
684
9295
9080
2216
3825
2318
9233
4523
1855
1507
4551
7663
7495
7212
8245
3825
2269
4742
1138
8823
2040
3551
9130
4470
5564
2812
6435
2479
6690
8754
433
7904
3705
5923
2521
2095
5160
1681
3525
5959
9394
2689
2545
5972
8808
2001
4716
9489
3441
8719
6430
7580
1594
7833
8504
6882
7416
1704
6632
1282
2860
5972
2046
3707
2270
9012
2064
9262
1484
5158
3172
574
5549
9731
3255
7386
2134
7001
5722
9860
7696
5999
923
3589
963
5806
5160
2925
5007
4734
7051
1022
6716
7606
3006
7393
4170
2951
6984
3639
2239
546
3226
8909
6517
4189
2213
5551
5988
9808
9169
4578
361
3152
1961
2932
2921
9098
2717
2393
3202
2802
6063
1262
4992
3112
433
7487
7420
6477
2840
563
5713
9038
2632
849
6705
5762
7317
4439
5102
1529
1092
9466
8864
3374
6021
1011
899
4191
3718
628
1029
5352
9459
4181
8948
819
8049
2399
2285
1315
3669
8627
5253
8404
6569
3122
8025
8908
1247
4626
5473
4850
8755
5636
8844
1776
4274
6891
6407
4854
9742
6797
5364
5740
5262
8162
1960
7908
3682
6496
3955
9946
8061
8101
9415
2068
3402
9696
5032
6087
2271
6659
3151
3874
3706
9169
3423
4524
7544
1729
4130
1718
1086
7218
2119
9537
3105
4565
1924
7963
7072
1277
2348
3401
6911
6369
2483
2768
8971
6053
1116
245
3918
8098
5319
6312
4612
102
1462
1133
5658
7717
8062
1258
3353
8610
8290
3945
2796
4817
2239
925
3091
2717
4106
2015
866
4925
6760
194
3668
6767
2923
8915
8998
5762
8786
4871
7543
1742
3062
9217
668
6739
7835
9999
7850
1668
5736
3187
2772
6708
3689
1117
3356
4216
4116
5376
6506
8644
6669
2437
3608
1890
7374
6920
3677
410
5976
7992
7618
6126
5730
4299
9820
987
3051
3226
9524
2449
1620
3152
9224
748
4739
6697
1222
3224
902
2163
1986
9733
5420
3180
7509
7088
3152
1143
3051
3630
6666
4759
6509
6052
9386
5538
3109
4342
9897
6813
6909
841
4013
5106
769
1293
7201
4846
5897
3217
6591
1452
154
3682
3931
3997
5413
525
3036
26
7297
9113
5448
2247
6641
6108
3560
6006
4433
327
2980
1533
2561
7543
7305
8545
759
3389
1434
6901
8842
8365
8928
2437
4014
4205
1302
3450
1898
3925
2710
9183
7233
4882
5874
3858
2589
6263
3005
9159
9061
4302
4510
7485
5478
6735
5205
6319
1381
949
1460
439
6846
3695
6918
5283
761
740
9063
2241
3518
5343
187
9714
3283
9349
4835
1971
9688
7571
7760
8525
4236
8846
799
7847
9136
3527
3085
7004
5448
4001
9169
4761
6802
6950
4800
7144
1558
6806
6042
6657
2911
8048
9695
6811
2586
6593
7755
4201
5651
689
2377
4440
5532
7716
1657
1442
1230
9636
7862
8944
2924
3174
5986
2866
7882
9184
3700
2310
9142
2995
9363
6982
9168
4599
3450
897
3101
9926
1028
7965
4154
1267
6801
949
9895
3639
2562
4117
522
1124
4867
2024
1577
8631
9079
7054
3181
2767
3148
1360
4864
3199
4815
125
4468
4923
7666
2630
9611
810
1736
7506
5712
3910
9572
6501
9160
4172
9403
7697
3010
6119
5221
4231
3044
4984
4321
2355
7321
1769
216
449
5214
9201
9186
6419
4681
711
3222
5650
2911
7546
7062
6724
9304
6531
6736
9924
6492
5947
8232
572
930
7716
584
9804
7025
3366
1606
6002
2955
1528
759
2652
6979
1391
8917
8213
5659
798
5505
1600
9317
8194
5229
9411
8124
8977
336
5936
2635
9564
3362
9849
6123
5529
1840
2679
3747
7047
4221
5145
6615
7532
4097
2263
6196
6888
5314
7989
6326
7618
2741
704
9907
6558
6519
4306
3277
7574
6170
8812
9545
5253
7009
8058
3885
6708
1547
2776
9409
9616
5677
1368
8558
7485
774
9830
7322
8645
3658
36
8752
9316
8269
8833
6139
3259
4235
1316
9890
1419
38
3597
7750
3713
8284
8419
7555
2993
974
7329
4423
8939
1699
1124
885
2411
9743
7259
523
9201
3257
5382
7309
6546
3362
9358
1601
6781
4433
5
7242
1492
6741
9874
1836
6332
5944
6171
6429
2876
2554
4744
7607
7509
2592
8961
143
6766
2261
2289
8166
8689
1189
5077
7452
8402
1304
2223
132
876
7338
1725
3460
7771
7948
1071
1638
2563
7572
9272
2492
9344
861
4640
7521
8077
2085
5953
4099
2200
8223
2229
1776
9710
9188
4925
3387
6918
3688
6134
4481
9445
6504
5349
5151
4233
5927
3127
5462
4843
5901
5901
6399
1610
7260
8426
9728
4252
267
4698
4628
6961
3638
1907
7190
237
9472
2600
9073
1405
5793
4582
4505
6802
6218
6834
6043
5549
6128
4595
9573
1335
6023
494
3263
1424
7740
9160
3582
3522
8016
358
639
9495
9038
8359
3622
3422
868
9449
6945
749
2300
8156
4162
6810
2168
1265
1910
1518
8407
1961
4258
5862
9026
9783
9067
3931
4311
7873
1898
8419
4770
8086
5555
2911
8917
4282
2429
6734
6971
4888
776
5300
5078
9167
6536
1486
5337
500
4453
5440
4478
9753
5145
3313
6125
9628
5370
7822
7864
984
2802
9500
4854
5426
9596
300
6502
7103
7999
1285
8675
1037
3662
5392
3061
1921
1476
3050
9116
8926
153
6122
6632
9075
8944
5997
8653
285
3672
4119
2831
2828
7383
5509
5677
3127
4864
9659
7416
9713
8826
6177
5632
728
3913
3395
7190
3215
9823
1012
4445
9552
54
5376
8492
6325
176
136
926
9390
3382
8745
1667
766
8310
4391
2854
8606
5859
8549
4586
2475
8858
2858
3354
5557
6307
9019
858
6003
5502
6254
9096
2223
8088
7143
9400
556
8921
1527
7416
5181
9781
5891
2782
7344
6879
8521
9942
9032
4087
3767
7010
6515
8515
9579
5236
1954
5397
796
4802
4216
5862
5046
4268
8997
7004
4220
7622
8426
4153
423
7453
487
8579
1315
8326
3853
6220
5578
9558
2447
7974
3005
2466
7555
2528
6225
4120
3298
2566
2102
4566
6752
600
8782
5553
169
2836
2042
7367
8112
5455
7630
9118
6338
9084
9466
2922
3299
2151
3507
1074
6776
4622
5082
9917
7203
1744
7047
2399
4123
1427
2159
7472
3327
7965
6191
4099
5932
7216
2641
2158
4441
5966
8242
305
4082
158
8051
1800
4949
943
6621
5834
5561
4527
6688
6415
463
2742
7732
4660
3676
8707
3677
1768
8654
7069
3022
4831
8517
2363
6703
3184
812
5223
4150
2737
4655
2166
2946
5712
6043
8230
2206
2060
2517
2882
2083
1788
5556
7919
9651
6140
726
8117
3194
2422
6989
111
1546
3267
2004
5195
4237
2376
7822
9621
2674
1891
7069
1092
3813
8133
3439
5176
3370
7007
2673
6894
7204
1714
5735
3662
3960
3672
5929
6680
444
370
4191
7109
5633
2083
3660
4275
3544
5623
6941
3679
9112
9408
8564
3947
6952
8334
4474
3078
2180
1219
1560
2842
3421
5778
8258
1261
2499
636
3717
6614
2107
6890
1849
9800
3779
6355
3986
4236
3661
9958
8784
1204
6777
7808
7416
3339
4204
8665
284
2811
8573
7787
6605
3007
1203
2680
6379
361
6167
1858
7317
9347
5145
373
5859
7904
4619
1427
3941
2986
8319
9086
6397
1180
7186
6519
606
6075
9767
2393
8385
6150
5148
9589
2574
8271
7270
2862
9334
9698
1710
173
3361
8093
3805
4042
8330
9455
961
4121
2591
1169
8025
3084
860
8247
2090
3516
1730
1693
1920
1768
1617
8836
4762
9337
1866
9645
2381
8073
3795
6602
3393
5706
1527
9443
1531
3957
3590
933
6512
4676
6237
9802
6489
8723
1290
5497
3358
9180
6768
7294
6933
9661
2024
5413
6444
9799
685
288
1142
4479
8792
8874
514
554
4078
8482
8636
7675
646
4136
5181
7160
1236
3200
4804
9052
5239
3225
3693
1187
6503
2790
826
8800
8510
5983
6496
9137
8504
7454
6008
7211
4768
1650
6609
7789
9523
3557
1301
6678
3997
7208
1692
5891
7619
2390
5150
9344
940
175
6098
58
5140
50
5567
40
5760
4271
5776
2509
1520
5058
1962
1980
3772
7610
4603
2468
6785
4456
6195
6579
6132
6867
7307
2760
1240
1404
4047
9202
6661
1843
9079
1783
9402
6312
9204
1392
8646
259
8176
7942
3415
7020
5427
6021
9856
3092
2694
4076
5
255
5349
4777
3372
4221
5961
1609
6603
9525
7140
5959
5732
3598
1840
4448
2242
1053
9317
4491
1632
158
6067
5420
1868
7125
2938
6851
84
3484
6764
835
6354
7589
2675
8116
1525
5317
7915
101
2996
8988
7064
1851
2101
5324
2737
5216
596
3410
4311
6032
8669
7501
3144
1127
2817
9476
3810
5176
7795
4868
1960
6420
9488
2673
5608
8403
3948
3025
470
941
6102
9560
9501
599
1888
1918
3956
9539
7208
3851
6287
8434
2208
1828
2579
1475
9895
7750
8301
7931
3357
5693
7273
3237
7803
6115
932
7537
1621
332
1064
4377
462
648
5259
1098
7809
6300
269
8498
6701
9196
7543
3120
8273
2747
6250
871
7403
9919
5045
9826
8146
548
4415
7360
9257
3741
6965
2111
1391
4298
8702
2572
2540
7506
7899
5557
3934
2287
3119
1162
6931
4048
5799
7743
3184
1933
8683
3906
6421
2106
2969
9770
2988
8280
996
7662
4813
7658
452
2562
4385
3127
2657
2849
7186
852
5728
6196
3757
8643
3447
5156
3733
2580
9551
8485
9594
1428
9669
6210
1346
3559
4225
217
3533
5311
6532
5997
7595
7333
3523
800
9155
4629
7300
8462
6658
4839
981
5373
6283
3915
5303
7372
5285
2620
796
9708
8531
3710
1814
6379
8470
5796
304
9245
8976
3571
9266
2345
6838
5963
6526
4670
8818
1242
6032
3798
3593
17
9816
6205
4859
3742
8871
5904
1221
1801
9549
1436
6531
5323
186
1869
8132
9829
7505
2489
3255
6808
7480
5348
1770
2250
5251
5116
4336
2405
843
9985
7845
3993
5900
39
318
8850
9690
8275
1323
8548
1376
7295
8317
9074
4978
2431
6302
1687
2175
4910
1235
2368
3176
2328
189
7571
2080
9571
6300
3745
9857
7286
7648
5748
8953
2363
9408
947
4317
345
8698
8118
2202
2691
9813
6615
5514
1352
5420
6629
4681
4407
6323
1631
4024
9697
3552
4287
8508
1664
8858
8504
2070
414
6222
2267
9964
1717
7245
1281
253
9599
9788
1147
6982
1661
7036
7523
1532
62
1591
842
6269
354
9276
9414
6230
3758
61
1926
4385
1240
8419
9463
7642
7881
1652
1826
4205
4078
3659
2921
8914
2812
5521
8293
5990
6483
4625
1214
7038
718
9118
8486
7482
5204
6998
372
5614
6569
257
5705
2076
8047
2469
8937
9039
8613
5719
3394
2671
1082
2040
5579
5087
3490
5419
8285
5786
6998
6853
7101
9596
8628
8012
9721
8614
1714
9532
650
1984
2466
7472
2193
1546
4884
876
6109
9946
127
936
1689
8655
2822
6848
489
1284
4104
8114
5650
6135
1755
8454
5034
9695
7413
1118
2217
5008
41
7123
7253
261
291
7795
4582
4562
3062
1121
3243
7692
8586
4947
487
8820
8338
8309
8290
4779
7383
8393
6880
7367
7781
5027
3631
8623
1046
2243
6658
8347
2514
2319
2814
1858
8820
6697
2729
7166
6197
7947
2160
8531
1610
9183
1151
8146
591
2275
5191
9502
9257
4513
4090
7448
8188
936
9464
9780
7441
6487
2387
8584
3094
2393
1295
8349
8411
8755
1527
3036
8591
7287
1380
5320
9767
7113
2717
8815
3883
6186
5799
2953
3069
9426
8065
4459
4393
7044
9118
617
8224
4344
8654
7755
3957
2743
8825
7316
1063
1782
9933
4661
9407
3590
4092
5440
1678
5747
2597
6015
8055
5811
5553
5376
249
8325
3321
649
9306
2909
6291
8097
6382
2868
2685
1667
1418
9260
8136
1165
921
6419
6900
5795
7969
8103
8349
428
3244
9247
6960
2231
3376
8808
3039
8141
6169
4121
7726
7549
8258
1510
9477
8445
6826
6529
2466
769
3831
3241
2625
1445
2745
8197
6684
3514
1487
7886
753
5831
3519
6419
6715
2432
4760
2594
5780
3211
5541
7034
8957
3228
2171
3236
4016
5656
8211
2441
3766
2968
8926
1955
3991
7349
7433
6206
1259
3507
8010
9004
9854
3611
1430
3165
7208
7410
1768
2871
5332
3304
2821
9368
9512
6717
8210
793
2769
559
9627
56
2008
9199
1941
9758
700
9211
9985
7478
2800
2086
5916
7978
1318
4390
9076
7625
3099
9124
6184
8971
2436
8731
994
8276
3864
1071
7020
3122
4603
5419
9427
3694
5673
1940
1800
3293
6802
7400
9327
1765
5998
5663
8593
4733
3634
3650
4480
79
8827
4641
5517
4694
3716
4918
2917
7906
2403
5470
6501
7634
150
6359
5125
685
4366
8993
4928
9274
6004
21
986
7002
4092
1914
842
2215
6731
221
803
5444
8219
9174
2410
7807
7888
9807
9678
8422
3442
9005
3383
7306
4985
3035
2788
5788
1628
7992
1572
204
6101
2764
9942
5056
8265
7458
2081
4949
765
8608
8380
8312
719
3221
7806
6623
1917
4544
419
8468
8285
2085
708
7078
7189
7879
3735
7882
4092
183
821
4377
5765
1310
5194
1635
1259
8599
7537
6466
3866
7472
3164
3366
7010
5198
3503
3943
626
9885
123
5702
6665
8524
4923
9508
4851
3289
8863
7792
2301
2792
5542
1352
4519
1832
9611
9695
2161
9346
1807
9388
932
5770
2576
4423
9359
5156
6951
3960
6967
2252
4163
6268
5192
1292
2645
2208
3554
2011
1234
4213
7039
6582
2518
5678
6384
6630
1816
3360
6483
7029
7967
7847
4712
8976
1090
9964
5789
5905
7617
7716
1669
6162
7851
6127
4607
4306
828
354
4881
7855
9756
3868
6919
2503
3665
2146
9526
7029
7934
2951
9471
2283
8428
6662
5195
6866
2591
8030
5582
9933
870
2477
715
1411
7045
8978
601
7700
620
9991
1276
2921
315
5794
4474
7677
2017
3202
3540
8344
4992
2095
3367
6216
5270
3617
3675
2518
9753
7331
918
8878
7451
9272
3319
8106
1782
3924
8904
9656
3102
4799
2417
7142
3008
6533
3266
5668
6009
9952
8451
4234
3753
2913
3930
1728
94
2421
8835
7279
2976
8111
5608
9612
9311
3129
2421
8098
1184
4787
1050
4791
3077
9421
1915
5880
8082
9909
5976
5565
5599
8649
2252
8648
6057
7110
5478
7737
3826
7352
3247
5584
9452
704
1490
4627
507
2432
8802
7634
1086
2859
3172
4228
1172
2631
6321
2222
2924
7582
8680
1788
881
5444
7087
1159
2133
4807
2243
6528
8029
6623
5580
5737
8922
2476
9310
9482
1691
664
2741
989
3056
4120
6634
6285
5595
6730
476
2856
8220
2298
5902
1629
2490
549
6155
3597
5111
1527
3398
201
7068
6344
3365
135
264
754
4421
2101
2200
7867
9019
1429
5705
8726
1255
2548
4875
2638
260
8051
6548
5651
522
1305
3785
740
5098
6263
8120
7043
1299
8364
8450
7229
3270
2450
3527
7625
1634
159
8960
204
2487
2501
1788
335
3232
4725
8276
2445
7082
572
7032
8838
3135
6575
6423
5091
7562
8172
6683
4086
4354
2689
4562
1773
7983
5353
884
8062
4210
8364
3397
4427
4630
4970
2048
1616
2298
7089
5978
9407
5938
3598
8352
9754
228
7653
3335
7789
8236
9724
4584
134
5688
2871
6627
31
532
4505
1729
2310
2649
7253
9071
8772
4622
7209
8728
2519
1981
258
5175
2290
2629
1707
536
1022
9300
1796
1869
6109
6168
2541
8669
3399
6889
6578
1868
4283
7508
6212
404
7576
9494
8944
6452
610
6393
1442
2026
4628
2491
9159
4699
1322
9795
2283
5326
6872
5598
791
9852
9222
9562
7654
9329
7897
1449
6847
907
7513
1631
8923
2890
6811
8179
1510
1697
8312
428
8353
4782
5206
7642
9672
5828
915
9704
9354
7025
1906
353
7112
4672
9953
7763
8873
7153
2296
4053
9273
3970
8347
448
188
9505
2908
6988
7415
8696
3544
2577
8680
754
7677
4334
2698
1144
5242
6847
3355
526
272
7773
7774
8096
3991
6380
9869
7356
9097
6012
1954
1072
527
2568
6206
9170
3350
9137
193
2583
3323
3538
1052
4988
5299
3466
6624
7825
4752
3449
9809
2886
3164
9955
9697
5015
2006
7452
1355
445
643
7398
2068
3588
1883
8872
601
6744
9837
1251
7109
2040
1335
5532
3875
2100
7194
903
4695
6618
918
8966
6677
2267
16
1498
1203
57
8733
6036
5692
1790
6556
8136
7553
1543
7330
9260
9590
9820
2819
7277
5396
3370
649
6225
8989
6005
5168
6172
2587
9890
3265
2841
519
8373
9986
8022
1806
7174
2924
9211
5059
5954
5856
4129
8350
3945
9086
9705
8557
7880
5830
9533
4441
9522
7617
7854
6370
2463
4942
5436
3882
7420
7063
3986
8265
7935
6875
5084
880
7020
3497
7163
6015
4034
812
9908
126
5894
3069
9949
4214
6992
3049
7337
9411
2687
1762
5290
3915
3118
4170
7542
7469
3297
2283
1640
8468
2951
5735
5286
1878
9345
3481
3831
3680
9927
3557
6465
8998
8999
2983
4596
3434
9813
6032
7549
6266
7418
2084
8610
3657
3769
3328
3216
9682
6936
6422
1018
1675
8450
4582
5432
151
7800
9555
5886
4794
1291
3118
2547
8722
405
5649
7436
1425
4663
6455
8769
2463
3953
1980
9789
4018
1762
5199
7266
8123
3508
1020
510
981
1866
8752
4268
1423
5968
9798
3785
386
4031
7575
4333
2379
9948
1377
3770
4515
6768
5540
8940
3542
2745
2645
186
1792
2860
287
3162
3034
8031
4151
3534
7280
4848
1710
3284
1455
3305
1613
6113
4631
5047
1304
5534
7966
561
6802
387
7404
4455
2231
6019
6128
4254
4880
1929
7291
4799
9062
6803
1877
6329
9493
217
8742
2236
3830
4266
6667
4035
3771
209
9861
7161
9429
2320
3500
6793
3354
3937
9347
6017
4489
4562
9582
511
877
6391
3623
7884
9165
3172
1794
1248
6596
4632
2740
1211
2145
2903
4667
2161
4207
5104
5380
7367
3234
3422
2298
3670
2955
8613
612
7906
3311
6564
4323
7052
5055
6319
3608
553
5638
1275
7575
8975
7956
2522
1023
9784
7536
2347
1118
6241
9697
3634
7609
877
67
8436
3886
8405
4594
1625
9998
2289
6912
292
9917
1621
6989
5
213
9975
8985
5724
3380
1730
6372
1236
9115
8349
5533
1168
3097
1974
9785
3791
4366
1346
4348
2115
5288
6678
3803
7892
4668
6951
5296
9336
8977
8311
3157
7044
6227
1026
1075
5471
2977
5954
4759
56
1271
1457
5891
1237
3358
7480
228
9178
5190
479
9289
5325
824
9411
7101
3517
6172
2054
5205
1295
1468
9972
7141
644
4401
7406
2714
1114
6535
1438
1444
7510
4548
4422
6610
6858
2234
3724
996
9641
1851
8589
5639
1238
264
3467
5273
4308
2835
9057
571
714
5668
7557
4726
5851
1865
3972
3665
7714
144
1872
1762
4611
3773
6271
6806
9324
9163
5112
8945
6406
904
8866
2816
9003
584
1962
4750
8413
5929
5220
1437
8863
8747
4332
6329
6538
3840
2488
8279
1379
7722
4510
3091
773
624
4388
3282
5844
7836
2203
9688
8546
9916
5278
3326
7313
336
2505
7292
8214
1212
1622
9555
4118
1210
4521
6691
4296
2043
3429
6646
6800
9433
6015
7955
71
9074
2809
9528
7906
5836
118
2231
8894
6633
9410
1630
2577
8766
9477
8303
3190
5587
7475
7110
9819
3243
5352
7255
6882
7944
6273
1620
558
1636
7612
2910
8619
9258
6515
7019
7306
4440
5237
5908
8902
7136
6152
1147
9760
1811
3954
8956
9786
2899
727
2592
5272
6619
4322
5758
8990
4218
2250
9664
1945
1106
1466
7318
6094
4977
3408
7075
4993
2021
6852
2231
9984
8863
21
8891
9505
6533
8186
3470
6378
3299
5622
2230
783
9257
4015
3516
8068
5973
2323
5266
3293
9070
3966
2932
4159
939
656
8871
9268
8340
6364
4511
1832
7224
3339
9425
3077
30
1773
9470
5289
1323
6102
7293
4684
7611
5633
826
9711
6554
7400
451
3944
9299
5231
6070
9034
8265
9430
7592
6821
1006
9912
211
5075
1386
8670
7313
8791
7670
2050
4315
4144
8341
7975
6044
3208
268
1003
2132
6658
6753
6412
5829
8035
251
8679
7757
3290
9068
5846
129
8899
7971
2616
5425
5778
8501
4333
2587
5925
6993
34
1930
2905
8689
183
6955
5206
4041
3263
8949
8728
1223
3623
8595
7349
5841
3376
1900
8382
6137
1531
2426
2043
1376
5171
1611
6791
1869
1146
5866
2912
8633
2496
3884
8088
937
9240
6777
4248
9248
4968
3357
4181
7049
8967
7088
8835
2238
1640
9233
9942
5396
6785
4221
7169
8539
877
3682
6280
8430
9622
5581
8508
686
8637
544
2962
8016
4906
1528
7247
1649
4561
5799
7927
4395
5576
3707
6901
1755
8230
3605
4452
180
6501
1797
1933
3275
8075
933
3645
5416
1661
2453
4350
1479
1462
5722
8910
3400
6460
3437
9296
5657
2867
912
1250
6052
2976
916
5206
9592
1175
84
6532
7579
1896
6461
9526
7901
9493
4871
6030
721
3635
2484
7288
7481
1389
112
7132
7148
5913
7158
5017
6750
4749
5796
5252
2160
5263
572
3697
4880
3066
949
9114
4104
2338
5754
109
3338
9840
998
5730
8534
7718
320
296
6602
3237
9546
969
469
1612
2952
8020
2759
794
4347
3894
5152
8414
4194
3319
2053
5653
3863
9075
9425
8047
7970
8361
6254
3962
5006
565
9651
54
1445
6169
2887
3042
1725
1256
7012
8886
3272
7092
8478
2503
2529
7603
2130
8322
7332
8059
4002
9919
353
3044
2873
395
5138
2110
2048
8136
1426
6075
1002
2167
4369
1612
2393
9542
5308
9120
9302
6722
7191
3085
5407
5870
8312
5911
1829
3468
3171
9964
5040
4125
4660
9670
3200
3476
2102
7687
7438
9901
5983
1750
4047
9864
4162
6683
5176
4490
8903
3879
4636
4219
4295
5703
540
5418
4225
2180
9061
9338
2586
5371
6903
1492
5328
3407
4486
4708
4052
6955
9693
8481
1727
6263
4557
4006
4709
463
730
9505
9402
222
4639
8986
5751
4507
5313
6916
4962
7827
3647
6582
9660
1525
6570
4235
8982
9933
9206
665
5982
1517
1434
5191
2978
7222
3539
6713
265
169
8134
4727
9475
8211
485
2720
5426
5537
5614
3863
5384
4226
6735
5915
7244
4354
7413
4441
7657
8263
6073
7898
8028
2399
6025
3359
4925
5460
9931
2585
7738
5252
7406
7153
9060
1615
5225
4296
8849
9824
2007
3853
2434
1520
7105
3124
4922
8935
9091
3944
4419
5479
6237
8318
2664
1418
3901
2100
5101
1989
5796
5389
2983
8858
4087
7212
6260
7097
452
6174
9149
3649
211
7183
9313
2034
2882
7909
6307
340
6843
8054
3762
1017
8641
3959
2402
9717
4719
6214
8831
1910
5837
5845
4695
1038
2073
45
2332
5299
3724
3678
6143
3145
5964
5890
5160
5268
3352
6262
4217
9558
1838
6047
2719
5654
5702
9399
2468
5548
1590
3270
5525
9711
7120
4402
9719
3707
586
1050
2387
326
4213
2380
8602
7613
2967
8793
8583
5146
7668
1638
1106
9601
4926
7187
9774
8466
6699
2971
8888
6540
3944
8266
6173
1521
6214
3647
9670
8750
8937
3823
3832
9768
6620
321
269
2792
1285
9149
5848
5324
5574
1936
4647
8309
625
6940
7445
2916
9193
6316
1807
3830
3786
2571
5356
3976
1325
5462
1779
1231
9993
5229
1020
8320
9924
418
4857
6896
7054
5235
5211
2239
2617
9968
4418
8304
9068
5357
1423
8227
5629
1499
7559
7980
9310
1729
3609
6370
6488
6903
5078
1475
2996
3600
218
263
7683
5190
1281
5605
5752
4912
2097
4219
3093
2613
5016
9562
42
9357
1253
9837
1286
8813
731
6729
4006
2329
2626
8448
8027
1956
9543
4487
7543
7920
2212
3063
718
6870
5143
9698
6766
7931
6934
9654
4011
3916
4919
4491
7529
2398
3464
4914
861
349
8343
5698
3582
2045
8887
111
4182
5367
9295
8755
2307
24
2666
2275
57
5984
8463
9855
1199
2449
5482
8571
9345
2041
2808
6028
2831
3939
6175
1074
742
9069
8095
2820
4736
6829
9762
2864
706
3332
8231
7483
1248
9133
7201
7242
8443
7340
9119
1298
7460
9180
9871
2339
7018
8924
2417
7671
4962
7076
727
9673
4763
1863
5624
4544
9174
9107
5439
4224
9171
7439
7891
2248
4792
9729
5603
8049
4357
8706
7258
2728
5166
7241
1929
8466
1812
1899
8807
9150
7021
9958
6759
5605
8620
5182
4149
7098
880
4172
4296
8364
9275
9859
1581
6802
3633
5153
7158
9872
3764
5813
3258
1665
7832
4866
8780
4602
4781
3549
9220
8331
5811
5586
1184
6644
6933
8402
5021
6493
1978
8002
2538
5562
5214
3743
2567
3011
8342
1587
5539
9424
2968
5047
8324
2445
2728
5469
5936
1794
4757
441
841
9794
6739
5192
2823
4174
2000
8495
5597
6229
3262
6339
9671
3400
2355
7543
2139
5247
1233
4602
7181
1186
1957
2841
8536
3817
8569
3987
517
116
5792
8250
665
1061
2697
9324
6061
1811
7540
6490
5301
8722
655
1824
1251
3067
2092
6838
4684
9093
7144
3176
4240
6477
6533
4407
1078
9494
6952
1565
5233
7780
9049
3704
9519
8156
4642
5547
9013
509
4669
2835
363
2956
4560
9153
8823
1075
7384
1380
9847
5972
5585
5864
7633
1964
4025
9996
7769
8853
7876
1914
8736
4895
3435
341
8991
7077
9134
3467
5199
9361
3119
282
5326
1876
3581
4407
8401
632
8172
9905
1880
2880
3173
1887
7023
883
8517
761
9320
8941
3770
1966
5730
8547
2165
3877
4992
8409
386
2950
6243
236
8424
3684
3347
230
4958
3010
2418
718
8523
7148
5926
7854
2833
9972
1933
9999
67
7708
9493
2705
9627
5176
5800
9503
9470
1701
4556
513
1005
6578
4210
9425
3811
2576
9738
1881
7055
8800
7494
8972
5259
3564
4223
9944
3440
1890
8395
3036
6459
1246
7790
4744
3041
2720
4882
6180
6848
4695
1534
1358
6066
92
970
5933
6136
648
7837
8818
9184
4147
2859
4267
7683
6514
5419
3488
8038
3833
1126
9576
7724
3354
9750
5150
5699
2639
3536
8797
3904
4318
239
3110
7511
2471
8595
893
7335
7987
7798
4710
6423
3228
104
736
5134
7663
4856
3185
8908
1425
5500
1760
4088
9592
9642
8128
5404
3229
1558
1865
8753
996
8897
1149
7730
601
5348
7309
6193
7366
3008
7306
3695
3967
6946
712
1559
6689
809
7820
2682
841
9253
9665
3229
723
351
3098
7783
4809
1112
417
8037
7675
304
630
8795
6599
1125
1483
1645
2700
8091
201
8846
5426
7287
2773
7500
3558
2973
9128
9994
2888
452
5242
5052
4017
651
7599
8998
216
2444
5245
5831
5023
2289
2975
1673
7254
6780
6942
415
9773
3765
6985
8992
5526
9363
6712
3014
3487
4887
3188
3991
8438
5487
8826
3349
4551
629
4525
6217
1097
337
8496
8736
3749
6979
6155
5229
5065
2534
4883
2544
2372
1277
9443
381
3793
7447
8158
2312
5997
1133
903
1561
2764
2552
1224
6149
6491
4612
8672
3630
812
555
2496
8851
191
3033
7214
5863
4255
8134
6745
8533
3696
2194
9176
6240
5771
4718
6384
8649
7078
3481
7194
72
5503
209
6780
4710
464
5159
4379
5847
7370
7337
582
8241
2242
4686
79
8338
670
3384
5845
4282
3164
167
7245
6281
553
2322
1798
3610
2948
9704
3314
9232
283
2406
4139
646
5621
9966
6518
2859
2116
4295
3788
5493
1348
8851
713
5003
8841
5827
3282
9439
6204
7832
4207
2475
9284
8787
2982
972
9842
4779
11
4032
709
6520
7037
1403
774
2202
849
6418
1087
8436
7968
2877
4806
148
6090
4578
9822
6158
8492
3284
9855
8014
545
7046
6402
7859
8352
4842
7369
8955
4368
7721
6970
6622
365
5733
8155
8171
148
5309
6913
5261
6838
1764
4322
109
218
9301
7206
74
4153
6738
3350
7299
2295
8482
4125
945
9156
5929
8677
3686
5370
1209
1321
652
3105
6970
9907
7235
9356
6901
3739
3314
3827
8419
3310
6106
5031
5459
9284
3067
5730
8786
7863
2640
5393
3067
9469
7093
9052
4040
6893
9011
867
2084
6603
6871
8356
5738
8018
9830
4370
3298
5794
250
2582
3153
2663
257
3970
1157
9539
6611
1366
3880
8107
4820
7149
4809
9712
6386
3774
1205
9979
1991
3182
5330
474
2701
2584
6633
6935
3402
918
8866
938
6223
4045
4973
9009
6838
5188
3302
7614
2016
4487
765
6494
5842
1565
96
9291
5409
2200
6322
814
986
8981
9322
7867
1940
4780
5371
1611
5603
7401
3981
6476
9240
197
1486
4331
9729
4501
2840
842
2133
7285
9776
6581
1867
8735
7745
3729
902
3445
9223
1470
679
2521
5049
2518
7151
5028
5152
6577
7068
335
3741
1834
7914
6658
9459
9124
6099
4255
4186
289
179
8832
1412
5481
6309
4444
1675
6495
7299
4167
4718
5116
703
5360
581
3646
7375
4746
6483
9117
3128
8467
6443
4131
3381
9085
6145
6054
4068
4411
3208
260
3155
4453
1790
9619
3647
6986
1721
1908
1293
2785
1672
7377
3040
2589
2256
6473
2507
2929
7622
9734
9616
2972
6156
7872
7410
4163
7052
9064
1845
5640
880
6254
5020
1403
8876
9172
9468
3726
9511
5747
3567
8297
6279
5301
8656
4818
8326
2190
3949
125
2695
754
4151
9785
6837
7763
1347
1072
3318
9832
8974
5729
8951
6807
9786
5413
5226
715
446
1304
2435
9474
8152
2026
5773
8952
2508
6024
8506
8898
8011
9625
1694
7227
2293
4118
5874
6107
2426
9600
8277
9666
6985
1343
1624
7053
7454
5268
3831
4517
1647
8021
7778
8815
4388
6897
5661
2061
9995
6034
2652
142
7438
5372
6444
2206
3038
4389
7910
4162
597
4611
7720
910
5160
4720
6652
7453
6596
7507
4261
2981
6596
8769
298
7709
4960
1739
4504
2901
7017
6143
1401
1322
8974
8874
7134
9008
1213
8614
4710
6281
7466
5232
418
5120
4965
1465
7859
9341
1563
5013
2904
2085
6449
6884
6094
9910
5904
5945
5709
3255
2428
4219
2960
1072
9553
4196
6077
8968
3939
234
958
510
3983
2546
5557
6284
3884
6439
6235
6117
4744
7623
121
1234
4614
1978
8325
1645
3642
9862
5846
8351
9983
2561
8939
4143
2603
8181
3062
2562
5081
4304
2235
3005
4102
808
777
4977
6559
7418
6331
1918
6162
8263
8632
6640
1123
1111
8069
7340
4919
7204
7063
5779
9104
349
6534
3889
6693
2645
1956
7295
5486
6110
6455
5951
3748
1282
9694
7755
2091
8768
6958
8738
4839
2461
1029
6434
9418
4402
9574
1325
8285
4102
9702
9071
88
1863
2906
8342
6142
9466
4228
3681
8311
1206
371
8611
259
104
3054
175
875
897
2197
584
4576
9702
7116
5760
9156
3521
4217
9815
1996
199
2245
3631
7832
993
6297
4976
4204
2459
5772
7317
7976
4984
3234
393
9188
2306
2652
8782
8674
2784
3345
5469
5765
7848
3161
1520
5361
1533
5552
1936
3483
3541
2326
3861
4357
2454
5398
3552
6781
1661
6800
6289
2754
8428
7744
2241
9476
5239
1256
6957
9495
3927
6570
6382
3200
9505
971
9948
7636
7941
7842
3473
4052
1563
2733
571
1145
5562
8310
2714
4422
9504
1818
7264
668
1305
8142
111
5845
8245
3497
4417
673
6845
7903
3198
6851
1757
5140
9421
7371
554
1310
2652
98
8035
12
7842
3424
9919
3610
5434
3690
4222
1834
661
6033
6859
3893
318
6825
6864
2550
3149
2294
1346
7967
5988
6930
1396
7868
9481
2322
2163
6861
1902
5537
3928
9711
3212
6363
625
5512
2960
9975
1159
380
7234
4039
5161
418
7801
2830
7361
6759
4428
8101
189
6185
8511
7384
884
556
2404
7017
3418
430
4278
7242
7591
2512
8683
5597
4772
9678
5120
1164
2261
2571
249
8118
8142
16
67
2326
2844
5114
3484
8228
7294
7502
9437
5701
4161
67
8244
3141
8163
846
7215
1700
7883
5379
5013
6629
9073
261
7342
4354
4818
559
9193
874
9756
102
7293
4539
3438
9380
9927
6686
1724
3243
4955
6532
1277
7488
8853
1256
7973
1100
8430
4082
8455
5467
5016
546
3263
9827
4953
690
9239
1983
8140
3494
9343
3049
4323
9313
772
9410
3540
9001
4862
5495
4514
1358
2148
3105
5432
1309
7183
383
9798
2463
6583
9810
6671
3822
2839
425
5831
2739
699
6568
3791
26
9121
5591
4944
8288
139
4372
6978
1077
6352
9716
7451
5258
6965
3498
7754
451
6439
3787
9626
3626
2174
7173
4307
5422
669
1422
3150
4711
7527
1452
3412
190
1410
3039
5495
8957
148
811
1603
2424
4475
9244
1385
9594
1071
6642
5631
6025
4530
675
8285
281
9233
358
2182
442
4538
5264
9439
9879
5845
8182
909
4131
5759
5083
6750
6663
6695
5979
5070
9286
6728
642
962
4467
2935
9042
7949
3574
3529
9886
5063
4415
3113
8763
7988
2083
2449
7512
4173
2196
1020
8833
8986
6214
6544
5303
7707
2417
7190
2291
6249
4714
5247
4663
6863
351
8892
6539
3054
8048
7247
5042
6856
8076
8486
4258
193
2342
1615
1253
4563
2302
4488
254
7151
9517
9796
8922
3993
3365
271
5187
2685
9403
3838
1909
3620
9254
181
1694
9887
7012
8005
1200
7411
4990
3864
9384
7351
2923
9437
3250
9012
1644
6979
1580
3228
9065
8411
2133
2424
2555
991
7376
5393
4507
1787
7838
9203
5811
8921
3370
3296
5748
9249
6166
1191
1911
5905
5655
7261
2404
9402
1949
211
803
8212
7332
1023
438
7831
3059
4642
7508
8340
6251
5757
9920
386
79
5995
5959
5798
8468
6340
7320
6431
9847
1959
6345
8675
715
8403
9436
9615
36
5611
274
1344
8461
631
9432
6773
8928
514
7282
8065
6811
6336
5895
3709
1297
6581
5458
8019
4629
8905
2260
5610
3338
7052
4915
4551
5221
7626
1210
9048
3107
4977
552
8436
5441
2647
3509
4801
930
4217
5189
377
4102
6125
61
2492
6014
7863
7092
6895
6999
770
6469
14
2941
479
5368
3286
89
6300
2592
6120
7256
4209
8781
8517
3520
1236
7355
3417
1306
1645
5334
3632
4660
8840
5736
9737
2888
6133
7485
5364
1698
185
7842
266
308
6016
4003
1858
7944
4033
3482
1925
5793
4833
725
1901
5454
6047
1622
4585
4684
9914
5542
4882
9977
9865
1718
1634
4245
4428
4934
5951
6856
4508
4376
339
3550
4896
8440
570
858
8685
7377
9562
212
1337
165
2640
3315
2384
199
7251
3203
7990
2959
328
5410
2060
1163
6979
7176
140
9204
9269
1805
714
9798
1789
4792
7558
480
6932
9992
2340
5003
175
1301
5988
6521
9795
5006
3604
4680
2646
882
5126
9300
2864
3715
5898
7963
1999
7944
6353
4371
611
3582
7211
1879
6790
3587
543
6680
3632
8933
8527
4022
6604
2360
6921
6579
216
2588
9795
1692
8685
3790
6940
6693
5582
328
3478
5554
9728
2182
6688
8515
4086
3338
6275
1917
5400
4453
2433
4685
6938
4413
2631
8907
900
1387
2388
9665
3646
8518
6053
7713
9339
4511
9579
8232
7939
8763
8065
1449
8207
5503
2068
5182
4995
7541
1729
3028
772
1895
2487
2289
5380
6168
3041
9215
3716
9106
1756
7078
9327
8477
2431
9336
9724
123
704
8809
4478
6375
3597
1119
7908
2498
3729
6876
4050
8111
9628
6418
1413
2843
9910
5311
6090
8967
651
2352
6668
619
3315
3515
5026
6951
151
2500
8045
713
829
1914
3177
1944
2690
2255
7648
9123
8882
2438
6446
8009
9977
6148
2948
6103
3354
3704
6612
5841
5367
5891
5054
9902
2706
4243
9478
9638
2830
7702
584
2167
7082
8791
5432
8978
9397
9226
5095
561
5720
7927
7284
6092
5776
3658
3802
2606
9232
1704
2975
521
2835
8240
1850
9241
7925
645
6638
9503
7356
145
8135
956
7632
1104
9994
3
7775
4230
1971
3742
4440
2224
2439
6413
5830
8128
6951
563
2341
3744
7442
9805
7313
3681
1031
1352
8805
1659
8524
4364
1606
7043
590
7912
5098
5405
2305
690
2118
6100
4989
2151
2700
4058
306
7714
8383
3040
1848
7311
7731
2486
3784
3586
8814
6670
3200
3472
8642
2142
2470
1227
998
8356
1085
3192
1709
8359
3860
8323
9917
5409
5871
9402
8356
42
3049
2710
7580
8807
5294
2817
2840
5874
6335
3795
6152
6604
1057
549
1178
6854
1982
3491
6386
1425
8956
3465
3937
6884
8384
902
7509
1913
4436
9646
3254
4738
8508
4702
4179
4755
2072
4388
3887
2537
9014
9506
5208
8820
7389
3208
849
7939
8189
6188
3922
5230
2109
8592
3307
6883
609
7181
6514
4256
5040
1640
5949
9593
4978
6185
3601
5280
2496
9390
501
8734
3631
5739
2909
6877
8027
4708
2424
4198
149
7851
3626
7409
5340
7102
8480
1412
3145
4657
646
9851
3393
6597
3990
8724
9083
5086
6811
2522
7144
8740
6995
9605
134
972
2682
9912
5497
5426
6622
2352
7130
9871
10
1183
5283
1117
7566
6972
1252
5396
8012
6416
4248
8370
4648
1593
4004
2619
5060
473
6982
4733
1430
382
799
7272
69
1385
4225
8451
6690
1007
1326
4335
5071
3563
9805
9758
9543
5465
8852
6165
1195
4150
4141
4724
8630
997
4422
3069
5025
4137
3943
2599
4388
400
3459
6916
7314
1664
6499
7587
8557
3426
2674
6113
7398
8014
8105
5922
8734
6963
2437
4673
1445
2631
7216
7259
3541
4004
9216
2246
5508
1678
3887
7046
9647
342
5684
6405
3946
9983
6828
9221
8520
1825
1385
7218
8581
4970
5687
8236
6863
9220
6982
9433
1731
8162
9521
4897
727
623
3800
2408
1853
1309
9757
695
249
7649
778
9501
3006
9578
1034
3959
7426
6285
2967
9459
8972
6934
9208
6988
1482
3952
6494
183
6469
6742
1357
1397
1991
5138
272
8708
8680
5719
6978
5639
3174
4089
9350
6689
7526
5865
1200
8366
3640
3651
5632
1041
9005
7077
9100
3626
3508
5543
6955
169
851
7810
205
6617
9432
4690
5502
3127
5857
5965
6405
1144
3475
9074
6750
115
690
5606
1517
901
5274
7123
7497
4364
4097
4106
5001
5191
6954
8316
9229
1447
5999
1008
5760
8258
6058
1763
6493
822
9655
5072
5304
4927
4369
6792
8353
3856
3185
2860
5809
9047
4740
9594
765
881
3034
6162
935
1071
989
6494
8298
7653
7350
9533
7282
7300
2862
5018
892
5582
3252
3334
7255
2927
5685
565
8345
256
5394
3284
6007
2625
3475
4690
2211
148
2392
2612
7476
9937
6551
4519
6003
3483
6404
4780
6913
120
4598
1116
984
7885
2333
9034
8378
8189
3841
5567
8531
954
1292
1672
1445
9401
2447
2361
2003
9687
2816
8297
3162
7661
3816
4928
8413
5941
3620
6351
6063
7460
7761
3332
5507
8389
9662
4139
9928
653
9319
2741
7422
4647
6487
8253
3387
7442
536
4149
1004
7407
3889
8511
390
1080
4421
7137
7419
5947
9474
5544
7347
4098
9488
9124
9098
6232
6802
4723
2577
9298
6170
9174
8030
9168
8974
3663
3299
3797
7059
2638
143
8228
9893
8539
1696
4766
1939
3265
1803
1172
3224
8046
7131
782
5758
2751
7369
9999
3062
234
7983
5737
3038
2355
9929
8552
6809
2887
9007
9463
2937
6679
2863
4675
6738
8813
8168
7644
1249
2323
9737
9697
4770
7625
7030
2673
8801
1278
3050
6612
6108
1285
1381
6194
2768
6157
7239
4647
372
8759
6983
3135
2214
3064
343
6990
6414
8626
6952
4301
5739
6549
1924
8755
6065
3635
2138
2658
9431
1064
4773
3438
7416
8387
3363
4683
985
6620
6995
2852
3005
3935
3397
4288
5192
25
8885
1763
5452
6481
7019
6453
3494
1852
4163
5499
696
377
3943
4919
9123
4275
8393
605
3907
4216
9726
8835
3397
355
9421
2039
3794
5675
4224
2080
8130
6128
7012
3940
2878
9630
1560
814
1717
7554
1943
1739
8940
5922
2603
568
840
6134
7408
8442
3737
7636
3175
3941
7687
9763
9275
9745
8555
1647
2445
9217
6161
25
8842
721
2415
7813
717
1622
8449
4244
3115
3879
8163
9079
3990
1626
5980
851
3772
2484
3219
7137
4331
5884
9061
699
1762
6986
2513
347
6626
1265
8905
2507
3039
5504
5029
3570
609
423
2030
1248
9600
7455
2603
7162
3493
6866
3750
6110
3630
2190
106
4219
7389
7604
6203
9937
845
7051
3210
3373
748
5073
8265
2357
5678
5085
2919
6396
8793
4035
7165
3159
8074
7150
7910
6604
8344
1991
5704
3656
5903
1922
3405
68
5987
3305
6280
9607
4869
9302
6809
4360
7767
9919
7384
924
6583
49
8978
1680
5166
8703
1295
1602
2209
5931
2292
2539
5685
4659
9865
5998
199
8713
4752
9222
1721
7015
3395
8873
7549
2155
6310
1784
2253
9223
7035
4144
4541
762
6264
7799
6276
9771
3907
6914
471
6222
328
2842
4029
6699
7938
8349
1544
20
7242
7510
6650
3258
6219
7670
2475
2477
9902
8860
7824
9482
139
5565
9909
6662
7584
3358
8487
5365
4577
7038
4898
4306
6545
7599
459
8849
3472
4316
4916
5512
217
7792
2862
6696
9160
1453
221
4550
244
8624
1285
6464
825
8457
641
5252
7354
8270
1796
1843
3275
9351
636
7845
6512
3495
3471
1223
4449
9983
7403
2664
383
3255
2221
2288
3717
357
9745
1788
1749
7670
74
9644
655
3054
2109
9814
7174
7555
8064
1587
7510
7449
6233
6280
83
596
2967
9860
1341
3466
7553
9155
3873
6119
8071
6721
7291
5835
9321
5377
5626
4340
9245
8231
8138
3678
6660
2527
1414
453
7392
1506
2045
954
4655
62
3404
5081
5068
7477
5085
5330
1951
5510
5236
3051
3824
8695
9518
2079
8786
59
8263
5831
8329
3694
6955
6900
186
2096
9047
3811
5743
8864
1008
6666
4456
7208
8271
3902
6520
945
7576
3268
2081
1087
8045
3444
276
6409
5371
7086
1922
7949
4660
6799
3816
7848
5794
8449
473
6820
6654
2501
387
5175
2862
4558
9872
2469
3171
2590
6786
8545
5859
1863
1573
9216
6419
9619
4373
5115
3220
1746
2737
5281
8980
2758
9927
9191
4583
595
2972
2230
3505
9209
7551
2367
7571
5582
2006
5586
6527
7781
4226
2198
843
2523
4868
7706
8063
1351
82
7238
2931
1457
4237
8719
206
1099
9536
9461
2360
5476
5398
3011
3486
744
1366
965
8069
6702
5426
1504
877
4543
6020
9838
8437
9523
5918
5149
9077
140
8833
3499
1276
6018
5254
8016
538
5870
6125
4012
8434
6272
5322
682
8042
3347
6568
5242
9900
6172
5226
4327
1345
7574
6866
4217
1813
8224
6939
292
8803
418
5807
6412
5597
5750
5270
2758
5666
4021
7520
6783
1626
645
7971
4510
3155
5728
5769
491
7435
9277
5697
1373
6283
6695
3638
9384
6069
2276
2762
3028
5527
2997
1518
5214
5119
7452
980
8911
4055
8915
5896
9264
1814
6911
3432
99
4331
5067
6271
4670
5770
4975
9830
9462
3577
1750
2062
5577
1206
2514
4032
5739
8231
4521
9757
7645
1061
6687
3672
884
7914
5750
7700
4151
7837
3640
5315
9330
307
4696
2135
9874
7871
819
1761
1762
3324
3774
9622
8564
5618
7843
7521
8390
1080
2112
4659
5141
2796
6418
5767
4913
2995
1513
4979
2509
7643
3574
2056
1166
716
526
5748
3778
5154
8000
4802
3175
1496
496
3906
6841
7375
4307
5248
8039
9723
4516
382
6046
4545
9060
980
582
9598
1281
6498
3769
1337
6734
8701
4326
4469
3558
110
8277
2749
9753
714
2534
9299
7315
1482
6819
2550
6973
9131
9731
3623
5769
3308
8268
8059
8418
9708
7672
8272
4028
3011
3080
3468
7089
3123
7099
1239
3253
6020
496
4259
5953
2991
2152
3016
2930
8438
2020
2126
6985
2753
2580
1454
9880
2861
6578
902
8830
6306
1374
4997
2484
2176
401
4558
3857
2455
6745
1273
6780
7425
9357
9569
8526
4847
856
9915
7764
7576
4309
436
2571
9073
6093
1491
9645
2676
6603
4575
3432
4371
7086
2246
4761
694
1252
8895
3375
3409
4703
9517
5515
4735
3234
1765
7299
2850
3923
4378
1419
4654
9431
9110
2995
8976
3857
369
8769
4567
7460
4122
4695
8648
6188
4183
7683
2508
3520
5731
595
7631
436
7160
6351
8348
2880
3465
2294
7479
6655
5113
7286
2645
2015
8573
6923
575
5719
8842
86
8483
9925
693
9090
1739
6800
4218
1721
8760
6991
9377
5517
4890
3913
8699
6929
4196
1013
4575
9940
8456
5826
5945
2751
7902
783
570
3874
2169
1709
9379
9042
2193
1134
346
3586
1741
6496
722
1646
7534
6338
4525
6876
4048
8264
5256
9144
827
9576
4812
9281
8366
6064
151
7611
5989
7190
2594
4229
2180
1558
7186
6666
7838
8321
5523
9533
3463
9792
2317
8750
3360
2261
3462
6473
5938
7354
2108
1222
4742
9251
3975
6891
4656
5910
1883
2753
1614
3233
8241
3402
9213
9030
8545
8468
6272
8182
7877
9148
5456
820
4928
6112
8379
844
1896
3544
3610
8446
6012
9591
4844
246
4845
8058
1046
7222
7613
5408
8351
9583
1908
8756
6203
4612
6043
2560
2089
9987
5279
7146
5275
9463
3387
415
5146
5444
2504
5561
3626
5632
5738
4358
507
8867
3151
6336
6892
7519
665
6378
4577
94
214
8442
2790
8960
2440
1130
969
9494
4107
4860
1631
4454
1570
8073
6894
7259
2052
3749
1415
8627
1689
5061
3931
7784
4381
4257
6035
7694
6448
7709
6288
4557
7521
8130
8184
1035
8619
8038
902
7328
4702
8515
6204
3758
8002
691
5217
4401
6063
5169
1106
5482
2775
2114
3604
8574
9875
269
1054
1037
5797
3461
5371
3361
5612
6883
2659
228
6455
5271
9327
6816
622
2755
4294
7945
3600
8546
8817
4936
8709
2685
3573
1724
1948
6194
4562
5898
1132
648
2121
1340
8670
1173
4992
9389
4586
130
6109
1732
9399
5065
6941
8256
7943
3618
4029
3932
2276
1751
2173
7569
5853
9229
251
4265
4012
8377
5434
4117
1552
9815
1769
5650
2212
6147
9548
2129
1215
8786
3995
3290
9846
3945
5778
1457
7830
36
1041
8617
7137
2620
4680
3652
2932
6530
4107
1708
9801
9441
4521
3137
8378
1918
4598
9830
5137
2658
1675
6498
4007
2962
4070
6042
805
3635
8092
790
2571
2313
6462
3203
1292
4395
6208
8416
2593
3761
3834
4462
9831
6145
6911
8217
3853
8421
7964
6560
5532
1684
9581
898
1337
71
2231
6371
304
9979
7090
2270
6914
6867
6849
4350
2117
5538
7271
2098
1267
1861
1165
9178
3497
1135
2653
3480
1736
2614
8978
4543
9077
9676
5845
6373
5942
5353
8743
2013
5048
6193
2976
3601
5802
3035
4065
5941
1969
5869
6819
4309
5461
3307
3993
9228
6378
8163
2230
8370
2118
4603
1665
9206
9247
314
5786
3493
312
3860
8686
7330
1228
2459
3543
8592
2300
5230
4073
4919
4119
7403
9269
4222
7287
3543
3207
8625
5440
6851
5219
6036
4045
1536
237
5956
5632
6955
64
8023
6066
5016
431
3594
1850
5950
525
6889
3104
6034
244
8703
1170
4654
718
9707
6979
4786
8594
2966
9760
4664
7442
5618
7914
7720
3795
8777
5404
3938
5098
2292
9662
3754
7568
9198
4990
5062
3810
2963
1928
8833
3057
6763
781
5531
7376
1849
5834
557
4322
4745
8058
359
4478
6159
277
2015
442
5745
701
5452
8100
9417
7308
490
8812
5016
2807
4395
8038
3658
6722
7325
5036
6025
847
7323
6553
8059
7921
1647
4144
6065
1042
8604
9095
7618
751
5089
1739
706
87
7730
5147
1054
4333
9712
3756
2590
9310
2277
4996
8539
7812
2785
1004
3071
322
1976
3089
7349
9135
4860
4011
2786
8269
2193
1314
5143
1330
5496
3376
2088
222
2153
8263
5285
8021
2842
6828
4924
3507
4888
1415
5565
9567
6500
6611
2414
991
4252
2476
8412
9656
8246
360
6795
9864
8766
881
6073
8780
5197
3742
7222
4182
8425
5212
7316
5014
3534
9636
6909
1962
9710
4518
3196
6256
3008
8553
2912
182
4908
5966
2111
8584
8222
8876
1487
4215
2567
2396
984
549
1724
8370
8569
5544
3842
5094
1774
399
4428
3412
8905
7100
4802
7371
2783
1500
9599
1658
8056
7758
7652
4716
7885
7596
2716
5643
211
8432
3816
415
565
6240
5483
9409
9697
1383
3117
5232
8009
4753
9033
9156
5826
1008
7338
5638
7326
6413
6598
2519
2905
3369
8019
4246
2171
678
8490
9926
436
5730
5985
6513
9232
5976
2553
379
4579
828
2895
7323
655
2558
5597
7927
4787
5042
6865
6715
1508
5182
579
1454
51
2122
5074
5968
8720
7224
4125
4214
8178
39
3641
6647
7573
6119
3936
4308
6280
685
8208
2147
5
4395
2226
7474
4888
8022
5752
144
1329
1836
1368
9538
4827
1351
9681
6734
2578
3820
5146
9720
2449
2916
1341
4783
4871
9715
2742
1979
7893
4802
6185
1321
6527
2052
5112
8143
558
978
4785
8345
4826
2800
8787
7160
4337
3178
9240
6720
9417
2410
3066
4679
3507
8970
8320
6801
2065
7823
7037
9904
7222
9670
8566
2273
3004
791
4143
2763
6738
9231
5975
3661
7457
2570
7702
9531
532
2907
7919
8066
8382
5412
6878
5894
6253
9495
6258
7614
2445
8952
8666
1032
2859
6549
8257
4073
6095
8518
9447
7840
379
8480
7394
6323
8924
7015
4187
2474
8812
2633
3031
43
1799
3300
7234
5556
5834
7853
8708
397
18
2606
5821
5652
6801
7924
4266
180
7503
9818
6327
9278
5839
990
8246
105
9753
8024
6034
1923
6186
6096
9458
6201
7793
771
2145
1846
5606
8771
5949
5869
550
9216
9364
5947
4204
3579
522
5482
2910
2618
922
1956
8391
8523
7866
7431
4222
3969
3109
4366
6841
4921
8188
1858
5236
972
6779
4624
5437
1289
617
6313
7706
9963
7243
3101
6558
7296
746
9850
9281
8938
5055
3257
8686
7042
4875
8755
8930
5703
5043
410
5296
5576
8341
7462
7708
4059
4071
4610
391
8674
7837
6031
5519
5776
4931
5789
3956
7266
8304
1023
3606
6183
5214
6965
4265
2739
9776
9089
6305
1037
5007
7479
4649
6766
2056
4123
153
9407
2803
3925
9352
1668
6718
8208
7683
5371
1420
4517
90
3316
7503
692
1705
9062
3604
9333
4143
74
7613
8661
1764
5469
6395
8170
3242
5612
8898
2095
7131
8025
6813
108
1248
3868
7972
6159
843
7676
9905
7332
236
3973
5563
4366
9691
1814
8236
5468
1308
1483
2040
6322
2862
5915
4120
2550
306
6746
4231
1514
9591
9494
2771
4524
1819
7312
8422
8587
3572
385
9051
5666
6293
6699
4347
4328
9292
5957
4961
5227
3532
3584
5731
9592
8690
4458
4571
6738
415
9349
9846
9243
2283
1611
7927
2561
6217
7148
6792
2036
9795
7153
5357
2460
8942
887
4970
5036
7157
4992
4855
8990
5960
4094
789
1582
798
6445
8528
5674
984
9527
8396
2595
3818
3260
6848
1424
3773
248
1062
1506
8350
9493
2614
6453
3182
4978
5782
5350
1818
3355
2403
3734
6655
4327
570
919
5842
5137
1965
6367
5444
1214
9479
4994
1065
9008
8887
6312
8599
4578
1582
2719
7203
6310
9514
249
5798
8669
8956
6273
4907
2117
4361
9284
4258
8334
9503
5597
5205
50
2101
1162
2390
96
7500
2901
3396
3342
331
7892
1795
2480
5840
8401
535
630
49
7913
6193
3935
7396
4086
7863
7617
97
7784
72
170
7152
2834
8683
933
5901
1132
5282
6803
450
775
9423
6773
443
4204
1463
6754
1118
4606
4648
2176
1381
7420
5731
114
3351
8051
4394
7875
2893
5411
1010
3403
8952
5843
9427
4624
3364
9428
7909
9914
2783
7496
431
7141
583
7894
3302
1183
8187
1228
6810
9721
9557
6242
5797
3721
8321
247
4896
7366
7188
5209
4469
550
7961
5018
9927
8814
1178
4648
6463
6219
8147
8368
6802
6598
4501
9149
620
1950
6664
2018
8094
6575
6806
1200
5774
2278
9057
4565
832
770
1415
4333
8937
2522
1229
4166
8793
995
1894
3399
1183
7028
6150
2229
6834
3944
4974
5050
4836
6451
6596
2251
5399
4416
9385
2470
7793
738
2234
4127
6957
7154
8683
6256
895
3751
9698
8722
8697
6716
3965
4446
9219
3418
8975
4765
7069
8788
6108
9247
5351
8926
8178
6694
577
3042
4196
2348
627
9076
7583
1111
467
8355
4888
5244
2568
2290
1304
633
9097
9119
3432
5395
5157
8314
2470
770
849
7304
9290
3069
6515
1387
3181
5364
4386
7386
9297
9221
7984
8594
3472
5696
6080
3948
182
1334
312
222
6083
9928
8913
2939
9831
2209
6198
360
9382
2865
9207
4736
1352
7692
1065
7
2307
8784
8627
2875
5731
6071
4096
4029
4037
8570
5257
5703
5070
9764
4079
3619
1010
8290
1691
7978
7631
8115
3618
2549
8016
26
7512
6163
9087
8035
3805
697
3687
7488
3823
2315
6261
2591
2612
7700
4427
7653
4943
7111
2917
2529
1739
2603
9384
7303
5268
596
3390
258
8869
8445
3714
8414
4526
2129
3255
733
8868
7476
1912
3952
7395
2530
9819
4244
6124
5689
4725
2245
29
7079
1453
9884
9745
7084
6129
8502
5298
4772
7410
4749
6700
5834
7156
6170
8814
9436
1781
1167
4350
3719
1355
6923
2277
587
7868
789
2129
3567
4397
7396
3745
1861
5527
9950
6599
389
3590
2042
6661
2456
2129
6443
5147
3183
633
9742
599
284
4174
2164
5954
5473
7546
8211
7193
2058
1804
2553
3912
6554
5459
4189
1947
6184
8574
6867
1786
2332
7087
7964
6545
5970
619
5863
272
4446
3444
5776
7794
3046
9399
4672
3909
6378
6224
5531
9031
3640
6704
2330
4565
3441
7959
5011
6083
1518
2355
5258
1876
7073
3749
240
8773
8800
6731
1965
3615
156
8356
6599
415
4730
1090
5676
7174
8516
2542
734
4391
5210
7662
1520
8408
6925
5274
2397
3566
7607
7016
9745
98
798
2575
7443
2256
2273
2702
8095
67
3922
3359
2917
9173
6278
5740
100
6276
9537
8034
7285
212
8915
5951
5358
203
8648
8389
6064
5570
4220
2907
7607
6517
9802
4223
8169
6828
5721
2090
3229
160
779
1526
5819
6186
9286
6539
4407
509
922
6828
7734
3282
8667
3656
1999
2825
7045
9191
8090
9073
8950
1298
6470
2580
2225
1176
4623
2896
2515
3748
3436
5799
1046
67
1680
8106
6076
2159
5235
137
4005
6596
2161
3179
9197
2194
2197
8777
7628
7926
8854
1121
2773
4656
3253
9824
7412
5299
3971
4697
8259
3701
9369
1890
3584
9759
9397
2853
1144
7085
5696
2052
8849
2998
8983
6854
468
8191
1903
1188
4028
8096
5547
3389
8093
1048
2337
5610
8650
4472
6191
6319
2864
1639
6364
3490
5275
3010
3206
8671
8484
9955
4865
7707
8224
8173
5380
4587
3639
290
2863
6033
6580
7441
2872
6144
2028
633
8560
7067
3930
8157
1909
7931
9594
5961
2151
8407
688
7512
4211
8193
1145
641
5349
153
1703
7867
1496
2432
344
879
1792
8798
1793
8063
3296
6267
4584
5400
3807
85
3905
6620
5910
8355
1555
6631
801
9455
4878
8249
8885
9704
6274
5207
9196
6341
6063
9851
7888
8395
8878
3760
2149
7500
2999
2995
4412
1300
645
9779
8662
7462
5057
8519
5949
9910
5382
3354
4420
1546
4359
3675
6541
2575
4159
3548
9570
6009
1856
240
4224
9763
4326
9336
4457
9450
5218
4164
7981
5008
767
9017
7763
4761
3781
855
5207
1206
1610
3852
4385
5027
8957
6242
2829
8788
7197
4870
1657
1219
1337
3730
1183
4048
5540
7213
8958
7904
211
8605
6404
657
8485
1060
3714
4042
2943
9335
1793
6997
63
7716
9977
1932
7543
5553
728
2014
1976
6024
285
1724
527
7199
3800
4813
5738
4292
9051
5725
9466
7771
1301
4426
9058
6604
7191
6838
9765
1020
4110
1330
1714
2755
4935
1441
2847
1441
3429
1628
8010
8796
9759
2635
9087
365
2540
6197
9542
88
8135
4315
7802
1360
3619
8343
4411
5478
5652
1744
7318
5482
4402
6432
1463
5526
2573
1855
7808
5622
2166
811
894
899
3848
937
221
1474
5649
7642
8233
5200
3004
2205
6243
915
4000
6845
7986
6970
8877
2132
5449
1783
9031
4261
3676
6268
9956
2809
3928
2740
1151
309
1794
1450
2658
8743
9606
9809
603
7445
9687
9820
5566
2269
6855
5481
9943
5434
9638
9530
6857
5687
5503
8934
3408
439
5847
2522
8243
9447
1637
7374
2316
7497
7110
7755
4169
9878
3264
240
2995
1350
660
6005
1938
3616
3317
6529
3259
9954
7684
4968
464
6547
2734
818
6551
4885
4041
4578
9791
4782
9894
6515
8225
205
7369
6329
973
3443
3641
1126
9880
290
2042
8614
2051
3370
9709
7569
7630
5916
4229
165
9712
4365
8517
7364
2807
2705
444
9557
9950
2262
8999
3380
5808
8647
217
3812
8216
1274
4910
3730
9417
4682
528
3397
5731
3840
7833
5577
4851
5682
1471
8517
1191
5972
6682
4879
369
120
3304
6913
4015
9126
8692
2092
7179
3292
9924
3164
6951
7566
1403
5594
4676
5804
3963
1918
179
2080
4190
8284
248
7701
9458
3186
2265
9233
6825
9815
3603
6533
5519
3505
8246
8929
3412
5178
1707
3673
9102
5494
3375
5681
4971
8417
214
5219
616
8070
5873
535
571
7345
5682
5547
9470
4454
5328
1085
3977
7659
1959
4244
6760
2816
5404
4174
8803
6265
8174
9173
4973
7382
8769
4871
9460
276
9181
4858
3302
9930
2000
3468
7062
6209
7276
1826
5712
7165
7283
9574
4570
9747
9506
5607
2539
8611
4294
9796
5558
945
9888
4655
7928
7422
1459
744
3935
9530
4347
6710
3470
2496
9213
2406
1796
9864
977
332
6432
4175
3875
2381
2249
6789
4616
4185
5429
1731
5666
8544
7129
990
4582
8985
4646
9600
9545
1769
5352
2709
6495
5366
4253
7214
263
9225
9465
4178
1584
239
5046
4592
5000
7085
805
6285
6303
954
1264
7508
6493
3914
7806
2941
4780
120
3217
5939
7825
9980
4575
3728
1258
345
392
7808
9615
4127
6690
8713
2991
1721
5161
3713
1716
1688
1407
8994
2463
4813
1222
3941
3543
9975
6763
3026
6261
5140
2426
334
6353
4629
3202
3338
5005
9468
5289
593
2972
8277
4887
5010
3849
2434
8736
950
2108
3929
6282
5508
9198
6747
8840
290
8224
5398
4149
8787
2185
9970
6426
2683
2002
8864
4511
4129
924
2573
817
7898
4015
771
1923
983
9815
3386
6294
7640
3235
4668
8896
2349
7402
7784
2687
1158
6294
2931
8438
2762
8789
2294
5371
6897
8272
93
780
1100
8143
4792
137
6207
1962
1053
7039
4227
221
3227
952
8907
7650
1547
6062
6315
3834
3718
5866
2126
5384
7824
2931
399
613
5815
7087
7792
6426
2573
5410
2056
5695
8170
1726
934
3481
3613
1101
3781
6556
6716
8384
2242
1726
5776
2849
7554
4043
5489
1965
4646
1142
968
6879
3113
8476
4028
6033
482
7171
6112
8416
8087
8918
1097
3714
9648
361
9415
6423
5010
3694
6199
3145
8602
4543
357
4288
7706
4864
3595
383
4953
6462
6150
2551
5978
5824
3241
4717
4349
9419
5692
2805
1282
3910
4128
3187
2312
5942
6487
8504
268
5639
2419
4221
6145
6105
2237
5431
6056
2556
7578
8285
5978
9096
6076
6685
2444
3368
3427
1888
1561
9764
2652
5457
9257
5939
8985
732
8102
9560
6105
7680
6026
7788
1989
906
2571
6476
4936
997
9105
3711
5799
5438
7534
2757
2878
720
3479
6778
8666
8516
6792
5653
3437
4346
8294
8494
199
4090
5020
1399
7656
1603
5732
7960
9083
3107
410
9674
1850
3701
5784
8601
3994
6450
2931
349
149
3085
1347
2604
7231
599
1009
1847
887
8558
7885
4515
9286
3583
8291
1386
5284
1942
7504
4691
5704
8687
1652
3051
8659
630
9168
1516
4198
2104
1748
729
4277
7824
7927
7186
1452
8479
4558
7446
2871
2802
8694
133
7416
9496
8245
7596
9833
21
9257
139
5339
6372
7881
8738
8136
3719
2228
7216
2012
5087
6487
3103
5467
6985
9121
9245
8543
2300
7096
109
9238
1830
4013
6098
6987
9823
1768
5222
3148
6230
2254
9534
7468
50
1876
5763
9994
6890
9485
9147
721
7972
9732
2490
9724
8426
1591
2416
8851
5749
6027
9752
2794
2499
1737
1639
6439
8831
1514
7395
2148
1930
7546
1319
4479
2871
2256
777
247
9248
476
8692
7038
5560
9095
5894
9922
1087
4793
8661
7455
2724
1743
3514
812
41
529
6567
4270
8737
5194
9075
2944
4561
1551
4280
9207
7172
9983
1050
7624
940
6484
9099
1972
6558
9136
3616
7256
9700
7874
294
7568
4446
327
9824
8069
8872
9193
1703
4365
5875
7374
4725
7401
972
7072
2809
8592
3766
8935
9979
5339
2758
7172
9929
2021
6496
1851
964
2435
5106
6613
3258
6411
1466
3423
4206
2946
5656
2681
9492
2280
347
470
6447
5900
9788
4682
4844
1707
9787
6489
1466
627
2410
1549
2614
4896
3332
6942
3778
8726
7628
9460
7100
4722
8947
4440
6217
1327
9553
2028
7530
117
3761
7281
8325
1559
9719
7013
6196
565
3221
5144
6640
3241
4531
3674
9446
7682
1231
4654
8708
4895
8887
4221
1497
5656
9032
5676
618
2270
1315
6142
9273
3854
3054
8539
2762
9468
1461
5512
4562
2913
6387
5634
2884
7882
708
801
8194
1669
7405
9269
7346
32
1625
3613
8213
5324
7971
607
4437
9991
5760
5410
4493
6352
5847
1066
8871
584
6811
8155
2254
8896
9815
2977
951
2509
7166
726
1778
7550
3673
617
7190
7695
1129
2989
9421
2238
7028
5525
7364
6685
1232
2029
3545
9043
3629
3752
7579
476
1131
6530
7827
9763
5964
6353
7568
5816
6481
7760
9653
8848
6617
2697
3939
5157
7628
8278
3415
9732
3520
195
9154
4449
5821
1749
4370
7772
4091
8350
8364
2200
6652
6671
9293
4699
2128
9285
1589
5623
8857
8774
5884
5703
2616
5897
2062
4905
3472
6663
3893
6948
6574
8038
6317
4408
4134
9455
3338
8941
6998
591
5554
6463
4592
5973
9935
305
8103
6629
9909
7249
5783
412
2206
5268
2140
1473
812
6257
6021
6147
6630
969
6953
1068
5674
3770
7751
2609
3496
3064
8765
8604
2618
5502
7638
3706
8676
4955
1632
7483
476
7413
6004
4960
8224
2938
636
397
4801
3330
1093
3680
8915
5616
3542
5985
5720
5899
9861
5757
1655
1439
8991
3861
3571
707
4427
5051
3936
9431
8021
9314
6898
6240
3149
4024
5775
750
5558
9910
6641
3910
4007
7459
7635
8368
1957
9651
6379
7738
8419
6770
7375
1238
9953
6784
4114
8546
8557
3176
6840
7099
8690
816
5263
4367
9816
6560
4103
9783
8922
3697
8640
7073
6363
8804
5317
3657
1403
6521
6393
8883
8506
9605
566
9843
1489
2749
4071
4414
7894
7928
4498
5559
981
8348
4661
6932
772
447
8448
8298
7620
8944
2461
1597
6097
6331
9162
5267
8510
2188
8111
6635
7197
32
1438
5776
4384
4577
577
8852
2247
2116
5536
6489
9447
7106
8330
5078
1966
1015
1421
6806
29
3364
5677
7133
6826
6936
9223
5618
4121
7129
8556
6111
5594
9094
9149
7695
7658
4071
371
4281
1697
3819
6584
7199
9229
4172
5692
8060
8163
7221
831
2720
4176
7334
7501
2649
8999
6864
921
5956
7648
3957
3526
7127
3243
5885
9384
1649
6545
4789
336
1186
7710
5334
564
4775
4770
7029
7603
2913
5702
3903
5154
6932
5648
1098
671
6884
5990
2122
8741
1209
2683
7819
1165
4323
3284
4428
7624
7628
8181
3395
2339
2982
8117
2750
1396
5720
6647
1306
3810
4114
6706
7924
6372
9699
7290
474
8759
791
7701
4667
9755
6218
4722
3063
2067
1019
6715
4425
8929
4436
3754
8086
7906
8380
9062
856
9251
4323
6589
4146
226
5836
1310
2298
361
3045
7427
6762
4115
2359
8746
3854
9159
6765
2349
3852
7326
1305
7967
621
4970
993
3412
7845
482
7354
6740
1145
4799
8412
6984
174
3015
7150
7241
9291
6481
3118
7721
531
4373
7112
7974
850
2587
2348
6883
7436
8638
2320
491
3192
6712
6196
3628
8940
7892
5978
5279
4421
4136
2774
2303
9950
8413
6334
3166
7635
7264
7495
3596
2493
9346
3521
3983
6053
7412
2185
3743
9039
3265
159
4373
6154
8742
2996
7961
3986
3051
8178
1181
7932
1843
8650
6094
9172
7843
2138
1461
7206
3560
9666
3444
1218
9562
4598
4030
2171
3009
7365
9322
1217
4555
7047
4239
9142
8849
1778
2708
9952
1143
2501
6598
4815
5678
4325
1766
3348
2096
9411
8088
7798
8934
4631
7221
3291
9636
669
1222
211
7922
7389
2463
1152
2433
5379
3549
9760
4601
7849
1538
681
94
827
3210
8046
3563
2097
1627
5851
29
9226
1886
3199
640
5401
8869
9897
5630
1092
2629
9858
4452
4829
6464
827
8068
5407
2908
4033
5448
8426
5980
481
7642
4639
8424
1803
5999
6290
9190
1090
4019
337
5749
1238
5235
8241
6002
4159
6623
5178
7706
8044
7826
7777
6539
3421
7677
4680
8442
4536
6014
3682
8538
3819
916
2783
7639
5894
1085
4826
1767
9685
7318
9573
8906
4661
609
5180
69
4527
4862
2343
8234
2607
9245
6067
3389
5617
9169
6345
6356
1332
9163
6904
487
5646
9010
8110
2033
9087
4584
6738
8269
7650
690
8523
1401
1882
2960
2530
4365
6053
4743
3632
7607
500
9630
2539
8966
118
1655
80
5019
1693
5197
3109
830
8300
1839
1220
2548
1091
7547
7442
1663
2398
3655
2865
5458
5728
367
2360
7509
6502
8592
2587
2573
5403
5684
9525
6099
4609
5125
4885
2315
485
5651
1238
4802
7223
3108
4108
4886
389
4784
7529
8726
7165
7027
490
7936
705
3420
9099
9730
1127
5622
2605
7385
3194
7069
638
4079
4824
6351
1960
4171
5111
1133
973
2473
9530
9475
4299
7769
69
3379
8461
510
9849
9905
9498
4643
4829
440
8459
1233
8623
359
1400
234
6919
6666
322
244
3363
5205
4333
8354
9674
9428
1555
872
5951
2865
1825
7735
1737
7389
5826
2292
4970
3497
8728
4077
4565
6643
7266
2248
9066
7606
3907
0
2345
8092
437
4385
8769
1140
1778
3099
2328
172
5343
5265
889
5295
7691
731
4364
3645
7256
3474
363
9730
4648
510
2235
2743
8260
8560
1053
5910
7674
7040
1937
9280
8263
9773
4445
3276
839
9072
6075
587
3167
4762
5572
8172
3660
6932
1579
440
6487
3080
7003
4866
3409
960
6812
585
2785
4172
2615
8683
9494
3516
1292
6207
6041
305
4826
346
7454
4903
382
9692
7574
7134
4001
5770
5877
2259
7478
6468
9042
6113
7412
7196
5093
759
9539
2527
7060
7172
6529
7849
3116
6485
1113
536
9322
4683
4363
741
3992
6008
4280
2869
3977
9354
1617
7787
7944
3699
8759
1197
2714
3239
5990
3322
7866
3159
2456
8375
2259
8503
6657
5870
1790
1351
9418
6673
6432
2155
8634
1727
4149
9158
5957
9468
9433
2523
3633
1632
206
7314
6308
3450
6323
8205
4638
5576
9338
6394
2019
8161
9951
7851
3705
4217
9834
5414
3403
2542
4308
5795
8789
925
494
8553
7685
8915
767
2835
9473
4204
5897
8359
7142
458
5291
6700
8597
7207
384
7370
7380
692
1761
46
5987
3633
6851
7226
1903
8450
9660
4713
3399
5188
2209
4653
5496
1693
591
6792
2938
1319
6542
6452
9457
766
6784
9873
8359
2786
1064
4253
7493
7060
4456
2237
6612
689
4366
2406
2749
9705
4978
1314
9051
41
1451
222
7805
9589
5285
7523
7619
5041
1748
4541
7166
2392
5074
5729
282
1733
8268
6637
5760
3017
5325
7734
8643
9458
7222
6675
3796
967
3869
2590
9821
5244
3845
3662
9670
479
451
2184
5025
3986
9419
7734
3736
618
9993
6908
9737
6957
7758
457
4967
490
4685
9895
9089
8148
5747
658
898
4011
1772
9062
4214
9028
4774
1800
8264
283
5877
8069
9731
7487
2282
6222
1248
7949
4636
3823
9137
9023
8982
9446
8757
4533
4461
7435
1870
6905
8288
2810
9453
6463
11
3612
8596
9780
9464
498
6482
7789
9446
2523
8754
6410
6523
7248
4507
8331
9479
5246
4432
4101
9324
2795
9704
4802
7055
6249
8132
2166
2780
2460
8186
6756
2201
7216
4201
845
6373
1063
935
7314
9314
9195
76
618
4272
3256
1247
7900
8282
8747
1392
9794
2136
9628
9709
4885
3183
1400
9870
3551
7755
398
9343
3678
1533
4208
9029
7668
2543
3006
4365
9272
8918
3184
4821
633
361
7117
12
8049
3630
9196
1868
9752
539
4274
8540
9433
7262
8053
9266
987
2165
4138
8554
3011
5881
211
4657
8823
2812
1487
2867
2131
6717
2257
3022
9703
211
2062
2178
2771
5074
4387
2870
2547
2930
3257
2156
1381
8250
2842
2837
7339
5612
964
4924
8534
3883
4597
304
5107
9391
7781
6118
8409
8949
5293
2260
7715
7423
3183
7092
6864
6341
433
1181
4265
9371
839
387
4179
4047
3439
7997
2658
1059
2017
572
8625
7050
3137
520
6125
3029
3176
6662
5609
2881
2626
7919
7696
4119
5120
7080
5804
8228
9489
4722
6803
77
9245
846
250
475
5065
965
7831
443
8091
7586
4607
6460
7210
3798
5834
1575
8389
2503
4256
1681
2538
6374
1511
4612
5406
7022
3458
3328
8416
187
33
6220
9102
2330
5070
4946
9637
4922
7647
9937
7119
8721
4078
6892
2425
1027
8246
6725
1605
8543
9873
4880
1381
4137
527
3029
6130
5874
883
5050
1954
2934
7369
1954
1065
409
2300
6381
9994
3896
8729
8025
1640
5317
4394
1797
7845
843
5874
2953
2874
9127
9688
8992
4750
2567
6064
4906
8236
7306
106
7171
6954
5351
241
4985
2533
6960
5710
9169
8562
2862
4832
2193
2112
1928
8005
2901
8539
2159
9962
8291
2314
8901
8639
1142
2422
2592
5550
4279
1427
6425
4099
8129
3548
5926
2313
5303
3485
7174
2849
6738
753
4834
5256
6588
228
8434
2034
1028
4985
6541
4811
8917
2190
6941
4524
8880
3888
5771
890
2259
5696
1482
8520
1501
6143
9564
399
7879
865
8746
9970
6480
6017
7728
3712
1170
4291
3172
2007
5122
8158
4763
9271
8202
43
2590
2374
8203
227
8070
9980
2766
1799
3729
9789
9179
7007
9702
7379
3153
3647
284
5126
8736
1359
6911
9203
8426
8023
2654
8092
6216
1552
9720
4247
4494
2489
2189
7276
1063
4599
4418
392
1129
2173
8292
8295
747
9194
1937
1832
4051
317
7001
5979
3440
4879
9146
847
7236
6813
1280
1134
3195
104
741
2876
85
5529
5994
6818
7429
4263
3975
2366
4495
572
9827
6285
2947
1226
1579
3808
4905
1611
2905
3017
9390
8620
7911
4001
1952
1027
1109
7577
1912
4545
4400
3079
5562
9487
8068
8332
4300
1082
3991
2905
2492
6586
1179
3482
5493
9169
6754
9169
2907
6852
7931
8353
3790
6898
4729
5786
6342
4108
7089
9066
1203
5071
4367
7747
6029
2990
3595
861
2024
361
1519
4044
9692
6815
4042
5392
1916
2466
8105
1599
865
9732
5128
6645
7245
3269
976
5609
118
443
2081
2255
3547
7818
6220
8639
9763
3292
9686
2930
2372
7139
6920
8453
4776
3796
6827
3481
4875
6586
8003
1180
9344
9322
5082
4283
8315
7503
3847
5387
6262
9947
2047
5722
2900
2896
8176
1820
2470
5774
2851
1667
3987
9659
6880
7622
8767
4030
4790
6405
6259
2194
6753
48
3084
1587
7527
2773
9093
9730
2086
1529
7957
4755
8944
5924
9181
4875
9139
1300
5907
9991
6496
4468
7602
8885
4339
4886
3437
8318
3493
9210
9050
9054
4724
3328
9845
9664
2382
1532
1161
8194
8254
3294
2611
3037
5329
3319
6996
5524
773
9059
9040
6557
9181
9536
9517
1793
3624
5639
7656
3439
1166
2051
5042
3512
817
1564
6774
8731
7932
1704
1318
2866
7229
9050
2252
476
665
3412
868
7478
487
3029
2141
7181
8918
7490
6307
2676
3131
3731
756
1339
5287
3386
6070
5489
1197
5314
3360
8087
8001
3859
8260
6426
4140
4221
6903
542
3782
9814
8388
5051
3711
4781
9921
1748
4100
6092
9570
8550
909
9650
2217
2219
6532
2751
4030
4642
650
6575
8563
9483
2822
2966
6316
9964
1166
3750
3165
8616
1873
6912
6390
8424
2414
1434
9789
4609
9036
6264
3533
6736
7894
120
2263
1770
6943
7580
8305
173
78
7672
7361
5543
2408
4686
6234
2135
2476
5095
8721
8285
2745
7635
9881
780
8243
1623
8753
1876
2463
5037
1525
5101
5334
3380
2298
4666
9133
9190
5228
5064
8010
1310
6290
9758
7098
1513
9683
807
2382
6083
5993
4869
4911
9382
3894
554
2119
5039
9604
2189
7183
3944
3283
3346
1065
9459
3226
4499
576
432
2074
6554
8439
6244
9255
7398
223
3067
2481
3703
2648
32
1700
2322
6918
9708
4337
633
7181
9486
2752
1001
4689
1491
459
5061
6766
1555
3161
1075
31
5997
5725
61
2373
6154
2293
4542
5048
3390
6642
5080
2943
255
4911
4924
9647
2231
6242
3765
3643
9219
7257
6622
5803
858
4791
3476
5600
482
5830
1653
5638
4405
2295
5554
1203
8692
1313
2907
584
2462
5777
6708
8756
6372
5029
6954
7336
7708
8522
6783
9592
8420
8644
8456
2339
4063
7434
9523
9965
4739
7524
9944
3765
5825
2888
6759
7267
1713
5113
1524
4793
7032
2368
2277
3228
7155
1042
7461
4355
107
4463
922
1414
5220
3401
955
6396
6481
1201
8643
6532
5821
2418
272
1563
5076
6351
6260
7287
2178
9832
2710
9825
1292
3299
5194
302
1291
3189
6055
2265
5872
9340
1512
8609
203
8075
3909
3989
9952
4972
3811
797
3931
805
3601
8249
3563
5123
8229
1355
3344
5158
8348
8840
7949
7801
845
5915
553
2290
4686
1808
825
8582
7396
3825
7785
174
1636
5978
8987
2431
9447
6318
6824
6111
7508
876
8052
2158
9919
9025
6088
5865
7609
1174
6882
9730
8716
2260
8779
6197
6876
1148
9414
9847
2633
543
8918
1855
6857
5996
5693
5741
7877
4359
1501
6020
8960
3909
2367
3029
8440
6164
6128
618
9241
552
7771
7724
832
1043
5126
8637
204
7327
5215
6013
2841
6062
8470
670
246
7275
8002
9513
9754
3940
930
5515
7839
9259
6422
6394
6028
655
4072
2951
4859
4349
1311
9235
2366
5019
7321
2337
690
2917
6505
2448
4412
1198
3406
5721
4428
7192
8992
5313
3022
7182
425
5333
6625
2072
585
1540
4352
7062
1792
5290
4852
7399
6719
2902
4373
8428
1847
4359
4900
3323
8752
5508
3214
3659
6842
4253
8629
8626
3518
8508
9287
5861
3834
1354
7012
44
5025
3557
7849
9575
7865
7608
2424
2345
4011
566
1872
5329
5543
4911
2118
3473
1419
8120
5901
3219
8006
4245
5419
5236
1336
6905
5334
394
9513
9793
4965
2812
6825
1223
3617
1601
4009
3817
8847
2710
4083
4091
4700
3976
4847
3954
5137
796
1336
5229
1352
5704
5636
6965
6855
1928
1325
1454
5992
5082
6532
1591
597
3793
272
5470
1143
722
9151
8008
7013
8162
1714
9167
2333
1959
272
685
9443
9419
929
1349
7640
2677
5580
9956
9270
5295
4071
2949
5070
7110
7109
9935
9900
4043
1226
3548
5606
7074
4245
3565
6188
1670
3915
8440
13
5776
2121
1912
5703
5464
8540
8623
5485
8744
6561
7955
8505
9709
615
1593
5188
6955
95
4721
6423
1835
2846
6960
1972
3004
5774
4301
9233
8541
6861
2790
3496
4498
8050
9398
7070
5980
2778
9328
6346
7697
5217
8209
6008
1957
8599
173
4521
4290
4440
7977
3769
7034
1390
7662
6160
6222
7251
4658
9365
1328
8190
9406
3309
1897
4563
7614
9601
1514
8035
8628
5964
5735
445
1924
9410
5143
6183
5090
5593
8483
661
7596
8496
2239
3897
9666
2617
102
8416
3412
9182
505
1739
9352
5804
5714
8593
7144
5774
9515
2019
2848
1103
4887
1447
2909
8668
7117
2897
2206
2488
7243
1851
7498
85
4027
6425
5076
958
628
2111
1635
6172
9279
4963
6878
5601
7412
7217
5082
8129
8207
9564
8589
145
9254
3767
6307
809
8947
1879
3287
556
6383
9329
2561
6377
6371
4285
8410
651
9638
6630
9124
4496
1653
665
7157
8967
5755
449
2649
9873
9258
3023
7424
3863
7710
3189
8242
1569
6919
943
2365
8649
5119
9300
2171
7531
4956
3238
49
3294
5485
7770
173
2
1142
7483
4448
5531
165
9595
7243
3636
5505
630
8618
757
9962
6885
7658
9050
2066
2395
938
8849
9913
1131
9163
1512
9792
685
9817
4923
9351
5172
1813
5343
7164
9072
2941
5820
5288
9013
2672
1782
8493
2322
8662
7024
6837
2556
4276
5427
1710
9272
3609
5036
2456
8312
9808
7391
9033
7901
4516
2559
9789
4482
6685
7297
5145
2864
3894
5599
8555
3307
3860
8333
2439
2694
8387
6944
5920
5667
3927
8462
1457
2894
865
1914
399
3822
2500
4618
8280
322
4897
4375
4037
1344
3131
5397
6613
9075
9242
9920
5065
955
6616
2919
7021
8251
2283
7040
7953
3992
5417
2321
4448
3591
2028
7851
433
226
6372
9606
563
7451
7834
4804
6647
1614
5872
5087
1974
171
3461
8594
2751
9078
27
4031
5430
4458
7569
214
4965
7385
7164
875
7973
6354
4496
7994
3664
2254
4293
8135
2102
3030
9065
4078
5296
1191
8164
1052
6671
9969
1341
775
7927
1769
9582
5469
7293
7666
9721
9684
5849
1824
6546
1049
4536
6355
8369
6931
4937
3745
1289
1565
3236
1336
8349
7368
4396
4394
1774
7744
9562
9879
487
9934
1847
4393
7225
7757
5595
3254
5124
7540
8142
312
7994
8020
4154
2907
2412
1152
3902
7828
2936
184
4250
4241
4818
3124
7824
7881
8650
5028
4428
9765
5686
7107
6838
6958
4046
8551
7171
4372
3971
8991
9901
7865
3453
6290
5618
5997
1868
6983
814
147
7787
4172
8294
1657
8394
8034
5274
9202
9142
2601
2696
3084
9462
5675
9868
7565
3936
9789
5686
7867
9280
5345
4580
4863
7741
9964
4506
273
841
472
735
4358
90
9659
8452
6477
6610
9537
7811
2981
8167
5692
5980
8616
8063
1120
3568
7015
259
320
3968
1639
2510
7633
9977
9942
9532
6456
106
9335
3502
3482
2033
3129
9158
1781
8615
8918
8284
8980
5787
7094
4485
6959
73
5251
3870
933
3506
6624
3877
5181
4094
4089
2558
825
1905
756
551
2553
8254
5519
6136
3995
8240
6845
4513
7974
4139
4906
8652
7245
8000
661
8145
86
9246
2252
6144
125
5246
7006
1877
5272
8301
4775
7659
779
906
1622
6158
2352
9899
4048
2379
2991
3214
3777
1247
9634
7691
236
2085
3610
902
4791
9287
5893
9773
1758
7357
6552
6484
1024
4001
4745
7455
4777
6239
6661
5743
1863
9656
3296
5645
9729
1079
7976
5231
4633
9100
5098
2941
5410
2976
9472
8716
2978
2699
7628
4904
2873
79
120
1944
5556
9372
8570
9426
8758
255
7448
6732
2194
1356
6982
7944
6407
7622
6230
4668
4069
5845
7401
807
5462
5318
8629
8701
6514
2314
57
7368
6402
2942
884
7570
2205
4119
7187
9609
1802
581
494
1630
3327
4024
2802
8110
872
7306
6064
1073
5567
8337
5616
7486
1644
692
8009
6445
5042
72
2494
3146
5463
4606
3115
7374
46
2157
4734
6680
351
5965
2011
4999
1944
970
5086
7540
487
4982
7007
7034
869
1278
8928
6869
4250
9910
658
1495
3940
8020
310
7106
9602
9668
3868
3479
2909
3269
8039
5911
1562
7241
1804
4790
4493
7283
5557
4830
8948
4289
3347
9676
8848
1653
5217
547
4757
8229
8817
4415
7815
46
237
9405
3130
6967
9533
8837
8530
719
3501
4302
9480
1977
6057
1035
1004
3017
3431
2455
6311
4172
5801
9774
9992
1226
6426
9458
5534
5369
2986
7611
4592
6651
3179
8150
645
3537
5638
2658
5707
6362
3409
4401
1819
8803
5266
1466
5184
2294
1139
8603
9127
3839
1395
1761
5315
7323
2574
4655
5805
2291
2584
4109
2067
5136
4087
5838
4296
5962
5711
5790
630
5198
2337
1870
7785
3804
3070
3306
3931
2069
1115
3979
5495
5019
1285
3712
8168
7403
274
1171
7692
4061
5849
8530
905
24
4813
2557
6901
3387
9671
2738
7271
6419
620
1993
7650
2741
6687
8397
3486
5700
9491
5968
2040
7777
2793
469
7740
1205
437
7396
825
2897
5608
2078
7214
609
6587
6713
6529
3594
64
9385
5906
2525
7961
1280
2991
1530
3463
1675
2057
6641
9207
6212
6459
6424
6467
5059
3399
7585
2909
4364
280
9215
3646
9051
3795
9859
503
9783
7778
6087
8348
6962
9670
3020
9075
2828
7241
6518
2614
4854
1359
7683
7610
6503
393
7991
2599
2960
5774
8
7334
7402
4583
34
1969
2655
2671
5551
3957
7185
394
4243
400
2518
5971
2469
3072
5347
8881
6784
6664
5310
1535
5767
7273
2646
1028
6276
4588
9753
7560
6878
2119
9596
9301
8041
5417
9321
991
1453
6112
8547
8502
796
4045
4875
6088
1818
6226
6774
6235
5655
5290
5878
3022
4298
7469
3593
7434
1543
423
9185
673
5485
7978
168
9023
1629
9992
8457
1433
2026
8306
7783
8478
5693
9836
5300
2816
1700
3489
1922
7173
2332
362
1541
8382
6000
3305
5393
1532
7720
6589
6578
9553
7583
3676
5371
8216
6661
6629
9915
1607
2692
4848
7320
1354
1892
492
4367
2651
1912
8335
6615
5904
4882
2068
3819
5336
3955
7998
2412
5576
2191
8882
6467
699
577
8138
7182
2220
2226
3739
8018
8002
6217
4467
9754
6449
7264
2878
8927
5729
680
1186
5668
6345
2249
6525
8525
6421
4423
8688
9002
9977
9457
4267
3883
7023
2926
7110
1619
8628
6163
7360
5826
419
8614
4359
4667
4812
2555
4069
8839
8296
9078
8049
5703
8287
9925
4023
3582
6304
4153
4607
1299
8105
4748
503
7138
7848
6175
6932
9236
9442
8534
4267
409
5494
4734
8280
3506
2524
2036
1761
8404
7397
5481
7425
5221
1564
9070
3867
1078
6784
9047
946
2041
8184
6330
5693
7498
8899
1550
3882
674
8404
632
5012
7903
3406
6755
2739
8440
5265
7602
8285
4015
1032
7685
879
8472
9937
8210
8884
4998
4457
4753
6135
6755
9232
744
9445
9499
4899
9881
3146
8345
1652
6548
313
9618
2188
4927
1072
549
2194
3537
9473
5844
6902
2610
2759
3231
1145
9859
7302
6793
6566
3112
1438
965
1013
5756
1183
2322
1671
9094
9841
6886
6695
3325
7309
2238
8303
8501
5425
8655
2769
3514
7343
9324
6048
6280
8033
5684
3322
3179
9100
8516
6367
9615
3334
2660
5590
4204
272
5725
7963
4578
6221
1469
8863
3531
667
1932
2161
8685
9146
5917
4930
5665
5701
9503
4909
7347
42
7308
7877
57
9731
8819
4839
8180
8679
6109
4784
9798
6524
7918
3808
3892
3596
3786
9845
9914
2975
1698
6907
8554
1858
3992
7692
4809
6247
6144
7107
8864
1771
9660
6098
7752
185
2985
7004
8283
5289
7863
5371
5951
1480
4343
7082
1453
5920
7014
3133
5840
9147
1036
6784
7368
3290
3188
8619
4627
5479
1217
1776
1522
2791
7014
4465
3463
8065
3912
7289
1381
3538
3863
4226
436
317
2613
91
2803
8825
9559
0
5015
7969
7749
5894
3199
2794
9207
5136
3288
2072
3337
5168
3483
5814
4073
8850
7548
4354
6305
1955
2060
9871
1369
2258
5120
2730
3748
3765
1110
73
6570
5668
9141
2151
6676
8502
5618
7900
2318
7290
3228
2329
6975
1320
3988
5469
6779
6254
7217
1280
3957
5657
1479
2123
8175
9239
9244
7463
6045
4829
1003
7159
127
1831
1217
2178
7346
8863
2922
7062
3875
3896
3916
8940
2550
811
3583
9002
8017
8810
5648
7621
1074
6987
5509
3327
5472
6557
1358
2587
7607
4434
9562
37
7134
260
6682
1839
4362
6879
1157
9583
6988
2850
5770
8084
7689
2321
7837
2055
1472
4459
4099
1839
706
5650
9836
360
2804
9810
833
3812
6166
7732
198
8493
5220
4270
8767
2534
5259
5989
271
1528
5821
4128
7854
5330
5151
9267
123
1132
7712
1101
3230
7825
5545
3387
1029
5384
5045
2437
3656
6729
4014
8133
2848
9817
5925
6887
9335
6323
2034
7115
7004
446
1974
1616
6605
7518
6667
551
2167
293
4388
3454
2376
2803
959
7014
216
4445
664
5669
5738
8439
4945
9535
8565
7801
7818
8837
7384
5134
249
7848
7338
9173
5577
1579
7442
3034
2011
1413
7295
7603
8030
5232
1591
1506
7102
1312
7168
2612
4850
2568
7544
2329
1608
1390
6756
4876
1838
6869
5042
6396
3008
9686
9810
1083
8856
239
3658
5919
1393
2753
3362
5150
5962
2002
5191
5813
9221
4698
8360
3807
4459
4127
8829
2927
7580
619
3478
3844
189
8958
3273
4368
1386
7850
9412
105
8810
7688
269
1320
3782
5194
5017
4172
3740
1481
8750
6368
7904
5745
4157
4047
884
3388
9058
3622
8594
1266
2200
8091
5047
9336
5121
3400
5777
3139
7820
3624
779
4187
4705
528
2031
6698
138
3347
6220
3255
8080
6557
2580
3818
1369
7454
7070
1121
1073
2876
9341
9818
4230
7404
1588
6562
866
4325
2641
9738
7035
2798
9545
450
7105
8075
9902
8352
9613
5818
4523
3305
1557
1047
2067
978
6780
7090
4995
2109
8324
6353
4115
8373
7304
7398
2146
999
4877
6186
1642
6682
5385
8323
4740
5849
8559
196
3714
9705
4306
9413
4863
3798
7310
8873
7952
4221
6293
4081
1560
2401
928
7346
4132
4752
8768
2757
9707
7435
2086
5602
8467
105
7035
2152
9841
9169
5174
9368
8980
2567
7119
7500
883
9722
7173
885
8685
9009
5370
1649
2944
1850
2728
4308
2662
5247
8399
1077
4055
7838
1975
3756
1957
2308
6256
8383
7593
5673
9464
5089
765
7602
3826
6629
3853
4771
2814
9260
670
9046
9529
7400
292
2091
8014
1731
7960
3305
2061
3930
7646
7734
8711
3247
3566
2446
8665
2274
1830
5676
41
8496
1017
2877
4881
8614
9493
9113
2207
8379
389
3712
9107
68
7007
2580
1834
2448
6322
4239
6898
8431
5263
3681
7493
7226
1415
9347
6568
9952
5137
402
1326
2705
925
385
3855
6057
9209
3195
8715
5797
9744
9233
1798
7281
2159
7003
332
774
1580
8495
4735
6844
3048
4797
4083
5473
8090
9528
7365
4620
8763
2780
7735
6771
9999
9209
7313
6064
7749
5827
5556
4146
5998
241
5375
1652
9332
7403
5914
6223
3867
7730
6795
7478
4690
2858
3519
3969
8866
5673
424
2086
4305
6910
607
2157
1249
1711
2955
3314
3677
4521
5419
9463
9602
9813
4006
420
2332
1372
5220
8603
8600
5162
1952
6096
2380
6502
4066
9938
8288
5189
7621
13
5489
2407
9031
7275
5192
2415
474
5172
6798
8799
87
7805
7116
4096
5054
8515
3825
5037
2077
9275
47
8659
2530
5401
2185
9805
9188
8808
7558
8647
2574
7391
5577
1809
505
49
9073
4012
153
2687
7644
9670
8060
6961
2580
2920
7649
7546
7554
3554
7310
1876
5220
6659
7655
8622
2573
9294
9040
1336
7003
8593
7740
6384
6383
4073
5053
8531
1595
4535
7404
8896
17
3583
491
6991
9509
629
501
364
7625
1101
5681
8942
2893
5866
5007
4167
3013
4092
8187
3875
7101
4697
591
982
293
6357
8651
4824
5329
7314
122
5430
9799
8442
2956
6710
9759
6421
9925
8171
5904
7263
5545
5295
1463
2309
8867
8766
4712
3403
5281
2549
3816
129
3570
1534
2576
6891
5562
9184
5714
3558
1016
5075
5261
1305
27
8676
703
6317
6647
5331
4459
779
9397
6966
2240
959
2222
8797
3953
2693
9372
8635
1353
7994
6848
6005
3064
9167
3308
3706
6928
3794
561
4075
4355
8992
2474
6578
4786
4912
5661
7963
6051
6664
1387
787
9130
5186
4056
3205
7969
9857
6161
9598
7647
6298
402
7953
1811
5581
3534
9046
474
9497
9030
6651
7160
9127
5612
6470
7622
9472
3018
4152
7727
6869
362
9493
5423
1417
2904
8518
9758
7884
4176
6521
829
7296
6745
909
933
4405
426
8227
1029
4641
5256
8976
7738
8795
9112
5195
5574
6171
2916
5364
7291
4300
7849
4819
7979
6978
8057
6400
3985
2332
5492
1420
8933
4260
5506
7401
2744
8869
7909
1374
2558
9821
9176
7102
1172
159
4004
547
3441
428
2626
9159
4956
4426
8374
1279
7236
7381
2198
3496
913
7370
2002
766
6911
7289
9360
6851
6753
269
3991
2541
2042
7506
9635
4554
350
3542
6424
6300
6150
5072
8794
8837
2733
6922
4298
9317
9031
9575
7375
1617
7627
3663
7146
8194
1514
2900
2351
9765
7484
6785
1739
7288
3408
8677
1576
6691
5133
3693
235
3550
8177
2939
422
4738
1798
3996
1253
8979
7241
4462
641
8312
2268
6647
7780
9297
6703
6738
583
1868
2090
5982
6552
4688
50
8325
2219
1823
6983
4376
1318
2504
674
391
7796
6681
879
5266
6419
6159
6525
9529
8940
8180
1360
3691
5992
7238
5070
69
921
7498
6212
5946
107
194
5762
3898
9659
2101
1464
893
9147
9700
7704
1322
6820
1922
2391
8105
2030
2527
4784
1160
5303
5185
9630
7506
6394
6815
4297
3660
7368
1245
859
7813
7628
7865
603
7105
5518
1471
5496
3201
3696
3843
3712
7788
5323
2050
8878
1059
4328
892
9169
4921
3614
3949
9173
712
5729
4342
3830
1031
7106
5802
643
8842
3418
7064
4948
2511
5714
3744
6023
575
1355
5295
6692
29
6680
7184
5170
9654
6823
7350
2552
6106
2737
1219
6542
4265
3135
7547
1594
8371
7048
9602
5965
8823
3051
3691
8716
2212
8196
2213
1691
6512
8629
1642
2223
8335
2026
6836
2397
2879
5081
410
5714
1023
162
3586
1102
5087
6651
5173
7183
2115
1304
2502
4911
4060
8827
7682
5900
1466
4743
9155
1720
6191
8849
8075
565
7722
9072
7432
6396
5454
3132
6624
5201
643
3909
5380
1128
8354
8708
9149
5465
8677
4824
7492
8884
6618
1911
7389
8924
4620
6866
9218
3235
2103
3141
319
8163
6776
7101
6839
4183
6553
8252
4921
7659
4264
627
1736
7228
7910
1972
6263
2426
3581
1582
6972
3296
6407
8848
7016
5552
1964
2660
2443
2800
4955
484
4130
578
413
4798
6200
5636
523
1657
9783
8512
5555
7722
5774
7729
3642
7008
6956
5469
3089
8397
7416
9071
1531
2815
1090
4373
8878
8421
7756
2900
4879
7322
1906
2165
6738
7779
7948
8778
4936
7861
2253
6009
3404
7399
5204
633
616
8076
9969
4514
8168
3526
4442
2085
8720
3189
4580
5701
321
4613
9760
6765
9240
1636
6452
4540
259
3249
6726
4458
8724
6680
1379
8314
300
7246
6994
5439
5751
7504
5099
1067
326
6454
2842
1408
5066
1807
6716
5668
2862
6168
3996
3549
4521
9341
5492
1288
6354
44
2773
3388
1661
1266
1023
3825
5257
6904
5112
2945
8599
9114
4936
3556
3545
8247
7754
5978
2649
5383
971
4758
8747
6647
3202
5253
9254
1656
8151
1471
4565
1750
8337
6302
7303
150
2762
1106
811
1095
2561
3387
9932
6275
5861
922
4238
4691
8666
7131
5121
4744
6376
5580
8583
7973
6256
6963
5200
5265
4354
2818
7438
86
5298
1434
2988
7274
4751
7774
5848
4974
6952
7383
998
44
4019
4306
1665
8275
5125
959
4619
8765
9266
4730
3771
8340
6376
1623
7193
9995
8523
755
5696
3947
9293
2942
925
9403
1035
4007
3542
6255
5773
4911
2979
2766
7618
9855
2655
8490
99
6462
2280
8086
4147
7958
1372
2558
4390
1359
4002
8098
5519
8527
6826
6723
5756
8760
1672
8443
5120
8745
3359
5516
462
8054
9244
8222
891
1186
9904
2975
652
1677
6481
1014
4190
1299
6171
5307
1402
7033
231
1135
8064
8755
8914
7610
1100
1427
2130
6529
6174
7205
3753
5416
4531
8483
8949
4191
1256
9370
9436
3367
5695
2230
5325
1810
2351
9503
5425
198
9153
430
5472
9610
9120
7328
1836
8675
5383
4079
9314
7524
4199
577
9809
2085
8390
4785
3594
7496
5914
3021
7907
8819
2206
1679
2890
449
6863
2403
1213
4848
8602
1818
9458
9005
2715
5348
6993
2640
6774
4818
5753
9084
3031
4823
934
177
7955
4424
7790
4956
6726
8217
2583
276
4279
9008
8920
4549
4142
6723
1029
8399
6471
7420
9150
5569
2494
7083
3216
2742
4316
8898
2686
190
5309
207
9922
5659
5552
7380
798
1304
8810
8660
4864
3514
1054
8763
5219
7480
6184
9830
4213
406
9748
8444
3932
9812
2080
2860
9244
8799
4271
8616
7721
3784
3334
4448
5021
9466
9683
5357
2297
2745
1870
5304
3803
3617
8942
1887
5802
5539
1471
4624
8662
7093
7844
9621
9768
9128
2855
7188
4889
2495
9571
3757
1008
8876
1993
2285
7048
4159
236
617
4480
3074
7600
7038
721
6479
7271
2157
9682
8853
3302
751
3269
7259
4753
7505
9848
5534
6154
7731
3618
6195
2528
876
1374
9371
4714
6422
8564
105
8106
3054
6137
6605
4978
3813
1960
8981
8966
5580
8473
4105
1509
2179
998
7392
5576
4622
6314
3946
4688
5846
6053
1294
5813
8883
7677
7155
474
2868
7934
9973
9273
3425
9368
9235
6149
1771
6509
433
921
3201
6412
3300
7227
3198
232
6453
3113
2375
1559
4546
190
5955
5263
6977
4036
1792
6258
2203
652
1574
2017
2880
6609
5764
8403
147
2649
2080
118
4228
4417
9351
3671
2540
3444
9700
7234
6696
313
1855
1956
4434
6199
9274
9151
1254
9801
9356
3236
3584
3908
7592
385
6401
1446
1763
4546
1020
1729
7101
9119
2805
9025
7404
6695
3391
872
413
5448
1593
8096
2309
1816
6612
3839
3113
2085
1989
2595
9595
9194
2439
9350
9464
9668
9060
5150
6446
9897
7032
2138
3331
6910
6194
8945
9554
3810
1178
594
9623
3143
5413
2065
9445
9981
8032
6203
7365
6156
5539
9553
9043
2688
1769
5073
7493
1524
7793
6155
18
4078
8460
2711
9315
4337
1336
2758
1023
6685
5454
5256
4330
2382
6553
6315
9456
9110
7323
1753
3137
5322
6213
259
1156
3437
542
2217
8028
4832
9717
5100
4633
3275
7396
8673
6664
2936
4525
8368
6380
2140
5610
4575
379
9429
3499
8939
2804
6274
7580
597
3642
4858
2704
1898
5460
6708
3055
7786
1338
3783
4747
9878
9635
5479
7140
8187
1264
1238
749
1193
5618
3803
4478
4220
8359
1429
5641
1519
2179
7230
9590
3303
9975
4173
511
5898
9175
6248
4556
7049
6336
3850
8834
8716
3975
7780
1714
7912
9657
6210
5910
5782
9057
3471
1783
5478
6727
7132
9687
2057
8515
3305
7443
5829
7952
1729
1054
4498
9770
6366
1323
1091
9207
9748
3096
9676
2735
6494
6148
5728
190
6852
3984
1384
7014
3224
1544
1490
9181
1718
1863
6059
1382
2072
674
3218
9187
2878
3144
4012
4181
1186
4813
3812
70
8335
6413
6159
2700
2817
5914
8087
4145
5965
1436
5999
8476
5084
2966
2253
9564
2568
3355
5946
8267
7368
8544
3352
1448
1593
996
4792
8800
4085
2942
8477
7790
9982
178
5039
5165
7308
1322
7732
8001
46
3655
7976
4988
7680
9169
4729
3512
1227
3236
1413
1228
4789
4218
8752
7226
1315
3139
5895
519
1136
9831
5923
4333
9027
9126
324
5510
8448
6724
8124
5818
9884
3806
7435
3953
8831
4300
2727
1762
942
2486
5805
9210
3723
1637
9495
2201
349
2375
5005
2190
9520
3096
6267
5937
6231
4974
6795
9441
2447
9127
9621
4019
2948
8043
3575
1152
8406
1141
4531
4789
7166
4290
445
3425
5383
7592
1901
9652
4938
6557
2552
6010
5378
8377
4477
9719
8010
4605
6434
3707
4520
3830
8555
6811
3718
5869
942
3536
8469
8643
3214
7618
5965
2550
4886
3667
1789
96
2870
9295
5878
2670
480
4732
4302
974
9683
405
9456
3682
6257
7202
9259
8148
469
1063
7484
6215
9986
9645
370
9121
5660
7419
5818
6004
472
4777
9924
4974
5067
9671
9354
980
7723
3622
9229
7477
4254
3091
4302
480
6749
7414
4383
2498
1390
2801
8315
4595
6676
5025
8027
146
758
2639
6423
434
2376
6462
8075
5147
3161
2047
9883
3293
8993
2190
5250
3478
8774
6143
9949
2559
6675
1854
6
3901
945
3967
4635
3154
2201
8943
1692
4506
7928
7831
391
112
6451
6544
9031
7993
7753
8983
27
2865
7491
3732
2628
1470
4982
3881
7597
8037
9383
6461
5320
2373
103
6212
9992
1269
6577
7044
3468
5929
5526
3409
8229
2477
6018
2905
9959
3861
2374
5563
2783
7835
9323
9983
9635
6303
2056
5011
2213
7949
8799
3225
9550
4734
1725
6905
5984
6148
8268
3771
2815
9506
3843
6854
6213
5232
5796
3839
7750
1179
479
5991
4754
8259
3450
3992
995
924
1197
9396
5247
410
1539
9337
8217
3124
6638
4005
6922
144
6905
3068
3830
7358
5949
3564
179
725
763
8274
2130
8702
6445
5944
5003
2597
5596
7798
6944
269
7811
6991
449
8126
3185
4159
7181
8065
9023
3241
9864
3969
4852
5166
4245
9935
468
1956
2691
3363
4122
1450
4621
9402
6345
2574
6989
4755
5755
8718
5019
4413
5468
8785
1970
5258
6320
4718
2923
5443
4229
2957
224
1191
226
1612
695
5746
4495
4343
3181
3190
4139
7788
2100
8007
5830
9684
62
6106
7250
3869
6331
2227
4263
2479
6376
1548
198
4835
5197
9511
7137
2698
1296
7664
9987
6899
3874
7040
6909
6998
6668
1027
2616
6749
580
5236
6930
8866
2351
748
538
2736
7270
635
4137
6946
3319
2761
3665
3579
7124
9622
7125
371
4580
2626
2202
4192
9808
5238
857
9477
355
1055
2838
5602
8244
3875
6088
1612
9631
1108
2672
1960
6102
6389
3028
2631
9341
9770
5583
5147
4990
6421
7236
734
1884
5573
2795
8235
1002
5889
8034
5509
3650
3363
4304
813
7831
6663
4413
7014
449
8997
735
8377
9708
3274
2394
8416
7218
8577
1579
4355
3617
7509
2819
1269
8564
8851
2984
4320
27
7408
4057
36
9269
1456
1943
2703
4250
3800
8036
2792
3301
1188
3579
1293
6811
3619
5781
7837
9832
8111
8015
4136
907
7208
1327
6453
2419
3416
5028
6539
7622
7384
2082
1801
8563
1127
1206
5392
3469
4125
3814
434
9846
2474
3882
4411
3402
3981
4783
4731
6264
4714
4616
8240
9198
6867
864
2356
8810
5828
1934
4584
6540
7285
1574
4272
9067
1575
4191
8363
5865
7759
8499
7700
1781
1540
7389
9394
5968
5818
972
6303
5475
7864
8796
1614
2757
7678
6532
522
7121
3590
5610
7971
9516
3853
595
174
6116
8063
5844
5578
1472
3484
1971
1136
524
8672
9625
7957
3045
1968
3574
2097
1027
9563
3047
7913
7452
2821
5879
9815
3149
6061
1815
921
9489
937
6255
8856
9556
2401
3344
6930
7474
4958
6764
4197
4061
3585
9211
7161
1839
2908
1511
8649
6023
3767
6481
2197
9259
3027
4414
4124
2046
3169
7275
6024
8375
3770
2018
3752
4133
8959
8985
3673
375
7406
2099
4878
4130
1738
6807
7014
5061
9498
9061
4234
3477
3847
1255
4868
9411
4783
4430
7702
3596
6468
776
4490
7087
8396
7029
886
8305
2302
8012
2396
9679
7313
7192
7025
6946
6537
9169
7623
9584
3481
7568
3320
2890
5127
4149
824
6149
4826
9196
1228
6998
2702
9216
5126
1493
8146
5987
4053
6930
8485
5937
5094
1894
1969
8280
1094
821
5412
6869
9937
7844
1840
7172
2845
5115
3026
1947
4143
9852
6003
9074
3407
3361
9369
2810
5277
5033
7462
3137
895
2350
8892
608
324
2663
7546
4058
8877
453
3300
231
5497
8243
6854
7074
8007
4431
540
6123
8063
6968
8058
9878
3057
9611
911
7850
1926
8176
5793
9794
8877
9234
6977
8032
6922
5866
206
4675
8416
9463
2748
842
5298
4768
9095
4568
4689
2595
271
8326
3240
8735
2856
9984
9101
5752
4631
3213
7026
2129
2035
2551
6664
7810
1743
4739
3509
3336
9927
2126
1130
9029
7573
5024
9423
7693
3094
3716
616
7838
438
5553
478
1621
6266
5350
9000
9953
797
2213
8435
2316
2044
5991
7805
1195
407
6795
8882
4450
9750
9961
2783
1978
2096
2632
9265
1418
8734
7427
952
3132
1746
3212
7636
2838
9137
4640
1261
7670
9742
9730
5204
8461
395
7307
610
3567
9112
5682
3007
9636
9281
1556
9633
8566
9543
5459
388
3669
1844
4649
5307
9816
1237
3400
374
6737
227
27
3334
402
63
8042
8566
2756
50
4518
3209
39
4897
7357
6959
4371
1494
289
4959
7472
5560
1467
7191
6067
3824
8451
4555
5199
8371
819
6238
312
8167
6366
3942
1426
3130
132
8323
7541
7069
8939
6437
9007
9879
8567
1398
221
1718
3695
5363
2474
9311
216
1118
7085
640
1599
5979
6424
9486
237
8399
8526
7469
2063
2679
2840
6852
2919
2295
3657
6375
2889
9657
6077
2164
7767
6889
642
7667
7615
265
5863
884
9038
5665
6070
725
5838
996
1542
9224
3639
2045
7206
2619
842
3368
5652
6585
8952
5530
3975
7765
1118
3732
5699
1302
9504
6820
924
2593
6351
3940
8037
2156
6019
9201
6891
8304
5071
7109
4422
4631
4420
8649
6076
2591
3228
3503
8576
698
3719
6943
9441
936
7903
3056
189
3109
3085
8234
1411
2131
832
6205
6266
9399
8148
8063
4137
1366
8242
4566
6959
2433
4058
4513
9416
1139
9251
2857
8888
5767
8270
8562
8456
9277
9684
8041
3898
372
7828
9934
5083
7361
5483
7640
8495
6203
3388
3610
5342
7955
6950
2949
5127
6429
8227
1347
5463
8285
7151
2674
8578
9202
5129
259
2629
3531
2884
7729
578
4151
5342
6814
5375
6144
4188
9587
530
6705
724
7279
3078
8119
977
9605
4905
2181
7479
3033
1608
8438
1666
6415
2407
1406
2467
6047
7515
2733
8926
324
2496
8646
7576
2048
2619
7738
2603
9007
4367
7095
1692
9522
2037
9021
3044
1911
9980
8490
5171
7832
9870
6257
1329
1738
9546
5082
231
2290
8556
7206
4334
6155
1401
462
4379
8441
1137
3164
8177
9609
279
2185
8687
7642
1429
630
2840
7353
8778
4019
3167
3278
3586
1773
1803
7046
259
1796
596
5789
4180
6029
5041
4060
3139
5163
9202
400
8921
2214
7246
8586
6712
5266
6382
3939
1887
8021
8843
1143
9455
8113
5607
8451
6724
8957
6071
7698
8963
8150
9
6314
4283
9553
1830
1755
3622
3862
7446
1048
4788
2447
5388
2591
2624
59
8201
8034
9936
280
7915
3351
1969
1895
717
9869
3437
2774
5025
6076
7449
9827
9831
2439
9070
3888
8779
584
1200
5055
6356
3348
9520
6041
2958
69
6671
1647
624
3154
7358
230
9024
5546
8598
7570
7372
3572
5015
277
3109
8233
8926
1649
9708
6646
2492
9089
5250
3257
6932
7073
5288
6113
4991
7855
9806
2143
4313
9046
9268
6330
9121
6023
5827
5089
6456
2754
4411
2344
5070
6300
2938
1971
1092
985
3862
8535
8612
2584
6250
8183
5875
7909
3683
3885
1967
3616
862
3743
7545
1973
7663
4874
2048
5794
9427
5330
4567
5859
5451
367
4645
114
4732
8842
8321
1704
9398
7568
8749
862
2779
16
7042
1496
2882
7434
6724
2319
7129
6220
7836
5826
7892
7166
9305
6170
5872
4876
8493
8293
1675
6864
9522
7607
3863
9504
4159
5502
9147
6848
2469
8004
4244
9644
4713
5824
1123
4766
5301
6393
9557
6254
113
4068
1102
8130
7552
9004
2642
48
194
6075
6048
777
6168
4418
2523
6419
9174
3846
7193
348
1904
2271
5617
9104
9212
8253
6941
4772
4758
6974
6623
284
2424
4686
2474
8812
5549
3690
6517
57
1255
9863
3591
6872
3478
8492
2883
7839
8681
5459
855
3367
2873
5706
6160
6160
7174
9194
738
5319
7844
4980
234
3101
440
6885
7700
6949
771
9629
9351
3116
8574
8081
7521
4078
5943
7026
5971
1560
5161
8380
4360
5827
9751
8148
8808
8092
9354
2706
6441
46
3590
626
706
646
6550
8006
4674
256
3564
8001
4785
175
7077
9826
8340
191
9417
70
9012
8816
3134
2318
125
2006
1352
605
8470
4419
8290
2783
5640
7613
6976
8517
6058
1401
9866
8635
175
5929
190
7425
9935
165
132
794
6948
6624
2771
1669
9768
295
4874
566
9014
3432
5007
6866
3499
1752
4174
6732
9535
9665
6908
4267
7548
4901
7906
8656
7626
6853
1508
7084
3203
2372
6162
6785
6448
8887
3755
4187
7609
9446
1954
3034
669
5072
3176
786
3003
4952
4610
2244
4650
6803
7788
6500
7063
9229
6316
6663
2753
1664
2775
2834
5935
8098
3373
1387
8450
1814
3107
468
1713
4273
8059
3587
5824
2473
4431
174
5052
1916
2339
9656
8227
8651
9774
8265
2142
5732
3791
6538
7771
549
5534
4005
8222
6618
7707
4887
1797
8014
8703
446
4348
5708
9052
7092
3251
9053
3368
6852
8622
8937
8528
500
9719
8006
318
4858
2358
3637
3766
4860
9941
3503
7446
259
267
3934
2177
7300
2456
7557
4929
9562
6399
7467
9619
5048
3440
7792
1679
689
2990
7436
6246
7490
7870
3094
1105
4871
2852
2477
3082
426
5036
5060
7851
9088
6197
1693
4836
7718
8322
934
5226
6160
7517
1664
8440
7885
3038
763
737
7038
5376
1920
3044
2214
5227
569
8677
1732
1048
6800
9879
6136
4173
516
4464
3945
8663
4256
6521
8825
9563
6083
6400
328
155
724
2937
2731
7389
3122
5849
4334
2303
4515
7695
7106
2615
3297
2285
2100
1529
5239
9431
5455
7054
69
9037
3077
2231
9780
2933
847
8090
6388
6548
6133
1488
3670
6616
5256
2469
3113
517
2260
4766
2129
2313
4813
9613
4736
8261
8439
4020
4045
3489
6985
5650
8276
6919
8400
9016
4540
6080
8120
1719
7347
9674
4796
553
8910
8751
1089
5164
6330
6008
8580
3794
9179
4153
6949
9107
2612
687
9173
2433
257
7073
4316
5107
7025
1166
7888
4615
1592
6326
3675
9444
334
5982
4055
6196
2450
2972
9477
4296
2854
151
3090
8976
600
4592
6095
880
7042
5669
5234
66
4654
7776
6270
5206
6985
6318
9978
8892
1570
9386
5578
9935
2993
7833
31
9723
3313
6206
6238
3130
7883
9143
1829
5564
4023
8000
7954
1876
2492
375
507
4461
7104
1719
8558
6526
1475
252
3371
1653
9753
8659
956
304
5646
6053
5670
7685
9729
1586
5987
2651
4475
648
3440
3709
5430
1357
3592
3066
9280
6710
6754
5502
1703
6300
2217
813
8504
7903
8345
1422
2054
161
4199
674
9423
5002
2248
35
1507
9270
8341
1711
9964
4758
5021
7800
4325
6250
2232
7028
1405
2573
5870
1213
5558
9658
5702
7633
629
8282
5148
486
2515
6969
8255
4602
2078
1666
6438
3330
3817
1151
9703
1398
9440
9514
929
5679
7848
6085
1121
2136
4775
190
7125
8564
113
8285
9220
1775
3448
9740
886
6410
4438
8397
8670
2518
8990
266
704
9120
3758
4935
7870
4054
7125
778
4565
1650
8483
8676
8230
7588
8329
8568
864
5686
5938
9574
8352
9376
2525
9578
8945
7679
9096
5005
5186
5326
5618
1017
6761
7593
4268
8514
9422
5639
5538
355
5314
7694
5618
3212
4326
555
3520
6380
9731
8166
6597
6513
3145
5667
7480
1921
2668
4847
4957
5766
4896
742
7188
8421
705
9369
2378
436
7259
5879
8420
1731
1741
7334
8677
1086
6328
2693
5197
5561
5837
3778
5257
8871
1478
8938
9542
5219
5013
4989
9165
7916
5598
6473
4517
2017
2764
5625
1693
7130
1150
1537
1010
7683
1124
3590
347
1711
8487
8397
5873
4295
2501
627
5876
9872
3890
6465
5931
5445
8321
1904
9124
2159
8248
7320
6261
7611
373
3941
657
490
3751
979
6186
7675
9840
7204
5706
6239
2810
5031
1861
6499
5176
1799
6174
8170
7968
6291
8949
4408
2613
6511
593
1851
3846
8906
6917
5555
6866
8679
4107
6477
2011
7511
6012
1947
5545
9411
9930
1483
1899
2025
3396
4063
6886
4950
1517
6399
7198
2817
4949
4514
9172
4022
2827
6450
1577
1499
8813
2107
9702
7942
5189
6882
3402
4085
77
8065
1820
8139
9782
6540
6088
6255
9196
9918
4581
6407
290
5413
7988
8906
5994
8067
2863
7190
3101
9732
5362
8197
6885
3542
490
2657
7123
197
8454
9338
25
5381
3853
4773
7885
9409
5198
930
853
2184
780
833
6106
8625
4508
6535
4
690
5316
3569
364
5187
9866
4503
1252
2827
7313
8289
5160
6432
3388
279
8425
6748
5886
8558
2164
8883
5504
1336
9044
8221
7033
5671
8589
5516
4450
2367
6471
1798
6253
5488
3613
4487
5058
4093
6346
5185
3497
445
1038
3628
4520
505
8189
762
8846
7402
8074
6355
7341
1803
6734
2054
6634
2164
5741
7467
9456
764
1345
2422
7887
9595
6843
1117
4785
1266
5493
2891
3079
4086
642
6004
8651
5643
3904
8428
9486
8954
5471
3404
2699
5155
5955
9505
9942
4714
2761
2819
8101
6210
8553
7193
3302
3627
5342
2514
4173
5372
2402
8798
7208
5689
1558
2548
791
5536
9403
3718
6883
3532
3729
4630
76
1776
1133
7174
3428
9368
9337
4086
2121
5437
4196
9630
5995
50
8710
4301
148
6575
7862
196
7376
1076
5561
4838
4024
4334
692
7906
7851
8169
3529
5059
313
5827
435
639
2497
3747
7649
6762
2151
6403
9096
6908
1751
4560
1864
8797
9316
8675
5953
8845
3017
3320
4332
4707
7429
2373
1193
3995
3927
7532
1017
7946
4861
3607
7474
8087
7410
5784
7154
2279
3628
4858
479
6295
6440
6332
264
2124
3574
707
5874
1890
7826
2089
8662
8085
9654
6927
9281
3557
2562
7256
2953
1077
390
9885
4964
3273
7590
1239
8231
6089
8538
6640
7807
7426
5898
8365
9672
1830
2392
9441
6553
9484
3996
5424
221
9078
9276
8144
3950
3891
1987
5188
733
3548
2868
3307
8960
3017
9345
9709
3805
9457
6358
4481
849
6942
1208
8703
5513
7057
5528
5414
7940
15
5689
7535
2185
7706
8945
7978
1216
6479
8002
1968
6703
6425
5751
4619
743
2419
3035
1067
6969
2403
5210
9857
3937
4676
8265
3681
2250
2421
8020
5484
6196
259
7522
6886
2854
1246
9010
5044
3470
2827
3464
1981
7033
4229
1327
1168
9422
2435
9703
4484
637
7178
8128
9279
9610
9717
9349
6808
908
147
338
4425
2494
3739
8448
4820
9551
7133
4507
7239
2374
2705
2327
599
7374
6014
2696
9675
9588
5922
1412
3241
1842
4068
3654
3395
4461
8326
7536
6250
4688
2559
6689
8909
2009
8212
6842
8461
8008
3261
2645
4345
963
6017
4148
6802
5075
3133
5376
7723
9922
3602
6247
4345
5685
7785
6021
2442
2327
842
5757
3330
7665
9074
919
6959
7860
5468
2743
7315
2386
3564
1868
2301
6570
109
8546
7124
6545
409
1263
7778
3424
1840
9924
5654
3724
6345
5824
8839
7792
6184
6214
5562
1138
1275
7874
8924
7786
245
6760
9903
6723
213
5844
3375
4542
5834
4027
6157
8247
8891
6300
4782
6858
1544
1514
6862
9698
6659
4970
8416
645
9259
867
4670
7089
8833
2120
5961
7784
6247
434
4524
6765
8500
4553
1094
4273
8929
9131
6593
7846
4884
6160
1425
4039
4924
9916
4630
8439
2108
8013
9087
4180
1272
7985
5421
2213
1531
2104
2797
9810
2689
4270
128
3790
3470
6117
5222
4018
1359
4264
6069
1387
6918
8296
3666
4954
1757
5650
5513
3749
5728
1361
9488
8776
8568
4027
2373
4677
3454
3324
7121
5810
6938
8753
1508
5892
2708
3184
6866
4334
7797
3181
8
928
5531
3230
9730
8145
8216
142
357
856
8868
6240
2238
333
9077
7384
8283
3771
5110
2933
5080
2180
9563
6873
1042
9091
7319
7532
437
4891
1671
2606
9055
5688
6624
5906
6831
2730
9179
5765
9306
1284
7602
1270
9186
5889
2871
2799
6582
3824
2330
9783
9899
3289
8989
4103
4567
1139
4484
6651
6915
3181
8946
2500
1213
908
3787
4185
9964
7282
3067
9568
1413
963
1144
264
5721
6469
5144
341
7159
4808
3937
9267
3606
4829
6973
6783
3565
1472
7337
5450
7118
4292
1750
9769
2145
9708
3644
9183
350
6123
268
6815
1094
8981
1174
5826
7105
9523
2701
6875
9033
6068
76
697
550
4825
2583
939
1426
4154
1018
4895
8180
8860
7965
891
544
7868
2893
912
8349
642
2528
9524
9919
7023
3849
4308
764
6657
6389
4669
4662
1380
6056
4515
7937
4495
1608
4442
1838
3429
2755
9333
2087
2013
7121
3444
9833
6705
2913
6149
484
4160
5153
3439
2676
9844
7867
2879
6161
4106
1857
309
7284
8510
7510
3947
6107
642
1353
2724
1186
3232
9928
4556
9985
3793
9606
9353
791
961
87
7432
1522
9902
5292
796
5062
9233
1209
5276
1665
3626
5548
1516
7640
4226
687
5954
5997
3455
7304
7005
5896
556
3068
2074
5781
9864
1821
2655
881
4875
1340
776
4006
6879
8007
5227
6684
7182
9729
3432
457
1124
5515
665
8386
260
15
8775
6636
9986
7883
1278
2673
1181
3622
6961
6498
373
4281
1404
9857
3126
4251
1645
5932
8430
3341
2297
8221
1370
3403
9609
2086
4091
6475
2933
4408
2420
5400
509
4274
2409
5002
499
3496
356
160
8584
9544
2905
2749
3104
6089
2883
8663
2927
901
9284
3695
4779
478
4844
2223
1312
928
7104
3443
4216
1551
9370
9289
8922
5726
1930
691
1906
5443
571
6535
8185
5977
7767
8445
920
7121
36
1286
8782
605
2944
166
722
8579
7010
9897
7581
6247
8423
9230
1980
622
9542
4102
5703
4466
3952
8169
510
540
2483
4771
829
7795
9114
7821
5470
7263
6243
9073
8848
6542
3158
4934
5928
2651
957
768
3438
8852
2377
5667
8512
8297
3824
5633
342
7738
1816
9297
8657
7395
7055
9329
4813
7944
6114
9691
6218
256
8293
3881
2867
5808
6429
8353
7272
2209
1061
9488
9846
4339
1502
5524
9593
5264
4360
3641
6306
5223
4332
5635
6328
7407
5100
5190
9685
3038
1798
5332
6795
2442
2192
5582
3169
435
1815
7808
766
8271
5989
9160
1987
3603
5610
267
9104
2449
6478
4238
7204
4578
7210
8501
4962
3592
4758
7320
352
2180
4010
3434
5677
6362
8954
6290
1530
4520
2907
1885
1296
192
3091
5681
1813
173
4960
5356
3410
7870
6348
378
5784
7673
203
4667
7320
5796
9841
3639
3813
781
5124
9663
9240
4254
3455
2145
9202
1810
9543
8334
1413
5073
2379
1177
756
4489
2087
8735
8481
9986
6356
7472
6378
8177
8682
4757
761
5973
1035
6234
7735
9945
2915
6653
2901
596
6474
8033
8433
3800
616
5774
9267
3170
498
7982
527
9496
9480
1406
6673
6703
1050
9304
777
2757
8442
8131
7360
9134
5649
1509
5185
9345
6484
6067
3316
2197
1478
4534
4438
6604
3816
9885
7627
6495
4170
5742
6837
3643
1447
8977
8808
712
4709
5592
7173
4941
5517
6706
1063
9623
4566
3412
58
4062
4798
4392
389
6928
1513
3969
5573
8778
9785
1726
4907
167
1799
382
5152
8039
8706
2441
3267
3775
6226
9701
9285
2944
3641
3360
7411
8910
6766
8937
994
2624
5647
4924
2624
8894
8843
8280
7354
9732
7681
292
8022
9498
1993
2596
1710
7736
3118
5918
4788
8407
6524
9394
8311
4525
4154
6481
3508
5167
2734
5378
8077
5644
1231
8141
8038
6886
995
889
2795
9388
3894
4094
9482
2597
6398
2946
210
9289
3042
8683
7283
8294
6763
7463
4609
7953
8889
7138
7199
5053
4079
3599
9488
8276
7518
7531
4524
9200
5463
8073
8084
970
4912
297
5199
7646
8832
680
2424
5460
5208
6118
6849
8833
3909
3683
1218
9575
408
9402
1292
8749
901
8688
2546
8362
6003
9391
3416
6249
8479
3986
6704
2096
1494
1086
8823
613
2892
6705
8384
8001
3614
5787
3763
3659
8685
6640
4871
6982
3634
4024
300
9592
6576
6906
7047
1361
5837
1368
2230
1779
5423
2771
4041
3445
948
440
4059
2193
2296
7632
4556
2310
2685
8181
2636
7773
8862
2747
5476
9440
1139
7975
3035
8337
9312
7572
6554
1955
5159
38
151
9968
9206
301
2347
7374
8899
6537
6237
3778
8404
1804
578
6138
2791
5471
3601
7568
5322
6531
9106
2195
4151
5730
1317
9273
4942
7337
7563
9564
9146
9999
6677
9283
2235
141
9192
4721
9704
3086
2692
9954
2897
4248
7893
801
5637
2073
5470
5844
8187
9881
7992
392
7764
5452
9492
547
3323
5918
1146
8448
6616
5588
851
7063
7727
4280
3373
7854
937
888
3468
1901
4766
1629
3033
4712
5949
8807
2226
216
1314
3396
6830
4027
9294
2533
9007
7787
1438
6926
206
6350
501
1102
411
4950
7192
3088
4311
5216
8804
8027
7570
1713
7692
164
9131
5700
9182
3220
8711
4923
5539
683
1443
3559
8389
4797
1273
1980
7876
6834
4997
6217
9761
6662
8584
4646
6968
9707
2012
2844
5080
1656
2565
8113
8897
2691
873
4543
5552
6713
8161
8991
3212
193
5713
5625
9854
8273
8477
8830
6244
5215
4480
6819
4714
3117
3448
8023
9406
1895
2115
9626
6834
8769
4547
3643
3095
1630
6871
8198
9468
2775
4970
571
6704
5778
8172
5932
6520
3390
1903
3742
9026
4955
9668
3226
6321
5612
5158
8384
5404
2088
8970
2294
7744
7364
6028
8054
3350
3609
5688
5927
6024
2225
4293
8510
1825
7943
6828
6821
8840
7973
2577
8447
7206
2299
9419
508
9615
2948
5853
1656
180
4569
3015
4500
4783
3668
5080
9608
7174
6500
757
7642
2520
7703
5617
8625
9697
9768
912
7736
7691
3027
6887
1758
3547
3464
7071
6302
482
3721
6095
7887
6412
5573
8386
2042
4100
8081
8437
8432
7496
6022
9256
9818
9018
4959
5236
1494
5908
2650
718
4439
9814
5355
8714
4491
6685
5860
4353
3529
4672
2367
5900
3115
5776
7741
105
1471
6031
1360
1523
4204
6881
8379
899
8806
1270
7674
9253
1973
2960
264
9011
9321
4086
3376
3618
1304
199
1500
6322
1975
263
1217
5203
4305
9189
3450
7215
9907
6062
4074
6352
6220
1665
9042
1695
7199
1441
855
5041
8959
5947
4609
1548
3766
4447
8176
5440
7028
9212
3323
3389
7458
6776
7446
9815
5271
2216
4335
9833
9702
5086
4422
9343
1843
1865
2186
5497
6286
6116
3011
8061
102
1407
2284
9528
9590
8930
7624
1519
5724
2935
3580
4618
7879
2653
7107
4984
6329
9076
7577
9413
9863
9878
5563
3902
1826
7241
8663
5199
3904
803
9043
897
9869
9980
2753
9827
8877
5067
3185
5788
4872
4929
8994
4125
2575
3613
585
9323
5758
6672
1084
3176
9504
4157
2224
4307
6023
8951
9428
5089
5188
1169
1796
4592
7962
176
2753
5502
7154
2198
1516
2318
5124
5820
4803
3012
9342
677
2894
9418
8966
4575
4259
3390
7515
28
6548
6744
3572
8628
4218
2067
4312
1793
9568
6883
6264
214
8827
8592
2457
2777
1162
6390
4115
2946
8081
7271
3295
173
7677
5073
285
9479
3325
7587
2400
7995
5870
2017
2856
2451
6997
5620
7832
6030
3837
3086
137
9718
7688
7929
4139
2766
5869
2910
5878
3984
971
7958
1991
4734
6756
5947
7239
6199
327
1234
8919
3355
5506
8143
1297
3087
3226
5406
5565
8660
9301
7027
7045
4394
9679
4335
6396
1132
9577
8643
1913
5943
5270
4125
6986
2442
7156
9887
2996
1108
9110
3440
3523
8382
1944
9686
7776
9353
9111
8470
4401
8974
7346
4022
8921
6071
8786
6134
3977
3303
897
2198
9081
8043
2234
1058
166
298
1874
8071
5630
4183
2859
1083
5736
2701
1457
6843
3359
2818
1577
1974
991
1143
7764
4603
2370
1631
2033
8894
4772
4869
7515
9101
6454
3600
2799
8058
6727
8029
122
9423
8132
6003
6861
1627
1566
4428
8351
3096
7751
9429
3200
9641
4387
9016
6037
1803
6047
4720
1819
71
7172
3818
3159
1719
5486
2555
193
3047
9085
1430
4931
3635
1749
5984
6616
3926
4694
7690
2268
1255
8131
854
3088
9038
3073
4480
1118
2467
8831
4129
3144
686
9508
7909
2914
4106
1210
1763
9392
3365
1119
2863
7458
4488
7723
6562
4428
1638
499
2617
1512
2035
6858
9230
9855
4944
1509
2938
6258
6913
5151
2195
975
1537
9023
6440
9060
5953
3761
9623
5903
5435
2409
5659
5453
1677
5154
6845
9982
2747
9335
9270
2276
4147
4917
2263
2897
1958
5139
854
5020
1345
9637
435
7431
8506
7176
4788
1311
3832
4457
6047
2104
8925
5412
1427
1776
6280
3244
3273
2175
1311
9409
2053
7585
899
3811
3064
8209
5233
8529
7817
1485
7137
8987
1564
1304
2701
7089
711
5288
1047
3821
9712
1844
5103
6573
4805
7832
2885
1888
4954
7597
6708
4346
2002
988
4641
1503
4293
5729
8008
2961
976
2897
5172
4317
3116
2322
4697
8841
2230
8504
9251
4617
2535
8571
2671
1538
7330
7554
3007
4326
1559
9164
7316
9623
7220
2054
7000
6027
2123
6525
7975
3554
7175
804
1073
4691
836
5237
6358
231
3821
8238
2508
9784
3610
2940
6215
2931
8547
7886
3641
4581
6708
3558
7027
3745
2435
2908
7644
7463
9980
7933
3148
2823
5230
3565
1952
6232
7012
6847
8814
9007
905
6362
9210
7613
6922
4941
3441
9862
5604
7031
1679
2906
1521
7615
8601
2412
9760
1696
7270
2503
7202
7265
6911
7662
5696
2035
481
4650
8500
1144
5140
2289
6178
1812
2934
438
7211
5656
102
4395
1254
9838
9803
303
6994
4819
382
821
6562
6243
8127
5969
2420
979
1419
9737
2574
8086
6552
845
6988
518
772
2880
4340
9490
1142
705
1385
5651
2096
3875
3066
7009
9376
7694
5845
7257
7309
8325
1043
4697
5326
4716
479
9763
9907
4590
1785
1678
1890
8759
5469
681
9823
8285
4239
6329
6074
3667
1474
2033
7015
4759
5672
4454
8595
9286
5565
1190
4631
5848
4334
2306
3732
8894
8320
8181
4921
1709
9244
7026
93
9016
8021
1312
9086
4069
4491
5027
7027
9349
6333
82
7026
8746
8294
4928
7802
367
4092
4325
5377
2305
3883
427
2708
8343
8527
253
6860
5878
96
2356
4675
9743
9643
1048
5591
2066
9591
2831
4320
8368
7519
1007
566
9826
6514
5876
7192
4590
4083
9749
3440
6462
2832
9750
2553
3983
8713
5953
2235
6168
4952
8731
9536
8137
1826
1364
3405
1610
387
3528
4796
1960
9967
415
7012
3360
3430
5444
6101
8249
5992
621
9976
6853
2173
7098
9680
5550
1026
46
680
3889
9605
3344
5973
859
8852
3272
9047
4875
5390
5907
7549
1174
8600
1863
4552
7733
9691
9251
4032
8517
6611
8954
7578
2757
9323
2760
1553
4170
4681
4743
5376
4723
7922
8119
3273
3190
4739
2412
7605
7290
1404
1591
5756
7253
7034
4400
4712
5738
7917
3585
5604
323
8783
3337
8907
9468
9925
8157
9710
6222
2363
7407
9838
8947
7032
7564
8359
5123
9260
6496
2620
9578
2593
8438
5609
4481
3535
4094
656
4124
7878
1760
3845
5464
9572
4062
5770
6639
9230
1637
480
7240
5599
5848
612
3332
7125
7673
8076
1391
4608
9901
7121
9277
9898
1422
722
7765
391
1587
3491
5299
5703
7955
7222
2192
9892
5654
2857
2050
2056
3638
5303
9459
5607
9040
4837
2328
5988
1961
9767
6456
6118
2467
6172
4609
1670
4343
524
5729
850
5641
2396
5301
633
9297
2943
2972
5328
518
3753
231
3433
6015
960
1826
4498
3688
4749
93
3866
9938
1249
2013
3974
3952
3970
1461
5297
6822
5591
3038
934
1086
8897
2308
3163
4131
4193
8103
6799
313
1774
1284
4875
1716
5706
8434
2528
2009
5876
2303
4506
3945
6052
1955
4801
2751
7063
1088
4551
8298
58
2035
7116
4603
7120
7153
4601
7508
8451
7222
2424
475
1466
3317
8835
3353
7774
2499
3364
9667
716
9914
6475
6541
1323
3909
5481
1969
1774
470
249
6093
7092
8508
6845
2006
1504
1882
500
2738
6649
8925
2634
8616
9565
65
6909
117
5816
6189
854
1767
1872
1918
2620
6895
8764
2349
3644
977
7067
8407
9164
8920
6639
7304
1094
7750
5014
3889
7564
6076
1608
2180
8402
1185
3206
9482
2142
5493
4592
5659
8225
5227
3442
7715
3862
6583
2222
1312
2462
6182
1842
8200
4202
4556
7110
5597
1793
5305
5355
7774
8513
4046
4285
9904
5275
6184
2452
359
1740
8921
8133
5511
9849
2337
4461
6277
9724
6885
5184
8471
783
3677
4705
27
6957
9700
2037
1414
8733
5130
2046
2763
2535
3799
5934
1916
1017
5881
9038
6974
153
1824
2371
6136
7432
6721
4927
2134
5178
8547
1644
6811
507
9102
6378
3628
652
9167
5957
575
5427
2539
6850
5717
3629
3311
8586
227
9386
1564
7726
1837
7364
5520
6820
3754
2261
4109
3449
5080
4511
2967
4000
6894
5940
3963
7388
2578
228
4185
407
1944
810
8411
7188
7605
7419
5154
8488
7602
2459
6425
418
8090
5314
8903
8760
3624
9644
8048
5979
6379
1198
3177
9426
8546
2028
735
5398
5310
4221
6448
1229
500
567
2511
3656
6089
838
8492
640
7860
8145
6279
355
7848
9442
2568
5842
866
2434
4961
1466
297
9297
3226
3754
8984
883
2352
9838
7827
5108
8498
7526
1255
2068
3183
5302
413
816
2982
4374
8539
2108
4705
407
9969
8982
9277
6424
4865
883
6180
7316
4789
9810
6390
6897
3846
6773
3514
3983
7778
1030
3803
4699
980
2799
496
8320
1936
9520
2165
1540
5250
4284
3890
9027
172
3708
6343
6009
5197
3713
9938
2907
4279
5386
4209
9568
1203
6248
5124
1327
6174
7603
3283
7716
3214
75
9054
2992
8771
6057
2331
6896
6758
458
8257
8076
4995
4760
6005
3177
427
9669
1715
2901
1953
6380
9089
1243
9000
5162
6627
2875
5064
3518
471
2574
7299
6838
906
3947
3363
5647
901
5666
3788
7392
8919
8547
3013
2746
5946
3120
206
9929
1642
2033
3996
2182
1178
7983
6984
3425
7232
5664
1435
7881
4531
9273
3685
4122
1168
7148
3979
118
9820
5836
907
1563
318
6864
6088
6530
5138
1963
7991
9671
5365
1598
852
3457
6095
2256
7111
7973
5339
8082
9347
4031
8720
6140
8752
7502
305
2476
6438
8614
2800
2899
1017
8685
5674
3366
6738
6962
3002
1308
7088
1232
4367
6913
7454
75
5203
9574
8989
6603
1459
4698
6371
5703
456
4795
9069
5069
8540
1536
5943
2646
1106
9331
4196
3197
7367
9668
6297
5559
5840
5973
7104
3203
5618
5961
5272
6653
9239
5793
5327
1304
1738
8192
8659
1413
2106
4666
184
7004
1409
6679
159
8312
945
9569
939
485
425
6516
6444
9491
7623
6395
1770
7102
6146
4570
5693
721
4767
2994
3714
3467
2860
1811
8571
6731
1012
9747
5698
7609
6994
8874
5424
4520
8044
1659
5414
8490
1099
5062
9300
4919
5636
437
4046
5437
6754
9986
6867
9415
6923
1593
3506
6225
4569
9777
5459
3021
4460
8155
5106
2855
9250
6915
5362
8145
2930
7054
3875
5945
8572
4865
9438
1416
1291
7994
8509
8336
1693
2851
1835
3591
8564
6156
2092
629
5173
7650
3127
2570
4484
7917
943
6516
1166
485
5678
9794
8562
9947
7696
4935
4787
2102
9045
288
9568
1326
4852
2886
1542
8370
1050
4486
6106
3819
4840
3175
3112
2054
8923
4576
8468
3285
5913
1561
3300
7363
4249
2085
8306
4124
6395
5217
5916
1507
487
2395
2340
6467
3641
6187
6203
7532
4932
9950
9149
9782
7744
4878
8863
7392
8788
3959
8024
4059
7665
5037
1349
738
9347
9080
1377
2793
7632
196
935
1535
1616
3780
9058
9455
9910
7322
4101
4279
2324
1062
6213
2107
5027
8588
2446
3975
5067
7386
936
653
7786
3069
801
9715
3992
7437
6449
1610
948
6109
2637
6843
6629
961
9945
5456
5169
2446
6047
9036
9285
6733
7548
2779
5170
3998
5289
5937
1917
1242
9675
7366
1519
8527
3293
6889
1581
8922
963
8712
5243
9172
9191
421
4503
6345
2359
9915
1654
9415
3624
4750
7694
2205
6318
8096
657
3571
7257
2235
8057
9057
431
3412
995
1653
6162
1628
8357
4303
8452
4053
128
3766
6178
3423
608
3035
4547
9633
332
726
9151
3106
8373
7533
4750
9471
9187
4296
2197
3477
5464
1389
568
1406
3463
2442
3681
5119
5438
1681
8488
6013
2185
1391
2185
8392
252
8257
9932
6855
4534
9839
8043
6757
2946
9011
5662
6161
3771
5296
4484
2705
8403
1818
7343
8909
4577
5499
5890
3091
503
9646
8692
702
2227
676
4967
6580
8873
6366
7770
7648
5511
5013
5931
7244
8524
4180
9068
4590
6646
9380
7882
1870
9607
2045
2310
196
1477
6530
1302
8934
8749
6854
6800
3880
5502
5521
5740
9627
942
564
598
8763
7958
9632
4807
1105
4500
398
6529
5691
3689
5289
5665
240
6898
8951
1393
2767
2549
2540
7079
2000
8314
3557
408
5191
2567
958
9331
4179
7120
9134
3509
6233
2240
6833
9005
1294
4922
9518
7858
5448
3790
2923
562
4711
2778
8704
4534
5314
1377
1919
4711
3842
7388
4020
440
9389
6175
1972
8885
1925
4885
3690
1822
7800
2118
7993
1152
5798
8791
6977
9847
5810
384
5244
4575
4712
9375
9431
4775
3081
2624
9268
5719
4697
7196
1225
6608
1801
7339
9777
8003
6237
44
7202
2344
2004
6949
9237
5213
3882
4826
7631
4428
4429
5407
5207
2729
5821
337
7240
7085
2642
6960
7381
2226
9728
7004
8287
4999
2350
1102
797
586
466
4856
6072
6082
6192
4856
3232
5271
6976
8515
8282
5427
3478
7334
4399
3072
5785
1647
494
4681
9591
500
4684
5000
3506
3221
6021
4108
4051
9706
5222
5416
5887
8592
5399
4645
531
618
3204
9368
8306
2554
102
6494
758
227
5414
469
8895
985
8585
1387
943
9438
8580
1108
2586
2653
6989
1372
752
8918
6100
2507
732
7
3477
4190
380
5571
6485
1972
9482
7783
2553
3493
181
9995
3928
1358
5327
9554
8554
9458
8181
5063
9569
2984
752
3944
3635
8305
6826
8807
8619
498
4284
9237
9570
8853
5766
6609
6951
2630
1716
8212
6914
7645
6597
6422
3902
8311
4965
5550
3908
719
5789
6480
3471
9230
6536
2908
5366
1486
8312
872
205
3113
8238
1442
942
6665
3549
4795
1300
4359
7581
3473
2476
1577
6746
4955
4955
8053
3647
26
6758
2841
196
5504
5830
9960
3795
1809
8617
8293
4835
7294
6556
6466
1440
3287
4770
9939
1097
3714
4056
5188
3548
4340
2836
3282
4578
6759
5712
4319
9139
1831
3760
3977
2193
8309
8383
4800
6537
3561
5557
1184
4815
8650
5048
8872
4397
5080
7774
6590
4805
6022
7295
3874
3288
6264
3815
9790
6231
2940
8473
7093
3710
8532
5392
9177
1307
5525
4529
4856
2235
9277
8546
1739
3372
6284
6396
5959
1412
7689
3232
8427
9458
1420
2225
9913
2364
4836
7628
5729
8347
6054
781
3799
7859
5307
872
5452
7688
5283
6187
519
2651
3265
8053
8003
856
5655
5752
4151
142
7694
6997
1831
9143
3958
4636
7060
3784
2727
701
299
3324
5737
3868
5985
3982
306
2621
7598
3088
5641
2788
3160
7902
1400
5158
3524
1744
2866
443
2694
1773
2692
7553
8366
471
4927
6818
4925
3304
9324
9751
2335
4520
1991
8995
8181
4713
3062
1545
4455
5806
2642
3657
396
5634
5083
2652
8831
2595
595
1588
800
2088
9232
4173
6388
946
7550
9715
4584
3732
4233
646
5831
6009
1528
1263
1648
4847
399
9210
4487
4114
9887
1771
6299
8591
9780
9503
6080
176
746
5673
604
488
3471
1969
2612
3385
3261
1194
9413
9308
2259
3683
4188
8578
4809
2667
9602
9160
1641
9453
3397
2387
5898
4503
267
5908
7764
5338
4972
3823
8413
7151
7174
8359
7538
6669
3027
4019
8336
5141
3148
7432
3544
5848
3957
9792
8729
9660
7158
47
8226
4954
2749
1394
8347
2553
6917
6118
3273
5278
1193
1906
5571
8785
3052
6331
7043
4704
316
9477
5002
6370
9230
2648
4885
7721
3832
8497
2655
6155
4976
8409
9370
1042
1457
4548
7535
2865
6640
3270
4429
9364
6149
9919
546
1464
6585
8126
2535
1359
8430
8230
8495
1428
7384
6181
3316
7789
3428
1194
569
9266
9334
9762
9290
1067
7841
341
8908
6421
4448
2063
9068
1711
282
637
2557
5655
7371
6814
7901
2561
2067
3364
8928
9216
3283
567
5478
4915
1750
9930
845
8050
4940
6589
8312
8425
6218
2446
5631
1601
4821
5612
1955
1598
614
7993
5964
7981
2852
5763
434
5274
3910
1322
4772
4886
3093
7261
7382
3412
4816
2070
6091
7750
4150
2679
7711
2956
279
503
1374
4661
6393
3094
8098
3714
8960
1602
970
6816
1612
7072
5073
6386
9990
7009
1391
7014
4619
5085
3647
7494
3973
9450
1959
2581
7096
5404
7362
5781
5174
3949
7799
9700
4579
7932
6346
7169
1364
3498
2883
8850
790
4104
1768
187
1137
3644
5737
8707
8128
7723
4468
4340
7424
2115
3637
9322
9924
1782
6930
4775
9248
3738
2344
7103
7491
4525
9982
9984
9466
3722
7861
6026
550
7698
5355
7570
9141
3874
6456
6158
8032
336
5169
9302
1301
4709
7170
2078
9627
5224
492
6710
6530
8556
2398
2387
9545
5892
7981
1965
695
5922
428
9879
8225
1649
9236
4611
3193
8886
2288
5610
3415
2476
8259
1224
6777
1408
7576
4145
5562
4135
6839
478
1871
571
1550
4891
4853
6413
4378
695
9802
2989
4657
9764
5524
6208
9710
2423
5371
6666
8516
894
5858
1909
1568
1990
7952
8683
7812
3845
4824
3919
4453
8500
7054
8999
1537
233
1042
5519
9684
6023
1894
9431
8888
2186
4493
5745
1283
7999
1357
2463
195
6998
3540
8351
9489
783
8501
9148
3787
760
3142
2130
4606
5164
9763
6411
8741
5086
6531
6362
4587
913
9380
3027
7124
5884
5903
6303
7859
5570
2304
1027
6504
1589
6147
3819
621
5229
5743
2842
1460
9801
9032
9703
6091
6064
4842
4415
8888
5183
1729
8636
8189
9711
7677
7340
7734
5659
4753
41
8065
928
423
9772
4367
2439
8919
7597
7329
5617
9885
8107
6173
4968
4621
606
3571
926
1717
7946
2365
7756
6063
1512
8070
2530
8675
5855
9464
4988
6954
927
4499
4443
3882
7826
157
2678
3654
3439
947
1889
1303
3801
4664
3925
5914
1561
967
4595
9931
6599
3404
7430
5793
361
8811
1768
3247
4143
6087
7679
6941
2850
1347
1144
2345
8382
9078
9387
5751
9049
3676
1696
705
7960
6886
7834
6105
1828
7420
3951
1552
2846
1640
2854
527
5915
6582
4710
5697
3351
6189
3758
6163
4948
1495
1701
3456
8854
5498
6752
8207
1603
6323
5855
2660
1671
9283
4247
5282
5954
4376
3639
9349
6344
8349
6266
8795
5388
3098
6775
5589
9254
6107
6378
4985
9946
3506
6683
1136
4765
6452
4266
3363
1219
6167
668
9282
8370
3145
820
2407
4142
2582
7587
5756
7245
7774
4789
1943
2089
7053
4874
8417
2765
2205
6806
6923
1784
7080
3324
9271
4716
7871
6744
1829
6521
6522
1868
3982
5025
9097
9999
3431
6611
4830
1814
2512
5236
1189
8374
887
8063
6094
8655
2491
5739
5983
9377
4177
7784
8682
8891
2952
591
5674
6135
4297
6296
484
4260
9589
9825
7579
3109
7155
241
5917
9011
2461
2937
2500
6869
121
2675
3930
3877
3568
4308
7780
6224
8804
7111
1913
2624
8795
6877
628
2373
2538
2656
2273
1291
9873
4723
841
1498
5659
1351
2126
195
3083
542
2985
9220
9937
5865
421
7500
1836
2282
9026
4155
6865
5492
7221
9934
8922
452
5158
4443
9700
9242
7666
7318
3957
2686
522
2343
7303
1845
9864
4700
1696
5852
5463
6104
9221
8866
8846
5876
1476
4670
4910
5642
7145
7918
9614
1863
791
5191
8175
7057
9094
9369
5328
6028
4351
9146
3653
7720
7206
6073
5626
9911
1691
9076
4427
3708
86
6352
2801
1818
8250
6183
2373
8436
6894
4035
6290
664
7486
6450
1067
8228
7905
6961
42
7373
8442
7079
8947
1669
3020
113
961
7582
6808
7543
571
5481
7934
5799
2725
4878
6285
9388
6873
9409
1773
3514
8034
4283
5740
7548
9647
669
9319
4007
4268
113
4865
6013
8655
6009
4603
2685
8834
4001
2612
8839
2386
9969
306
9374
1875
1315
5378
8462
8511
6910
7319
1340
2650
6726
2808
5582
5505
7261
9247
1927
8580
5321
2026
2392
7055
4864
9407
6775
5143
5886
4220
1169
6366
1356
2248
982
4364
2583
5819
9110
6002
2539
7640
9396
8517
8541
9432
4878
6265
4788
8592
4182
5161
451
2389
9494
7585
1127
2359
2733
2584
4021
8540
4376
2089
4616
7066
3873
5866
6695
7180
207
5507
648
3925
8501
6721
2419
5496
2837
6557
9260
5129
3171
2554
5196
7600
1467
430
6661
3905
4128
5762
9621
1707
4868
7158
8084
9355
6657
9541
16
2477
7073
5801
9409
9864
3246
3046
7494
632
3641
3298
58
7192
608
3811
4986
6914
5325
9490
2841
6636
7747
4425
4985
3737
3406
7542
8935
7054
3925
9071
4857
7129
4367
8150
1057
7684
5289
4255
344
8439
1154
6484
4961
1309
4749
1493
6571
4247
4471
7459
3233
5910
9282
3032
7900
3714
145
9390
555
7515
8336
7755
3838
4114
7586
5448
1373
6463
2486
7318
2119
2481
2607
8587
2468
4345
1785
7444
507
7945
5842
9959
6143
9880
881
5678
6612
6185
7453
4703
422
1811
5600
733
857
4339
9910
1027
3866
3789
9984
3292
1023
2935
8405
9115
6292
3285
7952
3689
4231
6325
6912
4631
673
903
3002
6962
3913
8174
6375
5178
3717
270
3630
6759
1845
7259
2890
3577
6091
9877
2289
8166
3973
3654
514
6900
6069
4272
909
5205
7544
3440
3302
5175
402
5280
4587
4254
5683
5223
9013
6683
7630
4594
2878
8699
3041
7083
6501
1296
3647
3694
1668
2030
8380
8436
5914
1760
8259
6314
6098
7811
8871
4839
4481
4729
4827
9060
6478
1887
3566
383
8535
8652
3846
6460
7859
9221
2406
7633
3002
1874
2176
6426
1630
8554
6305
7705
9435
8059
8705
4887
5478
3725
2617
2800
8035
4086
4328
2072
4466
2843
865
9084
3385
6382
1812
755
9901
6545
9717
9624
2815
7283
6224
7216
9908
9477
4066
1544
6070
852
2529
5217
6210
5498
6330
7603
2160
7288
7492
7581
3568
440
8472
5127
4064
2263
7018
638
765
3014
249
5783
3139
8939
620
4197
1244
8590
1171
1601
8710
9365
3445
4703
1581
5492
7891
6530
5691
2180
3272
744
9278
9525
128
649
5438
8583
8972
5886
5694
7420
3612
3642
4674
6879
861
7229
5577
6166
8356
2008
9596
9601
5483
6754
996
3985
9183
3913
9422
6226
4136
823
8944
5160
7874
8278
8051
118
3773
8003
8566
4010
1761
6232
9017
1490
2265
8773
6882
1512
4080
5936
7718
1906
818
4923
3667
4706
8803
4929
634
4778
5939
4526
9748
7160
1367
396
4322
6727
9096
6910
9837
5702
7917
6960
4087
6053
1809
9199
4957
3239
5125
6098
3787
6396
702
7338
7488
8963
6244
4405
5503
3469
5806
6274
1043
1336
9176
8673
4139
7235
2295
2803
4232
2613
2406
8256
6870
1687
4580
9711
407
141
5795
7308
302
959
6806
6229
7287
7535
711
9800
287
8784
9380
8485
6054
1382
112
6761
6799
5128
9154
7255
3819
2206
889
111
4126
4438
7470
483
7841
1610
1506
8478
866
531
5964
4932
6050
4329
9794
4191
5534
9796
9510
157
3094
8253
8497
8443
6204
800
5511
3829
789
408
9320
9464
9587
315
7891
1479
2737
7953
9467
5747
4762
431
8516
4791
9940
2246
8635
9361
6972
7848
9867
454
9139
6498
9940
5112
3487
927
5695
9714
1788
7165
2938
1727
175
3949
9495
2808
9438
8853
7807
4440
5305
8084
5349
9969
7343
6613
4019
1577
2295
6978
3591
5396
6607
4693
6766
2011
8150
6542
3088
1358
9941
6363
1271
2614
188
4149
9107
7094
3057
9448
2923
3613
5178
3632
4024
2251
9845
1641
6896
7033
7807
8389
8580
5596
4010
8347
2236
4221
4452
2374
4155
9979
8708
3778
7660
5404
7304
6579
7639
1733
5077
1158
2059
1407
2493
3071
6963
4766
6518
1564
4899
6302
5026
8050
1451
1214
836
218
5812
4290
6778
562
5428
4641
9126
270
8274
4034
2919
9755
1096
1720
609
5338
1180
2020
9467
4389
7012
362
5631
1518
8153
4791
7681
1112
5738
3528
9954
4384
6016
2116
9307
2617
4741
9804
3056
1725
9062
7376
6488
3638
9147
6758
3371
8227
6098
4697
2484
6384
1243
7775
1608
6251
2505
6953
9158
6583
2029
1886
3466
7542
6786
8904
5708
8939
9359
936
5864
4965
3440
9905
2668
3799
1336
7721
2009
3529
9484
3062
4678
6037
9186
4451
8818
5119
2002
2967
8975
1315
8842
3488
4900
2355
8898
100
7290
5464
3831
7917
8923
6742
417
2276
3149
9289
9465
9755
5591
2523
2420
9429
1825
9897
922
8872
2326
1140
739
7357
2823
5398
9635
1706
5063
7344
4719
9489
7207
3609
2575
4114
9478
4842
7556
771
3092
9920
3305
1650
6367
2545
9725
2115
5801
1716
5275
6451
3157
9647
6142
3953
5626
9779
1041
7171
3515
9554
9736
1240
6540
2335
3602
3845
8841
7815
3347
616
9954
4523
9662
9142
435
143
744
4690
9592
5048
3646
9881
4036
6837
6838
8369
7814
4150
2052
8150
3912
8603
1543
7378
7123
1357
3024
7847
6409
1952
5621
9067
6798
6418
1844
711
369
8167
7184
1279
9640
5384
6133
2257
8538
3915
1591
4371
784
7686
1939
4575
6757
7847
3275
8461
1108
9222
2901
6774
5211
4886
1184
6741
5795
6889
8673
8641
4822
2755
873
7473
9196
8485
3133
7530
5912
5195
1979
9538
1321
5013
6559
7566
2102
1478
1800
2587
2955
3777
8195
5581
1025
2105
5342
6052
7842
2184
8747
7425
4068
4261
1584
8161
6597
3171
5508
1336
525
8136
5233
19
8362
8932
3197
7004
8010
4187
4455
9360
3888
5885
5271
7548
89
7972
8112
1691
4951
3685
5521
5320
4395
4922
7255
9567
554
1510
3974
3739
2797
5887
1840
325
4933
9969
7861
6570
757
112
8666
1241
5570
6896
658
6751
9614
971
5241
2961
2527
5235
3136
7179
8343
3515
4428
4754
3311
7514
5384
7932
5695
1664
6560
1325
5595
7953
7573
5323
6580
1672
624
7888
1653
9365
879
6121
278
5672
4031
7142
2169
5528
8126
2596
8437
2678
1176
1294
3431
2920
7598
6136
9215
1636
9366
5589
6473
97
5000
6089
6212
1181
119
1394
4986
6547
4275
9421
1520
9060
5984
9736
5180
6330
4572
4937
2496
4210
4935
9873
5502
9119
3786
5152
6703
4239
5463
7024
5453
6798
4948
9436
415
9187
7929
6756
9548
9355
3645
5902
8031
660
8425
9215
3137
940
1405
7192
9624
3714
7946
8702
7091
3234
940
6222
350
2353
8886
2276
4903
6247
8322
7061
1889
4895
9112
4931
9041
843
4785
3804
5788
5433
7765
7871
2680
2617
6275
6201
2646
1515
1080
4976
4654
2109
9574
8180
1575
6391
8546
7172
9368
410
2171
4969
2782
7637
891
5285
689
1729
4279
1859
1295
3688
6250
679
7200
3187
1394
1706
1734
3927
9677
4067
8845
4704
1681
8927
6274
445
8
2860
7240
4485
8911
917
9401
7164
8342
5019
7659
2178
8048
3428
4531
7739
3209
9427
684
7461
9662
1179
2300
1918
6728
6199
2365
8053
4192
3058
2054
5235
441
1301
6490
6345
572
8402
1906
2506
4740
8150
7541
8632
3919
1258
3586
2696
3398
4674
3488
6294
4298
3307
2530
6016
7851
5881
6151
3120
4668
5103
3267
8129
7345
9430
7701
8537
2617
4245
6409
5923
4978
3174
8751
9345
871
860
5279
3525
2768
3543
3233
8797
6493
9768
1095
3533
4732
9689
1218
5016
7958
571
1029
8330
2765
7285
7305
3430
9483
7049
5682
1191
6937
6425
4009
1956
7771
3977
7515
5553
5451
4259
5010
2957
1744
1068
4033
5865
270
7584
6573
8960
5129
8770
7502
2202
1552
7132
9267
5906
7957
3882
8308
556
3277
2065
745
6558
800
6480
5573
6936
218
8931
6448
6188
8181
912
7474
5571
4080
7554
3021
7507
1992
9783
1210
5525
5566
9950
3132
2358
293
5955
1519
7941
1164
7649
9206
2594
5264
2983
3987
3855
4993
1548
5779
4182
9637
9741
892
1822
3565
3225
4958
1824
5457
6167
4486
4814
4982
6373
6901
9307
1462
6542
5420
6248
3019
1977
1681
6476
8100
3739
3241
6973
4148
9962
4308
9894
2550
3390
7978
6684
7599
9684
9343
9824
9608
4280
4060
1304
8179
3222
5007
4306
8440
6570
8883
6278
7463
5459
555
3022
5191
1416
9928
6137
4767
8081
8452
8824
7725
1572
54
6199
8149
8269
5755
9232
479
5365
7504
3721
1730
6442
1183
671
8791
3802
2515
5507
6262
6339
4026
4259
3799
5581
3163
2263
9199
3460
7614
8811
9970
5310
6562
8139
1483
6059
9428
7390
3649
2047
1548
8761
1598
278
5575
1228
3884
2266
7873
4426
6483
5366
144
1636
7958
1720
759
6494
6819
7980
6992
7420
5591
9587
9644
5179
4984
978
4647
7580
8515
422
4340
7749
8875
4456
4919
3291
8937
3260
4383
4835
6872
3809
7505
8631
5046
7323
5863
5627
5107
2022
8830
3943
7993
229
2920
2941
8692
7547
1215
6924
1252
859
8495
2383
9175
7174
5283
4776
9651
9639
7414
6329
7912
5674
7330
132
3518
7003
9103
1228
7829
8281
6271
7781
764
4387
4877
4679
7177
8908
4728
4327
9571
4144
665
9011
6384
8743
1205
8761
6435
2873
9471
3061
4494
4863
5334
424
4748
826
951
2956
863
4270
6858
9534
8986
9707
3250
4112
6555
630
5365
531
7326
5416
3374
9210
9781
1949
7873
5033
211
4132
5551
2833
3276
5751
4011
4804
7983
513
8450
8046
5719
8929
7704
9587
5743
5344
2431
6312
2199
607
6635
1582
9315
5060
1865
9075
5242
2867
4467
9315
5102
4314
7168
4139
411
1671
7678
1481
9749
6051
2464
2001
2724
1982
6630
1173
7893
6453
9095
2442
5173
1165
3281
1184
4543
996
531
4004
9067
872
8804
7321
1274
9313
4746
8959
7899
6782
4973
9436
3284
4728
2019
6382
8408
194
9883
2971
1337
2630
813
7343
2958
4256
5964
3637
2280
342
9920
6942
5154
8561
8586
214
1244
3377
9927
4869
7686
1799
4023
9236
3562
2210
2355
7244
2739
494
4603
8430
3272
7699
1929
7057
8624
7040
3198
7066
6683
4926
7675
7854
4156
1790
4305
1953
132
9950
3163
4284
1916
4297
6472
4712
7886
9459
4902
8967
8785
9953
2804
6275
4957
7115
2677
6660
2507
2470
6897
7120
1172
5188
1754
5441
8413
8510
1863
5446
8192
2469
855
1979
9159
1047
9265
5318
8975
2688
1962
5524
7714
7813
2128
3147
2636
4174
5372
3640
7137
941
5133
8215
1591
8131
3836
6199
2482
6249
802
5238
3153
7519
4956
6692
5632
6253
2356
7786
2127
535
4617
3754
977
3996
6946
1266
4549
2089
5141
8672
8465
3999
9780
7031
6807
4882
7893
8772
1170
7930
4486
3528
4035
1952
2632
394
2560
9479
1127
7711
3011
3346
1564
4001
2294
6005
3012
7132
913
7915
6944
923
8150
9199
7873
8569
3503
8720
337
4208
1079
5887
4918
7616
4514
4062
7906
6596
1115
8946
2640
8670
3616
9472
7404
9395
6577
6819
3498
3871
8213
1980
5244
1379
1712
7855
8640
9155
1443
8030
3142
2780
3741
7461
4205
7354
2677
7934
4242
7498
9000
34
775
8265
4335
2863
5796
8623
8013
8422
8132
4826
9175
7291
2034
459
2405
340
5177
5388
3063
7517
4238
7082
4162
6624
3000
5458
8090
5275
4788
7084
4575
1231
7744
121
2026
6103
1484
4345
5167
8077
4374
1579
6096
5655
3963
7397
1242
136
9863
508
4442
8693
5188
4591
1586
9323
966
3265
8141
3090
2843
1640
2704
1124
150
1897
8704
2325
3620
458
1627
7072
8086
3152
6609
6285
1851
4596
259
6327
1734
671
7649
2542
1858
8127
3203
624
953
392
9053
6489
3674
8921
3937
5690
2995
6383
4426
6663
2482
1612
5085
9519
120
5947
6391
5213
9993
5228
2533
914
9638
1932
688
4815
5104
6036
5530
2286
1381
5047
7204
3880
7229
1575
7322
1241
184
6095
8280
6120
7859
2162
7316
1896
5474
1393
4522
7785
5697
3631
1812
2706
3676
9539
1676
7760
4798
4586
7675
7938
569
5597
3363
8609
1970
6210
9119
5553
4077
8143
9726
789
468
6639
4232
3133
6872
6792
3476
3325
9680
4598
992
2515
6266
3663
6216
1164
5509
4979
7057
1943
8377
4880
2343
9236
638
400
2592
5255
7776
1836
8496
8516
3928
2661
4580
9394
853
9696
1314
7345
4844
1513
9224
2941
8222
3565
2581
349
1946
3273
2915
2664
8512
8457
2845
1295
2891
4670
1705
1401
2124
8728
5434
6491
8137
8402
6257
9664
4530
5082
2861
6331
4284
529
7112
4390
8002
9356
1628
7495
2065
8326
2406
4791
1056
1358
379
4361
8388
3962
7071
1236
6194
7097
5581
6738
538
9227
2936
69
5159
6241
748
1210
5659
4558
3470
484
9089
3268
2933
5384
1325
3831
1851
5737
1536
1710
6413
2550
7242
4295
9189
1913
1150
314
1077
1439
9055
7279
5357
3391
6411
3354
1020
7625
3664
3074
8450
830
3917
6215
9963
5479
2073
888
7102
6945
4728
6482
130
336
1959
5589
8264
2539
5488
9448
6140
8972
7149
5969
7662
4258
6866
8251
4574
6773
2993
3506
6005
1918
9528
608
5771
1227
510
7125
6411
116
619
867
7907
6668
413
3263
7388
8017
8816
59
7878
1658
9463
2339
3366
1161
7496
806
2356
4501
1499
7410
1414
5471
4442
5415
9889
438
1413
1276
9817
2176
7449
778
7206
3730
6932
5623
6788
1299
1773
3342
7611
6240
6533
1474
3521
6607
4223
8560
2588
3789
4739
4408
3263
9169
7252
937
4688
6814
1903
7856
3772
4808
5624
6744
4697
1648
6526
5329
1978
2565
6623
4526
9501
4278
7859
460
1011
2770
7737
9751
6210
1129
7949
9789
7144
5936
979
8452
7893
9181
5138
4215
3848
7747
9209
652
2263
4339
2709
5737
7705
286
2972
1311
9097
9214
5120
4394
9615
4919
5946
6324
2884
5815
4996
8365
4187
2839
172
9281
5732
3682
3491
5699
8577
8392
8678
6785
5075
3603
5217
7943
3767
9376
6965
9359
9741
8688
4165
1140
2847
2480
5576
8000
2736
889
4964
6002
4837
2708
281
8552
7996
1783
8573
6647
1038
8852
7945
1586
7963
2192
3436
7404
5342
6237
6629
5793
2312
4509
4583
5445
8581
2942
1147
651
1407
2762
8001
2902
4516
7293
6863
904
4512
612
7947
7591
4667
9122
4342
7858
1645
5361
8830
828
1294
6136
4093
207
7060
9632
5964
312
2107
6772
8546
1734
6979
8822
1304
4720
4269
6750
2944
5259
7710
6165
6903
4349
4739
5619
9886
8764
3385
778
9137
4469
3606
7703
4766
889
5603
1874
7986
7789
9689
4271
7291
7570
1461
9834
2698
8823
6971
8334
4132
4747
5771
6055
1789
5214
4808
4328
603
6578
3099
5464
9273
1
7728
7556
9839
8959
9474
6216
7240
3302
3247
1278
3288
1040
9097
3685
6184
8507
7296
9122
7935
9015
6231
9034
5252
5165
2694
3617
4445
8199
2431
4481
9181
718
7589
1129
8761
691
4044
9110
1425
225
3007
5490
8021
167
4536
8606
8095
5270
9932
859
3696
5213
416
1920
9082
5064
3558
7470
3016
891
9494
5625
5838
6020
9009
9000
4601
1864
7759
8894
7335
9961
24
4562
3588
2520
5607
1819
2346
1914
2816
6486
5864
8871
1501
2463
3517
8934
9189
8682
6226
4123
8113
5953
2495
7112
5518
7262
4592
3007
7056
7798
1316
5703
9194
1801
4907
9435
9960
3969
2668
732
131
804
9967
1108
5143
3111
2131
6379
2085
7131
6770
5031
670
8632
7196
6494
1531
3017
4098
