65536
816
9311
5939
4077
8910
200
2924
5996
2779
8206
5929
7446
8528
1883
7365
5284
2640
7498
752
2600
5386
3007
4037
5634
1089
5410
603
6409
7518
9669
1334
7677
4429
8503
6751
9221
6561
9583
7096
3409
1241
9766
5310
3156
9130
374
6351
7123
2074
7595
6421
4478
9757
280
6932
2502
7274
1023
5649
3054
7762
2591
391
9968
2635
1979
8000
1737
8800
3369
5657
352
8536
3888
4594
9154
1482
2435
5284
5563
1666
5277
8042
5770
6946
3101
4665
5681
5205
6214
5542
6623
9518
8946
7321
1557
2581
580
8083
823
9124
3803
4304
8122
305
3116
1353
8843
5084
2596
3521
3029
6441
562
3123
6716
8734
6846
8070
5093
3238
3899
7143
3189
5895
2717
244
8896
9690
9923
9842
3861
6630
7948
2219
3424
4194
3449
8144
3486
6794
7136
8984
8903
5670
584
3232
2100
8353
9446
1736
6241
9493
9165
353
3421
51
7931
6538
8664
2978
1560
7779
804
5084
6863
1833
6712
9191
1556
3149
4128
2627
6197
3854
8683
9649
4246
1929
2039
5033
513
6931
5734
6110
6299
5394
4201
3323
9237
5756
2176
7403
1632
9594
1480
261
3889
4162
3676
2660
8612
6835
5282
7509
7214
6211
302
3018
2464
784
4515
5986
8820
7838
691
8561
1667
6024
4573
41
7392
9219
2386
4866
7383
7119
2409
8013
6445
4807
6022
5528
8750
5618
6082
7355
5555
9458
2182
2908
6050
7916
9471
7984
9968
7614
7147
4026
6890
3508
9036
8198
5812
9937
7332
2428
2450
2258
8377
9900
9501
7668
57
5075
9248
3374
3479
4415
5889
4412
1915
9378
8258
8044
9772
8406
8293
2511
2581
87
7218
4727
9015
5919
8522
4224
1034
2484
2561
8986
6308
1690
7223
3865
7495
500
1581
2342
4414
4659
5240
3278
3331
2985
2955
2956
2328
3028
5929
2745
4048
5125
6905
6166
4364
3826
8608
7462
6350
3351
1373
9509
4664
9037
5044
5981
7792
7237
5657
8409
9836
3308
925
2491
7454
4980
2534
565
8953
750
9667
1767
8357
3464
3853
4281
7328
6704
9956
9878
3607
6366
187
2566
1818
313
4890
4215
8064
246
663
5441
7996
3141
8074
2386
4704
5465
8350
614
5951
708
8963
1217
952
5145
3035
9122
5735
1289
1889
801
3927
8157
5073
104
9685
103
5883
4069
8887
5666
3014
2206
3518
8820
5492
8196
6028
1826
3102
7034
3712
2964
2539
5997
4266
7906
1911
996
2577
1396
9716
9668
1614
9436
1814
6013
6439
8669
6835
2785
3615
7065
9268
7339
3764
7666
8565
9983
1051
1307
5979
1814
438
2926
9172
7650
9538
7981
3002
9914
3004
6375
8861
8242
8016
5631
7097
6738
1258
5673
5682
9382
2856
2280
2786
1138
6241
5510
7621
5871
9693
4822
3218
2557
6164
952
1778
6102
9307
5111
318
3338
761
7143
3642
1951
268
8585
3268
1533
6624
6074
680
5405
7030
1586
6280
898
4430
8180
6253
7572
6407
1901
9506
3144
4872
8364
1183
3260
1825
856
7785
715
2588
2681
7914
277
8815
2288
8815
2103
6791
1223
4430
542
7758
5377
8428
2911
4010
507
6724
2080
8717
7717
949
7756
760
8378
9315
6056
9397
1724
5615
1875
3665
2963
632
1234
6794
5718
929
952
1809
4811
4416
1299
75
3904
3796
8606
3198
1514
3036
7456
6908
8595
4324
6759
2026
9402
9847
9240
9200
1960
1633
1206
9173
6461
8870
9971
4896
4455
6622
3394
3612
2911
9502
6046
6904
7055
6625
5645
9610
2578
1031
318
2167
5320
3821
4190
321
5012
1132
7466
9200
5077
2282
5207
773
4050
5059
5347
2121
9734
6824
9972
9945
415
2022
8432
2862
6854
7349
4881
8957
2595
2565
3025
5338
5236
4240
9021
1956
2807
5641
9286
9568
1442
3334
8006
7617
3525
1934
162
3198
4655
2953
6051
8721
2821
3206
902
9533
4514
2708
4920
4753
3137
7560
4913
573
2573
5606
4045
1697
7013
815
1028
4443
604
5072
4823
5787
4250
3533
3498
5160
4484
4288
245
2025
3752
1794
1608
1221
2826
6987
5564
3705
1032
8944
8515
3
6601
6909
6861
3760
4413
7657
5262
7768
1959
8359
6231
4212
5567
4580
9368
5313
5929
5176
8904
2401
6043
6759
1810
5358
4044
1661
8664
4920
5694
1035
920
5215
1176
9604
4603
1963
9197
7850
9824
9141
7326
1958
6282
9139
7042
6056
5706
2685
1241
1788
2104
5048
2091
8086
1510
2187
8752
7811
5962
8670
9046
7504
6617
1205
8000
547
2259
7657
439
9657
3361
5353
8666
6642
506
8276
2597
9922
469
8710
4384
4646
4617
6241
5148
1174
3440
7809
5412
9464
9143
5122
7554
3500
6347
8581
9816
9108
3661
9107
822
8536
6106
4724
7336
6062
4335
4753
2627
4844
6218
1707
4607
8204
2159
520
699
9583
3344
6670
7645
6492
6742
3285
1723
8686
6364
2556
165
3240
4883
4391
9188
186
4072
1574
927
2039
9120
6076
7873
4394
8439
903
9108
8744
5348
479
7474
3921
4665
9072
4176
8575
7157
1515
2051
1649
4963
26
9432
9604
961
9512
903
9686
1579
8587
5694
991
7594
2094
5531
3848
7273
6495
8990
6633
2073
6637
2744
7417
3309
6011
1381
9274
5865
3508
4097
5568
2615
5475
8653
6330
9528
1389
5006
7341
9774
1295
3269
6883
2257
8545
8726
8106
1906
438
7608
8844
1971
6206
6200
3017
3744
457
9629
476
7244
2378
1200
3616
5435
7631
7234
8349
4426
5242
9766
7374
8946
3491
641
9380
9444
3823
2553
5209
1858
9462
6649
2245
1470
4697
9860
5115
5849
4900
4300
7442
8936
8060
7832
2721
2527
1245
2910
6557
8218
7512
1561
62
7010
6422
6435
1643
8251
7532
5883
678
5752
4443
5685
3132
2926
2388
1798
932
8996
3020
3592
9696
7410
3535
3429
7251
3706
1409
2116
8763
1567
5403
3274
7284
7109
1639
4358
9692
1137
3039
4366
7848
9824
9033
4904
361
3116
5771
5456
5839
2523
4396
8434
6046
5656
3584
7615
7411
5553
3436
9792
3547
760
9917
5143
4793
4776
8717
152
7651
8943
6807
9740
2697
4022
2953
1085
5233
4413
4013
9898
4109
6473
215
3169
8511
4186
726
6779
7969
4504
8811
1549
7334
4021
237
3382
8073
3706
6925
7150
4837
9464
5772
1023
7411
2189
3624
2452
2625
3435
700
7945
6152
9982
2276
7136
8308
7947
8277
8614
5477
7944
9612
9044
8774
6501
4186
6729
5409
5632
6709
27
3028
4084
2002
1152
3969
6642
605
4373
3951
9867
2512
1539
6138
1205
9178
70
4473
6981
1926
2054
8486
7257
6514
3628
919
2415
189
2176
1004
7117
6242
6038
7008
2740
4618
1365
4965
8408
301
8460
3532
3135
3873
9736
9735
9564
7747
8971
5010
2154
2393
1476
5847
6805
3338
9219
87
5753
4237
967
8039
4462
8427
2225
1248
5367
2767
8838
4098
9973
3594
151
8722
8214
5065
2815
3644
122
5154
6374
2301
894
5492
5841
3739
521
6776
191
8649
2119
7600
3676
7817
3368
9875
3253
7367
6206
6956
2905
7093
2708
7579
4327
1204
7781
680
8379
6796
5408
2042
7260
5952
4062
4895
3254
4715
1486
1310
1334
1224
630
131
5188
4267
2222
3166
6121
5893
6046
1246
893
3217
5482
9511
5900
818
497
3541
7056
2375
7029
5921
3380
4973
2156
3630
8504
9920
5309
9825
4380
7544
4216
2496
5726
6711
2078
3878
8976
9888
9010
9817
1122
5834
2158
3187
264
2855
6923
7333
188
4524
6720
4071
3412
2752
8517
9800
7545
1979
5794
4905
1323
4148
8128
2890
1368
3716
3857
3090
1433
7711
6289
2853
5092
7826
5991
7000
1209
6120
699
6587
2140
7690
9827
9230
7200
3760
649
183
240
6359
7693
7268
1707
2665
3365
4949
3350
2397
5329
2370
6229
2050
9673
6179
1559
296
7397
6344
690
2158
2575
679
3875
6663
9256
8655
6926
5851
7181
743
7136
2506
3562
7318
4361
5704
6180
5183
648
4263
3982
763
3755
3820
1714
9717
6100
5344
987
6721
7941
3158
4668
3000
1714
844
4830
3576
7168
6174
7349
3423
2461
4813
4525
1841
182
8268
8485
3133
4848
8545
222
5333
1318
1094
9153
5326
1714
4173
5644
2773
8128
9970
5701
7610
8346
528
4869
751
3064
4702
6160
7170
3106
9122
5952
8175
9888
7740
2305
3354
64
3633
76
3963
7537
4748
5177
6455
7574
52
5297
8669
5406
9244
4511
8282
373
2726
3576
7834
6103
3685
4475
3123
1209
3226
6622
7238
5406
8476
4991
8845
3357
2796
8867
3254
3465
437
3792
8810
7218
2163
6715
4510
5891
8219
190
1198
9740
8022
6960
3060
9652
5217
8089
5445
3736
6445
1238
2401
2878
4732
6483
8798
8257
7158
2517
3691
4294
5688
5380
4594
3304
4166
3951
5631
7336
1930
6103
2227
9042
3767
5464
4648
5256
9281
7729
8969
2428
9711
5555
8353
915
2676
602
1783
4778
1857
9336
2395
5727
1734
6267
5670
568
3233
6185
1884
4379
5548
4208
2238
1307
9033
8083
798
8411
3587
3266
9169
9784
1216
2373
6650
4595
7540
1203
4856
9186
7933
4131
3358
6544
8175
5145
1985
8616
3943
9422
4295
6330
6808
7010
715
9414
593
4720
6077
3481
2167
8488
6980
861
5352
667
7499
8142
2013
8060
923
597
226
459
2446
8612
1937
2745
1583
152
339
3290
7722
7811
9905
2122
2239
8980
8967
1233
6074
7173
831
5533
1178
7520
5739
1502
712
6626
1276
7312
4049
3954
9959
2347
7666
6245
356
769
2637
9807
4941
8488
7839
6146
4112
7601
4579
1708
2395
5575
7651
3376
6635
6216
2973
7166
8280
459
8987
5399
5462
8078
7141
6284
7307
1197
1686
6513
8447
5162
8087
3684
5485
7537
3323
8270
8822
1238
423
148
7078
3197
5306
5117
5391
8990
5783
6284
1250
4407
1455
4079
9764
5595
992
3285
6556
3612
3092
5352
365
4317
6094
2654
490
6423
582
5102
3208
6906
6657
6165
7263
9036
8781
4219
3668
4085
6609
455
4094
2610
4749
9380
9734
4765
3312
1369
4995
5321
8404
3354
8083
8360
8641
4696
3183
906
8671
6977
4078
3840
545
3228
2589
3493
1654
2244
7207
8179
8477
5781
6294
6403
5779
5440
9307
8996
4385
4784
8797
9296
2111
9331
9794
820
2121
5626
8321
3994
3041
6418
8298
5739
6575
8789
3429
2629
2656
3665
123
9642
5094
511
8721
6362
327
998
4364
3287
2745
9755
7535
9707
1839
4173
3588
1684
8557
7902
7495
7468
9235
2052
2076
691
5117
3103
4569
2814
2975
8823
9413
7651
3269
3025
3489
9581
8410
418
849
4416
8455
2419
6408
544
1133
5376
1867
2427
3759
6186
7492
2617
3798
7230
3009
6362
1425
2824
2145
5053
2582
2549
9376
7067
3942
1516
7626
594
2367
7070
5297
9587
3320
1447
3438
2519
4095
313
5277
3570
176
318
8380
6439
7977
8936
8584
484
5950
3808
3723
4302
6729
9083
6231
9303
5944
2115
4005
7620
3014
2273
223
5303
5231
3980
5437
7489
6579
1772
6062
3208
5746
8321
1984
4256
7339
4077
247
3305
1667
5105
7503
9572
2575
6798
9526
8098
4794
9469
9508
2918
6528
6846
6721
1268
657
614
4153
3598
7848
4312
5037
228
5795
3789
5803
7249
2200
2779
9070
7037
1217
2337
2122
1409
4580
4142
3615
1306
853
1797
1375
7206
2309
4273
1465
3008
9621
5169
590
531
534
8230
2099
9478
76
2990
1356
7776
8932
3762
6122
8676
5286
9430
9538
5817
7990
3099
8335
3744
9078
2720
2475
194
8090
1409
462
9779
7581
8734
1381
8698
9562
7101
2528
3868
2196
8251
5469
7104
9146
6645
4791
8511
6599
6786
7327
8455
800
8815
2420
3170
6412
6746
9897
8675
13
1868
1981
7584
3149
1251
1212
2863
5682
4989
7983
8015
4467
3281
6417
8989
8160
8729
6432
6839
6147
546
9528
6540
2345
9179
8616
4033
6562
9289
347
157
3800
7028
1284
8595
1688
7476
3804
3586
4568
2881
2056
2583
8884
6367
1631
1190
6870
1684
1120
7036
3725
3569
2242
7194
1451
4345
6235
3175
2911
4336
7917
8431
1190
8837
640
4633
2625
4588
3530
2223
177
3081
9122
9840
6277
6313
7577
5755
419
6009
2609
2084
146
6033
495
9230
2486
2348
6741
6588
2327
2207
3909
4140
7210
2974
6346
3213
7685
7759
2982
195
7305
9596
6605
9701
1828
7549
1107
4654
7384
4617
2804
8998
4377
1582
7051
5749
1026
5715
6715
5625
4058
4823
8086
4342
7187
3278
4323
1824
2234
6118
1214
1630
7067
6305
3192
9699
1848
7046
225
6457
9152
7351
9478
3309
5530
9629
9484
9116
1335
1402
1794
8692
3483
8213
3870
5954
3596
843
5328
2691
254
9376
7931
8438
7691
4399
2986
5438
2513
239
2475
4857
6045
331
5401
2528
1106
7745
327
7326
7140
731
6824
4980
2063
8346
6915
5026
1340
4537
6886
4831
48
6672
821
2357
3963
3174
8469
8583
3801
4120
2752
1639
2662
7731
658
2104
9172
8815
4102
9268
3072
5330
6635
5956
1364
4371
2778
332
7613
652
2438
4873
1655
2966
8315
2159
8318
3061
7813
2932
6293
6528
1615
1781
5372
6780
4486
314
3168
7391
9985
7748
8905
5429
7053
1768
5183
216
9016
6593
1849
670
333
1285
2381
2360
5857
6820
5794
7323
8565
2813
1385
8323
1613
1875
1381
1759
3437
8194
5779
1183
3096
6506
2202
8543
1603
2564
2528
4563
9758
5432
7527
5172
971
2250
8038
2357
7207
9740
6653
499
9456
7682
6738
879
6447
6406
3014
1759
2906
2544
2932
3202
3299
4822
1974
1843
166
2896
9851
3503
7751
8852
5695
9467
1803
2270
3400
8171
246
8435
464
196
9475
250
247
6874
6371
1139
5505
9317
6844
1550
6575
9261
7337
3481
7274
9039
2799
2168
4201
288
9016
248
1870
8323
8860
3494
9764
9375
8246
9212
1486
8492
4279
2097
9712
9335
5624
5830
579
166
3488
4893
6464
1422
9935
7480
3745
268
235
8119
6597
4897
2423
9916
8435
1580
330
4376
4795
5730
7023
7839
6915
7422
1386
453
5388
3230
4028
5949
1028
3326
710
883
5731
844
7421
7001
2299
4474
8123
9302
1799
1514
4647
414
9396
5851
4108
9316
1319
6345
6324
7038
762
4762
9647
8772
8114
9505
5706
8379
2337
6017
4529
8425
3256
2242
9836
2252
2308
5498
5538
1688
9751
1884
38
4684
3231
9977
1625
7272
9223
6034
7492
1674
5637
3318
9578
5519
2094
4306
9819
5333
6709
4908
4955
5747
195
7657
1570
5173
148
8702
7980
8115
1981
9584
3128
892
3923
3360
4620
8219
2565
7312
772
1832
4815
958
1458
6447
5686
4472
8809
7023
5017
201
3582
1895
4239
591
6133
4479
9910
7670
2044
8736
557
6825
8124
2237
3765
2513
8751
5099
2480
8703
3621
6544
4420
6122
8703
6977
6606
8398
6463
962
4176
8170
3636
4700
3050
9195
2778
3179
1350
4121
4130
2742
1915
3878
1795
3193
3533
7591
2057
8955
864
3208
6873
7019
9065
8620
1020
6351
2795
5826
5462
7575
5187
3735
9320
1452
6567
7761
2999
1464
1707
383
4251
6197
659
9257
6960
6684
8145
3177
6640
6498
8124
4008
2776
4098
4645
3509
8271
5802
9129
7807
3180
9969
8545
4278
2707
3264
7179
2668
907
3670
6221
4202
2154
7907
1779
1912
8906
6827
140
8306
3162
951
4428
4697
5397
568
1049
7688
660
4263
227
6213
9606
7246
6970
1525
9600
1435
2500
4590
0
9360
644
8141
4679
5273
2942
746
5768
5037
7609
6075
5432
2785
9088
5336
1169
7546
9414
8001
9001
4609
2921
6217
1476
2438
8939
8722
8625
3450
8057
6522
2973
7138
7425
9591
4899
4690
8727
358
332
7111
8761
7410
1345
2067
1679
3083
3397
1363
6283
5627
2553
9039
8406
8091
2268
5108
6372
6072
6003
5777
3900
8103
3631
9694
1773
822
7103
3430
1713
4460
9195
5453
5865
7962
3208
7036
7830
6185
1699
5065
2586
681
1324
978
2208
3590
1427
5466
8980
8087
6744
6301
9251
1521
3048
4769
7080
945
4746
7387
7503
5484
6274
307
4124
9198
1032
5449
8338
3502
356
4471
9393
2993
1522
7591
8915
6469
7066
9256
7649
5467
123
329
6740
3496
4537
5458
6931
4327
396
2598
8419
9344
7158
7055
8029
9420
3192
7610
1656
2176
9812
6986
4553
2336
645
9462
9441
570
4513
6300
9774
6094
6106
5611
3806
6135
3008
5305
3988
6313
16
4120
9303
9948
3476
5315
983
3795
7630
9909
951
3265
72
8870
3076
3892
2294
2868
6876
5426
2702
7591
8213
1660
9102
2703
6872
519
7969
664
9992
6750
3054
8038
170
7761
9791
5961
1286
311
5093
1243
1941
2714
2066
1244
9763
9932
5532
5494
699
5728
7548
2863
1710
4095
3270
5142
9570
3050
7191
6332
7382
3556
6927
4982
7347
3587
9450
4766
975
8277
3416
283
1359
8789
9301
9044
2246
6734
3791
6469
1115
6984
4076
4050
1037
8130
4597
8299
6405
2903
3544
2745
2047
38
8290
8723
2519
2460
5014
965
1450
62
7018
7416
4562
2991
6669
5518
3083
985
5710
117
8245
4838
1047
9902
2941
6557
1734
6634
3576
5424
6101
9107
2006
577
5839
345
3365
2383
6688
2017
5465
2345
6660
1557
46
547
4953
6036
8474
1232
2123
5611
6449
9791
3880
8813
8352
7890
919
8255
1941
7826
2874
7526
9809
2602
518
9013
9538
579
7956
7955
6250
8432
7497
7963
3723
9052
5354
2005
5523
8063
3304
2439
9032
502
9747
4290
124
2545
690
2931
2084
9850
6482
815
9521
2322
7883
5693
1454
1081
496
5191
8469
2659
6921
6323
6166
6306
1496
7164
2618
902
4915
8763
5722
3337
6152
3245
5772
1017
8549
5469
2107
6993
5835
8855
3840
708
3244
6339
1149
5623
8462
5480
8021
6990
7411
4374
6713
5920
9606
2748
4403
8800
6332
5643
1602
1130
4670
1098
1356
5033
470
1099
1373
6914
1791
296
3252
7082
7473
6707
5542
8808
6385
6908
8514
339
5720
6335
4414
5023
2916
2545
4693
439
3541
5353
5602
9521
8071
6962
1319
5609
7963
9279
2073
1140
2542
7629
3975
4451
6800
6745
6672
2710
6844
7446
6824
5298
2212
1612
7903
3237
3670
35
6891
8470
8256
472
1611
1733
9366
7484
2800
9604
8614
2074
3497
9499
5620
9308
8426
7134
6195
112
2482
448
3092
1814
5510
6585
3551
8402
2592
6495
9575
2304
8290
2182
700
9274
4265
4899
2778
6356
2233
5329
886
9530
4335
1542
5420
2626
8381
4012
7308
9337
2779
9331
3871
9284
4257
8697
3511
1055
9583
2440
8565
1203
9539
364
3392
1568
5405
7046
8904
8475
5470
9242
3354
9699
999
116
2710
7422
4185
4455
7419
6993
899
645
9264
4041
1926
9337
713
1443
9091
8181
9132
5222
6219
3616
9582
9433
6434
3281
5932
9784
8631
6548
7790
7356
198
9848
5924
8701
6857
6529
4774
3437
1460
5170
8564
4872
2374
9646
696
620
5543
2906
2644
968
4313
4062
4406
2888
570
615
5860
9623
1711
6135
666
4004
8077
8386
7446
219
6170
200
4937
1079
5002
6500
973
1156
9501
8776
4318
3232
6155
9133
1985
1938
1139
5487
9397
273
5324
1796
7421
8185
5545
432
5458
7527
2637
3485
5702
8624
5735
8174
8638
8246
6108
1151
7787
3529
7571
778
4511
5737
5153
1249
6436
7502
2573
4797
1305
576
4268
3333
2345
221
4862
6747
8940
9531
7305
5215
507
9457
9319
1424
4685
6328
3189
1659
6139
5830
5332
5917
1285
2311
7260
644
3022
8944
1280
5822
4569
8805
4265
570
7148
5529
8894
6309
2097
3601
1336
4380
593
9364
6299
6125
392
5706
1240
8383
6115
5387
4914
7910
2404
1651
9778
3823
6538
2874
9009
260
5568
8341
9649
9411
985
8216
3497
525
4036
4118
3830
2474
7715
1058
7593
6768
833
1230
2712
6937
6779
6100
9201
8678
6613
5144
6041
8419
3882
3239
5988
5424
401
8714
8485
479
1960
3564
1218
2453
8603
3257
2070
8557
8641
5880
4823
8323
7076
1239
8577
5531
6571
923
6248
6855
5395
4844
8952
9726
5379
6454
6424
5909
8958
9108
9790
3893
7972
5691
9077
5359
1806
4705
5358
5140
6008
3382
4108
4295
3621
2466
8713
6722
4385
4547
7859
7297
5347
3640
5371
6959
9367
8758
1796
7966
1563
3604
1627
4909
9493
4667
869
2669
1983
1451
7493
6870
4986
4617
738
2234
4479
4394
2688
2074
2098
452
3665
4153
642
1144
1531
3650
8473
5833
875
8923
5324
1995
9964
132
4487
9933
9911
4426
3300
6996
4409
7390
6628
7158
6438
3960
8980
1216
3565
889
4548
822
1625
590
638
7079
8514
7650
5895
1263
7026
8249
1417
5219
3078
8832
6344
7071
5847
6070
3945
84
4008
8801
6372
7710
3732
4477
1849
512
7347
2238
6610
3888
3030
2970
8487
6500
1431
7810
2079
2363
7318
4218
8421
2922
99
5971
8148
5664
5267
3113
9575
1957
3764
1676
4528
4940
6657
8979
20
6633
5265
3522
1135
5842
7735
2416
6606
7811
9101
9702
702
5259
8225
5454
8359
205
2957
4920
4708
2408
3654
7432
8139
8706
8234
6819
6076
3375
225
2665
1639
6087
752
385
7082
3130
674
146
116
6345
3437
6017
9687
6792
4530
5413
760
1302
9517
8866
7865
4967
8295
6835
3127
1046
5809
9544
196
760
9114
2394
1488
9699
7259
3165
3999
8793
6876
4993
5781
250
5888
3967
5817
2448
9156
5199
223
7264
9763
3206
279
6411
7180
1262
6130
8395
4488
1737
4348
1267
461
2662
785
3270
3651
9294
6516
9259
4833
9347
4964
8852
4465
3115
4313
9822
9741
1892
4595
7254
2854
9706
8980
5642
6217
5898
963
3620
125
4622
7263
3316
6511
1564
8324
6583
8597
3615
5072
6238
5608
1717
8961
4790
1475
9518
5176
9512
7030
5471
1659
3121
4505
8278
5655
6531
7550
5453
6976
7023
5942
7469
9582
6939
9444
3612
5013
1857
1703
2707
9897
3339
1610
2482
672
5180
3098
9469
4584
4382
9930
7300
2971
6441
7332
1650
1966
4448
8594
4899
2821
3112
931
1714
2590
5928
7863
4498
7840
2286
6899
1254
4338
3775
4747
2673
6054
6333
7798
4792
4902
163
2102
3352
8041
3190
6393
5729
3072
2594
3789
355
4418
5300
1539
3273
9623
8984
9521
7924
5392
2788
3448
4010
4639
7812
5704
6969
7981
3407
4294
1431
716
3535
618
8974
7177
9422
841
8445
545
1055
6959
5671
981
2544
8366
27
9374
1497
464
346
5300
9816
3442
6106
1048
9301
3760
8016
2459
8388
195
5781
3695
552
9172
8791
3744
5405
9760
2603
1967
9008
1213
6238
3197
1767
3353
9563
3965
9905
5211
3690
8155
7061
841
2984
7858
6678
1357
6293
3118
9432
8788
3631
4946
8579
3198
9860
9309
6400
6350
7083
2085
2539
2041
101
8981
5666
9962
530
8144
8254
5185
9324
6820
7946
3020
6910
1270
2116
8304
9587
1622
2245
2762
8873
3925
8160
7160
9661
5174
7184
3970
2906
9670
6503
3245
472
534
8891
3299
1514
2051
3325
140
3474
8228
2995
3076
8008
2954
7453
4432
7899
2334
8291
3654
8417
2778
4124
2
4300
2686
121
5070
4753
5548
375
9073
2329
2127
8497
6739
4810
7830
9297
8566
949
2997
1158
1294
2451
1896
456
9060
2310
8758
1694
84
8501
3130
4014
4047
4032
520
7672
3212
5701
6740
4022
7060
9493
1088
38
530
8389
473
1995
1862
5847
3867
6836
3706
4044
933
1629
1091
6385
7036
3401
6729
3751
1473
7748
4066
6770
8016
2319
5562
5341
9026
2484
2976
3442
6360
1385
3597
4529
9082
9705
2027
6894
2999
1845
6079
2178
8807
1870
5457
2341
2047
9465
5895
1084
7827
8871
1813
4441
2979
2142
162
9717
306
9839
2660
6846
4991
5131
8085
4008
7747
786
4120
8495
8484
8412
4208
9179
3227
6136
3745
2543
9406
2702
5942
954
1579
7679
1000
2913
9919
9215
2248
7857
4469
4783
7920
3116
622
3232
3748
1373
5742
8591
739
2263
3664
7891
7866
1968
6005
5553
1699
3383
4252
378
2684
3174
1911
1878
8848
2853
8361
221
5446
5980
9591
8908
6859
5860
5312
3149
1041
3262
1580
6294
5771
5026
7795
3038
4218
7524
2678
6382
7264
2460
3112
3972
7619
9063
6590
1412
7882
8933
9086
6076
2694
2039
8326
3415
8504
7259
3538
4849
9821
2571
7767
2710
2711
6187
3022
8440
6699
4859
4984
2283
3800
6115
6500
7952
501
2598
370
3983
4289
4436
4216
7290
5606
7590
1451
9510
3036
4028
4778
4379
5716
6954
8277
5526
9741
2244
9114
9208
5975
8898
8681
7423
7721
9127
9081
4015
5991
3542
4443
248
208
6798
4585
3893
5908
7185
5372
7290
3415
7649
7428
5341
4978
8706
9716
6431
7483
8611
8614
147
1913
8043
2499
116
3771
2251
4158
9867
8677
5670
2172
95
9453
4501
1717
6882
6599
7632
7961
1438
344
7721
1519
9365
4527
1979
261
4731
8045
8553
8568
1888
8247
4166
5890
6357
2251
7202
5303
2922
4166
8350
7443
3784
4568
9384
8380
3411
1362
4337
881
3510
742
5335
7816
4629
37
4514
9620
3064
2929
1955
8432
6689
5498
7966
6878
3645
5287
4696
8516
2226
5271
5057
4019
6550
6097
1271
9752
209
9421
1247
3683
5486
80
2815
8620
603
3518
8605
834
7739
9893
8931
2773
1876
6324
4580
5684
7313
6832
8654
1091
4618
9022
8031
3643
1649
7566
9646
1613
9707
2165
7105
2139
8567
8392
5282
5977
2546
2901
7954
3063
5648
1107
632
5698
4339
8158
915
5109
9225
4204
3951
4399
2198
3687
1802
7387
9538
4540
6326
9366
5216
7299
9449
3237
6559
1282
9759
6221
2692
9074
2230
8025
8751
2629
5214
6383
3194
5753
4858
200
9812
9320
2787
307
8295
4488
9075
7855
524
4338
1613
8614
6670
8033
3028
5171
6642
9490
417
1625
5704
7054
5276
4374
2813
3967
5816
9295
3587
3318
2442
5212
8369
2045
92
5235
3171
6315
1942
7175
1906
2214
7012
8563
184
4151
403
5345
1443
4677
2862
9789
400
3407
4299
2123
1472
8382
2240
2265
745
2458
4946
1905
5981
3092
6196
7357
5773
2637
7737
9955
1909
4554
1383
6217
3445
2836
2618
9925
9429
6383
7580
3502
8335
8249
3403
8850
1971
3035
3923
9089
8097
9627
5342
5842
6452
5424
3107
184
4756
6404
7258
6921
5853
6052
2098
1727
8554
4470
5440
8253
2520
1190
2910
1782
4280
8470
3285
3238
7011
7806
671
5723
7541
720
7867
2464
8454
4272
2150
2116
8774
1257
5321
8159
5369
2167
6207
1362
9304
9525
3700
6811
3579
671
7287
2782
6529
3145
9709
5371
1560
2961
9103
9323
2821
8514
2321
466
5096
5800
5275
3001
5761
7480
5914
8032
4987
2807
2136
4427
7392
1446
4818
6915
8414
202
9258
9958
8088
6083
2503
180
1611
7711
9325
6800
8047
3921
6863
3794
8422
239
6761
3643
163
1288
7649
6290
6536
4523
5547
748
8682
2044
4034
7594
670
5088
7729
6891
2251
2174
7919
9095
9589
3693
3773
9971
2452
5918
1341
8728
5138
3403
6675
166
4776
3959
4783
1796
2569
5649
6270
5177
1228
9099
9602
8732
6599
6084
3412
9836
2998
8251
5737
5578
1107
6938
1348
1864
3855
3252
8076
8678
2660
7565
7938
111
1843
8517
2673
6144
1434
837
162
8116
4890
2933
4199
4593
8601
304
8461
476
5885
2355
5320
3593
1764
9846
3063
5538
4464
2826
3222
3142
3718
128
3636
4087
6398
517
2057
5051
7356
7635
2750
4094
925
5002
2298
3871
9757
1876
5748
9409
7149
7327
5331
1642
1752
2114
5811
3265
2619
1004
691
3250
389
2332
9678
4210
7484
9832
3829
4362
9901
1782
1192
6724
4861
6466
7034
7685
5785
2846
8779
3805
7387
8664
8239
6222
6687
6819
1910
8041
2242
8217
4785
6311
9114
2434
740
4221
5119
4206
942
2445
263
187
9655
6118
9975
7236
214
2261
8114
203
3822
3661
7107
6917
2717
800
2487
5433
4396
6807
1442
7393
8805
9229
6101
9771
5258
7596
5135
5929
6553
6255
2127
4787
4143
875
4880
5082
4772
7288
1964
5138
4569
7231
8397
397
497
3691
3635
8094
6646
6867
4963
1809
8793
3312
5200
7073
9820
1063
2049
8672
3497
5073
4421
4812
2347
4948
1485
5299
1937
1216
8498
1951
665
5681
9486
8876
3768
1360
4006
2489
1023
6788
2290
5192
6788
8762
1426
2327
6645
3188
6257
2731
7822
2311
9771
9082
6459
8912
4273
7300
6763
3848
5792
265
4061
9772
3433
493
5199
479
2367
4938
7886
5890
8710
5548
5178
6196
1513
7470
3371
7518
5529
9155
6553
9460
563
7192
6098
9372
4744
9134
5477
732
1022
3160
5778
1176
8199
9618
5530
2399
9276
6662
7119
5489
962
7340
8636
1426
335
8090
8407
1578
2033
2170
3608
6271
6136
4415
4120
2402
6918
7952
558
2049
8182
9269
2139
961
7315
6655
4231
2019
4608
5421
904
6461
985
3213
5224
4441
4318
5129
1451
5282
8843
6519
3928
7397
2001
8699
8258
8765
284
8930
3872
5745
5391
1454
2006
8970
5022
3739
6355
9455
2502
4015
4924
8540
6929
2748
9866
952
6668
1474
1223
7608
3147
9839
7689
4783
8078
1114
1483
7760
9160
8577
3513
9601
7350
4446
7164
2968
2190
3944
1547
395
5402
6258
9068
4533
4882
960
7940
7363
2917
8020
4430
9889
2100
3431
9470
6334
3416
1104
6250
771
5707
8212
8851
5708
7010
906
7458
9571
8063
9536
8999
3398
4357
1887
9518
8201
1855
1694
976
9977
6167
8841
6692
8693
4184
5945
8540
8875
5563
5475
2748
5577
1020
634
7109
7471
3734
6215
8606
3684
8225
4320
9584
7593
9135
4765
7245
375
6182
8031
1623
7706
6532
1733
7103
6395
4881
5147
2028
4348
2607
6469
8317
176
8962
5407
2899
3825
1155
7554
9281
5937
8957
3405
2336
5269
9148
9144
6653
7049
1886
1708
8452
411
7766
6255
8112
5993
6491
4983
8126
6070
294
9545
6471
9146
1091
4043
826
7420
6789
2832
9989
8888
5156
5882
4881
5634
3652
2859
3187
8165
2079
1707
1228
5198
9857
869
2219
3411
7360
9249
7350
5493
9847
9367
3208
5702
58
9157
6847
772
5636
497
3249
3855
4877
272
4399
9463
4072
7542
6245
9581
9965
6183
6051
9031
5259
1524
2373
4518
2532
4025
6308
5422
4870
9417
8394
7721
1776
8357
5414
455
227
4729
6550
4926
2253
830
7457
7398
9425
6126
9958
446
1102
1640
8753
5682
6217
6409
5064
4229
8256
6883
6212
5044
8537
8437
4552
3591
6199
7948
3563
4342
3763
7460
3913
8302
7640
7500
3917
3656
9415
611
4384
7392
361
7205
3834
4726
5877
9003
9724
766
2616
9803
173
9453
300
1561
1640
9584
3742
646
8839
4033
3437
735
6232
7460
8484
9287
4825
9646
8223
201
7461
655
3481
2400
770
3927
8394
8178
1770
8223
1981
7341
6027
4978
590
15
4119
1872
8745
4993
6027
4180
6748
6193
6162
6545
4047
1835
3802
2577
1550
6419
5266
8001
5932
7241
7106
4553
238
4456
6165
3168
5609
2408
161
3927
4421
4530
5186
2521
7196
445
9699
2514
1322
2032
9342
533
3886
711
6049
3307
6272
4312
6133
3360
86
268
4339
8723
6619
1698
8811
8444
2604
8216
2473
5822
4165
7766
1019
7945
5029
679
2724
6243
2158
1849
3646
510
8790
631
549
2617
1813
1698
8834
8705
6904
2626
4018
554
3916
1225
3876
7003
4129
7809
273
2853
7493
3494
5535
1453
9066
6807
6292
623
7540
4106
3887
7217
1078
4792
1338
5114
4810
8816
2000
6344
7756
3203
4639
5311
7290
6446
9180
5945
5291
5769
7183
4472
1314
3787
7633
2342
9416
278
5874
8690
9162
676
3464
8400
4237
8149
1496
4037
4545
8011
444
998
3871
7882
3040
1687
8851
8349
3048
7897
283
4558
6259
9927
8660
3860
822
3424
2567
7108
843
944
512
4579
6740
276
9802
2596
8631
1608
2673
4660
7670
7766
203
8001
6032
9078
2166
587
4383
9750
3288
7542
2887
9387
6425
9985
7188
7018
9692
1211
8465
6981
6629
3744
4733
4489
2877
3295
3295
8452
3412
118
6445
6467
7988
2998
1565
2752
8408
9868
3182
9930
4594
8360
1061
8732
2327
6464
1857
9194
6999
5496
1239
8133
8944
8876
3800
1149
632
1811
2312
453
3407
4393
5761
2152
3248
8356
6749
5518
1817
4939
6532
809
9928
708
1733
3861
4850
7727
8840
3760
4884
2995
1672
218
1802
8277
8191
7572
9153
2019
9970
6722
3432
6500
5114
51
4049
1438
3010
3146
5745
7203
8864
2190
7756
1532
291
4444
4545
1372
3241
1470
8829
7314
7183
3118
7899
649
681
280
9810
7002
3895
6637
2044
1214
7833
6308
478
6805
3514
5571
751
6242
6173
4540
5721
4285
2379
5955
8177
8150
7531
1759
6896
4125
9093
4577
2049
303
2047
4860
9312
1506
5761
4431
803
5659
5206
5402
5469
3257
694
2845
724
5545
5845
2818
7412
784
7798
6280
507
1446
7696
7446
2597
5200
3546
1205
5461
6604
3039
5207
209
9538
8284
8318
6069
3066
6103
18
4211
5633
1445
3414
7704
3861
1267
726
2090
9365
4908
5684
6163
6031
3295
6027
5136
8623
5755
8351
8776
9648
5138
3725
8455
9995
9200
3070
4765
4954
5376
4909
7900
7945
4301
8165
319
6035
9040
1203
3843
9825
2028
7782
4335
1432
2716
4699
6910
5621
4274
1524
3148
7615
1785
6233
9567
7414
8806
7179
1759
1655
6159
448
9667
7924
9192
3846
4842
7043
30
6997
1670
1913
4225
1573
8227
3522
5644
795
2453
3733
9385
2720
1180
4024
7014
3569
3365
7091
5260
5527
2126
204
4024
8013
1750
4450
1014
4135
8469
9500
6081
358
4322
7563
1961
3802
4882
6282
3900
6840
4304
6716
171
7580
8751
9036
6341
2092
6636
6556
8260
5824
976
289
23
7001
7082
653
6077
7017
528
7416
1352
8714
7747
374
4435
4271
5365
9022
7012
6863
7753
3471
3825
8577
2688
7976
7552
6026
3103
2505
9983
6785
9217
838
2918
7419
5040
6511
6251
1497
7980
8476
3100
3463
3352
9239
852
4455
4032
8350
6681
1690
8096
7178
390
280
328
4463
757
4632
440
5043
8723
8609
3127
1032
5616
4513
7367
4915
3544
5400
3344
9103
5883
4252
4968
5203
7500
124
1591
4252
4502
275
9130
356
7421
8096
3893
3325
1361
7261
877
4809
8594
848
4904
9178
7074
9601
324
9716
1369
5690
5039
4463
4353
6065
389
4830
3313
107
7551
2947
8708
5697
1881
7045
6981
5601
4377
8428
2829
5978
55
5784
7687
1697
5665
3662
938
418
9002
3529
6834
782
8862
3579
2106
9814
481
4005
4306
3099
3766
1690
1622
6653
842
9923
158
9782
2984
9768
7549
5482
2356
4196
4965
2852
5048
3707
4622
9254
4872
7233
8090
6488
3780
981
5739
8346
8180
8269
995
2231
1016
4606
4656
7171
5700
3032
8489
6391
9757
2048
4988
4428
1233
1026
1715
1316
678
383
3139
6666
8257
8402
6327
8073
6393
1041
5960
1531
3555
4428
5791
7422
8100
5175
100
881
6192
4634
5422
284
7379
2736
4083
3272
939
9872
3264
4478
339
4234
3418
4317
9643
9707
4129
9173
856
8936
8185
5436
3222
1448
3528
4274
3633
231
4145
334
7824
2369
8106
8580
9535
2960
2179
1743
2909
2722
7860
8757
3862
8853
3832
6475
9649
1325
5458
5460
6409
4467
7883
1093
92
3134
5132
396
3890
1670
4151
5072
4368
7015
2603
1641
422
3578
871
2567
2380
2126
4700
3203
3798
9273
9435
1343
821
7881
7710
7010
8261
4161
5987
5574
3193
500
7206
7557
4676
3278
9054
8187
3295
5548
5946
9987
3449
9850
3955
2312
4826
3527
3543
2803
776
1816
6122
6953
106
7776
3659
3729
1640
653
3148
5353
2311
5197
7143
9236
7438
7101
1916
2357
6366
5019
8294
8283
3083
2537
4612
1965
8160
674
9637
8080
6994
4994
1719
9745
4335
2828
3951
2846
9298
2564
9541
4584
473
3820
76
8242
5330
9627
4520
4877
555
702
8350
1599
8931
5801
7655
1497
8083
3552
4660
218
2883
7114
7153
9959
6883
9193
7844
786
5860
7133
5027
8151
8189
1035
2453
9340
8958
351
3032
7127
9476
1942
366
1410
8201
6543
6867
3129
9006
4796
7135
6072
2685
8789
9532
6204
239
4163
7619
4027
1655
9916
8232
2371
3927
9606
6486
4831
7408
8793
8597
3209
7170
4646
5457
7166
514
3911
7997
1133
8432
2804
7382
8138
1611
1699
3269
294
956
1676
1625
5605
4786
2290
6767
720
3968
528
8418
3181
5631
3069
3967
3454
6349
4078
6629
9276
1911
1605
1202
8948
8757
5151
9393
6484
6004
1061
1119
8347
1839
9939
1053
5250
1394
2664
824
1803
1094
3033
4499
7298
1226
7782
1326
1828
7455
9463
8872
9052
1887
4600
2886
4958
9113
6608
2310
3423
3356
9717
4258
1202
1330
6393
2930
8078
2494
3962
1679
9948
3668
5680
2247
7969
5122
6002
1737
8403
7622
4776
1488
4071
3159
6633
7045
1296
1679
6496
462
3697
1672
4242
189
7120
3241
449
3988
1398
2622
1046
3630
8707
6783
9308
9273
476
8540
2797
37
16
1666
3253
1772
8553
2685
1391
6346
9222
9841
7723
6563
8734
5740
4449
7200
9734
856
4997
5989
2120
8789
7530
775
7811
1940
961
3823
9699
6949
517
6081
6482
3549
7671
3526
2869
6780
9324
9891
1134
1452
9318
4664
2876
9184
9490
6249
6611
8866
6602
3610
2956
5896
5239
1817
6205
6586
732
6517
1928
3809
727
5676
6764
4081
4940
215
3421
9617
7221
9679
9175
8427
6332
5090
8981
4103
8459
3834
3492
1597
9405
4452
2513
5754
1729
8383
5552
7023
2584
539
6379
3489
7475
9441
71
436
5435
618
8450
6982
3940
800
1354
5123
5299
3673
8077
907
5061
5954
3902
6215
2043
8607
1098
7064
907
5168
9430
6583
7774
8225
5069
3896
607
6319
1552
5122
4283
3507
9565
4686
4159
5681
9380
4416
7829
7138
2930
2675
7866
108
2111
83
6468
7014
335
2866
7863
1838
7405
2651
5390
7088
3045
8523
9156
7640
2577
9902
6320
6147
2874
4666
775
9076
7082
3898
2446
1989
3474
4446
8648
6413
5426
7672
7479
5888
512
5466
4548
2727
3860
6023
256
5487
3238
7322
4912
5610
9847
2932
2070
8857
857
4536
8602
6083
3994
780
5089
6138
5802
1802
1817
7687
2276
4724
4881
9416
7530
3585
9414
9167
5613
403
2188
9961
9936
9148
71
3743
337
7515
1961
646
1276
9525
875
5317
8051
5327
5388
1800
8009
6361
535
4727
3036
2077
9146
5515
7542
119
217
4284
1527
811
8966
5568
5984
8425
6073
4698
2739
8672
8746
7561
9958
3249
1168
5947
3932
3254
4858
661
9640
5072
8955
3094
8587
8025
1863
5267
8979
9820
4251
259
3134
4850
7414
2822
1707
8118
3871
4528
552
7965
466
8301
7179
4301
3857
6141
146
1861
8970
3058
1619
5001
8790
8903
3903
8697
7396
844
7702
4852
8268
8426
5318
9846
5946
5427
9346
9560
7026
719
9328
7119
5519
6265
6057
1088
4303
9104
4600
8794
67
3812
5806
8024
5413
6469
7730
3223
803
7121
5079
5822
8976
7543
2521
4665
1322
2809
9810
5053
3984
597
8992
6057
7445
4265
7410
4731
2740
4493
1279
363
6334
2388
4321
106
8505
1290
6115
9109
9523
2107
7722
7765
5515
2422
7816
8652
7118
1161
4352
1628
147
8686
9348
107
7912
5692
6020
1237
9707
908
4711
9383
3140
8771
4945
6535
4024
250
6110
6762
9619
552
5428
2902
2529
3642
6946
9749
7943
1821
4582
3244
7081
6313
1898
4394
5719
5680
8613
673
3830
9076
8708
3534
2728
1841
2152
6203
9513
8973
8047
9382
1236
786
2583
6108
3108
2921
7371
8926
3172
3603
7386
8354
9552
6673
2011
2809
5350
4501
8897
526
1096
2481
6284
1395
3084
7785
110
8740
1067
4753
4924
8488
8915
9219
1780
4138
2059
9688
8870
2496
9474
2388
4206
4568
6882
3722
5423
5120
1285
259
5300
1508
1277
9760
9818
7389
3349
69
3282
8645
7450
329
2231
3621
300
1126
1112
4820
1608
9200
9974
7049
3905
7239
9423
3423
1478
8635
8123
4558
6865
3681
4704
8624
5187
7238
2419
4043
8185
283
5847
4629
3305
4935
3195
5552
5105
7925
7100
7751
6193
3048
8596
7764
8563
6328
8164
268
8768
924
9885
4101
2518
6229
8979
2031
2632
9102
8419
8638
815
1420
7730
7684
2431
3558
8516
2328
9688
2145
5217
2308
9041
4432
3450
6494
7037
3619
7765
1091
6411
3385
6629
2649
8480
9785
2029
451
1699
1934
875
1798
3689
1934
6418
6514
9662
3348
2525
838
6539
3109
9489
4307
2141
6505
8310
6840
2198
1649
8406
4663
7992
670
4322
2548
1604
958
1053
9476
5263
8183
3955
8122
4115
2092
2239
4765
3022
1573
2648
176
9136
5732
4477
395
8082
4244
8935
9440
731
4921
5790
3820
3028
775
9892
2933
6126
2959
6990
9216
3805
3544
843
5059
1318
3507
7222
2139
7635
6599
821
1973
6324
428
1121
304
367
2907
9405
4075
849
6814
7336
5982
6249
2250
1877
7515
8300
3641
8897
4223
6359
373
7848
8539
1197
7274
7202
8883
9914
1973
3947
7149
1720
6744
5195
5426
5097
9353
8416
5927
2249
4089
8816
191
8541
5243
9660
5632
6714
7645
7455
6444
3460
2330
3990
4196
1517
1555
4908
7909
8094
7920
1371
8236
6340
8404
967
2079
5100
2452
321
2241
2606
7167
7585
9640
90
8728
9650
5376
4749
6125
4774
7945
5650
4134
413
7836
9248
4212
4650
6165
698
122
5619
2738
8713
1661
6744
9425
7377
5341
2581
6843
3107
4208
7207
6880
7343
5560
1021
9139
1938
5748
7326
5257
6882
8759
291
5566
6512
753
7631
9841
6815
9379
4407
9161
6935
511
5122
8492
5293
4295
8534
977
9788
9037
5976
0
5526
7878
6936
8085
7100
5768
2051
9539
7173
2391
1491
4810
601
1897
7647
6894
6399
3314
9772
427
8662
690
5367
6283
5970
6955
205
5021
6498
8128
2121
4972
740
1561
9905
593
3011
135
1845
3158
1228
2493
6826
5755
9567
5095
7288
931
9674
4491
1886
7200
6562
2737
8917
5607
4037
4058
6749
6620
5419
328
2476
5685
7260
6711
4988
4027
8001
1706
8260
7536
4421
4916
7268
6675
5107
8129
4627
5768
8149
2411
3123
1954
5315
5986
9456
8771
359
4338
1351
8377
6807
1875
3762
5936
5131
5626
5422
1385
6339
5811
6956
1795
1793
3722
3990
7133
4831
5915
6038
2951
5271
2032
4546
4422
5999
3482
2239
674
6096
6858
1164
9371
3430
7290
9137
7051
759
3870
255
8283
7301
7808
8676
638
7275
4193
5330
2580
5474
3326
139
4861
2952
9448
8587
3598
1447
8133
7494
8316
8588
3209
6550
8322
2576
7783
8705
9024
9449
8892
2497
4293
4982
5907
2018
8709
3425
1355
2006
6528
6992
9248
467
4185
5811
4682
7019
618
3607
3970
6556
9996
4413
9874
9705
6490
7291
1319
1666
1150
963
6178
1791
7599
8200
7208
9032
3179
775
5281
7768
3106
5733
4884
2791
3813
1984
9927
7720
6266
7696
8007
2283
4833
1316
6396
7246
8678
6509
4833
8040
1206
8915
2249
7359
6298
1405
399
3817
9840
9176
4005
1031
3771
6177
613
79
1176
101
8898
3724
867
6751
9807
8828
7518
8772
1477
2775
6917
57
5549
7619
4896
7233
6068
6306
7243
5536
4912
1649
1100
3163
8088
8723
4810
9754
5553
4965
6752
5298
3120
9937
5023
6398
424
5667
7024
9047
9113
8047
6865
6804
2962
6077
70
1082
9077
2178
4376
4266
3260
8754
6610
6226
4411
2342
9300
4617
3362
3589
447
6411
6405
2721
2484
8570
5322
1682
6911
8738
2029
2662
8961
732
5268
4180
5142
7116
9349
7345
8308
6589
5521
4199
8678
4353
9892
1435
2645
5112
4577
3642
3571
1210
437
6248
2905
829
1499
9043
8602
2852
750
5344
410
2621
6022
1849
327
6446
5255
917
6872
9939
4225
6771
5310
2916
5478
9999
5507
2800
9062
5090
4001
5651
5416
5708
2378
1520
448
3692
95
543
9169
3559
3624
3827
8985
4169
5651
4605
3632
3753
1493
8121
8698
4446
7299
1165
9148
2254
8526
7761
4500
7399
7636
6673
4606
681
1175
9641
899
8055
6371
4701
9861
7275
9341
1840
288
8663
111
1052
1810
9477
4119
6794
6833
8088
797
9155
8885
5950
7634
6480
9151
2833
30
6256
8026
1357
5994
6765
11
2325
7325
3243
7310
7276
4850
9329
6193
1856
1253
4720
3987
791
5035
8951
2342
5656
5615
6449
673
6783
9383
7273
1229
2199
4267
2896
4335
9448
4586
5879
7610
573
770
1380
8742
8178
5105
690
8319
932
4970
4671
8426
5532
2734
9422
1616
1549
6454
3749
4500
1027
408
9375
9438
1972
3962
2540
518
3609
8586
6480
4128
3142
7110
9852
635
1319
5521
4277
7681
3645
4619
9673
5051
7630
3014
8643
2301
5858
9852
5347
4006
5544
5541
6740
2889
4819
3588
4183
1233
9789
3024
80
5392
365
3552
2565
6901
3779
2846
2378
477
8674
5565
5686
1276
1403
87
1753
6480
9904
5585
8123
6149
737
3291
8850
947
6917
6160
3805
5986
3423
3355
6492
8752
8885
8366
2252
4857
863
3802
107
602
4624
9530
7846
425
4866
2290
2408
5213
2462
3935
75
288
45
1464
4081
2486
3114
7753
2575
7550
6109
9442
8798
2428
441
6484
1653
1563
1511
3277
6407
8668
9662
2557
8390
462
750
3729
7014
8665
1699
2380
9398
9659
4419
33
4361
6897
5352
9797
5719
5913
5595
7036
6676
1744
4316
2067
9929
1041
8487
1797
613
1889
2975
7202
1914
2556
4289
7390
7932
9542
28
1232
1746
8149
1579
9103
5919
3632
6227
8317
1227
913
1191
6235
9571
1935
8700
9202
8284
6422
9039
6984
56
1898
7152
5564
1758
8282
8847
1128
9497
7489
4273
9320
1298
6116
7980
4370
5520
4452
4925
5190
6981
5742
2803
9650
3808
5806
5446
6928
4327
983
2200
2106
6921
9624
5171
3884
2220
5902
9487
4908
626
2872
1322
968
1217
9333
8467
3837
7376
174
9760
3565
2156
7352
6277
8778
8174
8886
6776
5207
5873
54
615
947
2590
6851
1271
5893
6713
1209
6413
6632
243
6865
942
5743
6972
5991
454
8031
3408
6255
8269
9374
7490
3422
2332
9702
9223
5165
8133
2444
2651
8297
357
4184
4988
3736
6313
1306
8939
5568
8168
3619
2151
6450
5262
6195
8011
4920
9584
4244
4807
5871
747
4138
885
1061
3764
9076
2197
9108
9687
5600
4812
2235
8150
5832
9853
753
5591
211
3822
7824
8327
8240
4090
7442
2217
6988
4005
7810
366
5383
6286
1770
7382
4414
5538
8928
4759
5258
2837
7363
8932
5495
9919
1406
8532
9693
6260
7208
4591
1464
8693
390
6291
6303
8406
9290
9396
4113
2830
3022
6964
4465
7828
2352
6991
551
2352
8060
1275
5790
9209
9998
3161
6429
956
9422
7443
2577
328
403
3764
5479
9841
1379
6062
8806
8368
3525
8730
5798
9734
3000
3333
663
2036
8618
111
4879
462
6372
1009
2828
6969
875
8786
5326
2677
3881
5940
6875
2654
9447
877
6562
8121
7100
927
3681
3386
6284
6525
9945
2060
3491
2670
9392
203
1852
6832
2174
1565
7296
530
9054
6604
374
5382
4781
6115
8286
3814
5878
8923
187
4806
1497
6682
2252
5383
209
4020
1801
6254
9677
6178
9951
9896
1449
5218
9593
5548
2818
2893
1678
3645
1560
3408
6460
6597
1719
5070
6177
409
8134
5625
23
4227
5761
3393
7256
1456
3493
5223
7525
4075
6022
8007
2359
4859
4938
2461
2421
1528
5981
6712
3830
9823
2788
8388
2447
4484
7405
1183
1295
1255
6872
2046
4506
9018
7139
4666
4588
7815
2255
2669
7670
9889
6009
7917
6109
3428
5042
6576
8588
9830
1585
8921
7913
3682
5977
6538
8351
2295
2929
290
1193
6539
3523
2717
9836
3782
8098
8556
945
5129
5380
4453
8021
7143
4719
1485
4020
8381
1721
2826
914
469
3498
8160
2318
2819
6377
8883
6225
3241
2764
1111
5570
1838
2594
2295
2729
112
9128
2853
2312
8758
7240
6251
5307
4353
2586
6371
6961
2336
2307
4192
3900
6298
7217
5020
4687
283
7795
6195
2116
2662
6967
7985
2298
998
3635
5935
7046
297
9036
9495
4507
3603
8349
9234
1382
3536
3356
3634
2981
708
4183
6937
4737
48
5828
9015
117
79
3790
4906
8984
8059
1131
6804
6131
1432
3129
8451
4539
3163
8545
6972
1781
8025
825
9932
6667
5047
1433
9210
7787
8981
1762
9686
1878
7612
8729
3025
9068
8397
1428
44
2820
31
3548
8092
9383
5651
2561
1195
8578
3787
2897
3104
3526
2020
8006
8714
8525
2834
852
7298
2660
4835
5237
3049
3096
2291
2359
817
9386
5472
8120
1844
1594
5706
3366
6809
4070
8605
6825
4537
4273
4717
7859
6701
9337
2721
1273
3245
8883
8210
6750
2469
8741
4650
7601
9963
168
4046
4673
8931
2939
1488
4765
6251
4033
3369
9272
815
5731
9359
7990
7877
3608
3297
4200
6564
6353
8293
9586
1914
3074
6179
4309
6588
4825
8571
5277
5706
6645
2090
5249
1066
9909
39
4235
6049
9084
3354
9168
1733
6907
2619
6091
4322
8343
6790
376
4606
5761
1989
1031
6796
8012
2290
5121
7938
2531
1241
9306
8138
8471
3912
7857
5680
8393
2463
9566
368
1134
5746
4198
8802
7116
5060
1824
7951
3888
6134
7974
6416
4122
8472
8451
1702
7840
1295
9025
2936
1784
8123
2853
857
7152
836
6488
8647
1877
4902
5517
4304
7420
6633
476
1344
8883
5716
7759
7214
7243
2441
8510
58
9816
9693
533
6682
5024
2782
1199
3146
6508
3417
9255
8167
3976
9932
1107
7958
7859
431
7289
4205
6828
552
9034
3587
6544
4022
2247
7160
4784
2821
7024
4413
2494
7974
9999
8462
8760
5327
5620
498
7694
9899
5201
7835
6778
7790
3770
8850
1573
343
9149
5439
530
435
3652
2119
7278
2807
6947
1713
7654
8278
2846
9477
5879
8557
5237
8827
6015
301
5070
2313
7422
7137
4128
7463
7034
3744
4371
4453
9936
4290
2445
6456
9825
388
8624
4477
4727
3099
1119
454
2763
4154
1602
7040
3397
3998
9073
1610
7309
2010
4843
9730
1171
84
7064
3158
2797
6463
636
9683
5843
3984
8905
5734
814
6254
2659
1964
364
7203
6837
1406
9341
3047
1327
2601
4858
3756
8915
2572
5731
1217
6372
6303
3210
8620
5832
2028
8602
4418
7960
112
728
7638
9103
35
9258
883
5197
8162
1713
2335
7158
9988
5686
2789
4217
7644
9423
3541
2029
8546
6469
5396
7227
9243
2265
7510
8894
4864
4156
8716
1295
9367
208
4727
6989
3825
5102
7306
1893
5139
4529
5546
1200
9990
3403
9341
5817
4390
9945
9009
1384
4561
8834
7060
2488
1067
4656
8783
2930
6122
4551
6006
3056
1658
4689
5836
6970
3373
9706
1508
9847
1964
2567
9204
4858
5749
4481
6974
9597
292
8101
2731
7956
976
2171
6519
2946
7216
6506
1769
7274
9697
763
5151
1861
9099
280
8085
9497
7244
7151
1067
5275
6264
5027
866
5404
2995
3963
3756
4276
9278
850
7057
1877
7589
6745
7619
3331
6610
3176
5721
6351
7146
4024
5691
1864
145
7305
6823
4052
8582
1081
6847
2312
8186
2979
5988
1383
9056
9297
4149
7609
6942
4760
612
1202
9224
141
211
286
9919
6074
9494
5545
7658
8441
1199
7334
3697
8166
9718
6410
2686
8946
5673
2455
6231
4823
4936
9476
1357
5905
1926
3545
6160
2880
8668
8786
254
5495
6626
1592
2250
2086
8262
9950
2618
5789
3560
9815
7513
7161
5717
6546
3134
4869
3325
4018
1628
1659
3152
1986
2113
7494
9011
3623
4851
7200
2445
894
2817
3316
2560
7678
7815
8343
9594
7563
3457
1379
5665
3774
7890
5764
8673
3333
5303
2656
2227
1719
276
9913
8277
7921
1617
3627
9736
6715
1858
2860
6053
695
5070
7115
4898
4028
2523
2486
7783
5334
3643
1895
715
755
2947
3585
7962
8317
1423
2956
280
8647
4319
6302
47
1314
4263
3874
5294
4345
5399
908
623
403
9819
1116
6726
5141
9338
5246
1927
2271
7276
6061
5566
267
6737
8798
6921
8945
2757
3345
1218
9215
8876
7741
4057
6396
9093
3554
1642
3831
74
5448
6188
4491
6335
5974
9989
2312
9576
5657
4320
1524
1820
3689
3169
9282
2348
7199
3457
9139
6562
1198
8995
3231
4533
4106
9506
5139
7116
4471
7228
3570
8346
9193
3265
124
9687
3221
7998
3762
3353
5589
7482
1761
8610
2485
3388
8977
3031
2228
4119
6012
72
1764
9981
7379
8010
4355
8025
6006
4141
5130
3268
9105
3514
2752
1623
4460
3729
9415
531
4368
7046
1819
4972
9753
892
2825
4627
4208
8409
125
1978
2721
5261
2873
5480
2239
9398
9268
5802
1088
7695
6290
8454
8278
128
9457
3479
6036
1515
5632
9195
6317
6263
5883
4102
5211
1787
80
806
1431
4053
98
5974
1756
3707
1320
657
2455
1679
4124
9173
465
8930
6637
1020
8120
5501
9171
144
3770
1951
3730
833
5936
2680
6832
2218
6142
3395
6651
278
8986
1442
980
9182
609
1640
4557
817
5287
3373
9457
3696
1759
6826
5520
2168
5566
9881
5198
1772
5502
9338
8386
1255
6386
5865
1975
8610
4022
4305
688
3520
2103
7905
3993
1720
3537
3186
4791
334
9991
3864
4916
16
13
7129
1678
3543
9117
972
6399
8308
9841
3922
9248
3730
9605
2175
7931
3992
8257
4236
1442
7701
6600
4722
9526
2201
9256
3370
2184
1683
4768
2014
7387
1476
5892
8737
992
4327
6712
6068
3537
5188
1156
5684
9406
5432
4225
7406
9954
1342
5068
5184
237
5701
48
6127
5573
9487
7826
15
5736
1321
5355
8255
7329
5525
4790
9151
2636
4784
8285
4968
6607
10
862
839
2251
6505
8555
4764
7530
1618
4006
7343
549
3215
3190
6370
5368
2680
9139
3298
5420
4582
5419
1192
7045
9952
4771
4419
666
71
3908
5414
1493
8185
1073
8384
2102
3160
7220
2239
9295
9764
2544
5030
4320
7054
205
2274
7851
6845
6016
1698
6192
3233
2019
2140
8492
6904
6121
1596
9708
5473
1700
6858
7027
5697
2403
2290
9395
4171
4774
8069
8470
272
7885
3764
4005
1051
6890
6201
271
7668
6090
1769
5362
3148
7109
6513
1823
1015
46
3946
4415
5355
1968
95
3971
4186
8677
2251
9823
4125
1895
3267
4792
3614
6879
661
2475
6450
2542
9502
2891
3585
1794
884
4888
6691
5652
7611
7366
6561
3248
4520
4487
420
2833
3373
5258
8849
9816
5917
5306
7955
7169
4838
125
1605
4832
275
8719
7280
8171
9985
9720
3502
8141
2829
5068
5285
2477
9702
1997
3393
5102
4412
7150
8864
8800
4712
9502
6934
2338
4180
7668
7083
6147
6789
3015
3377
9474
1230
7232
1484
3841
7838
569
6854
9026
1773
668
2804
20
1997
7681
4502
5885
8847
2655
8321
402
1116
2074
6829
1674
2905
3916
4066
7369
1803
4721
2571
8645
8490
9915
1515
9319
2777
2993
1006
1955
667
5357
481
4707
4770
2204
3044
419
5868
502
8724
9533
8718
2316
8807
592
6556
9467
480
5435
2609
872
4043
137
8553
1913
4682
965
9448
6316
5429
6781
9644
6540
8388
1167
1608
4243
1970
4291
9988
4002
2733
1442
7618
7324
7255
3140
2972
749
3409
1052
9061
3776
2808
7528
2611
8701
3965
9918
1476
998
823
4879
8457
9414
4586
2695
5090
9278
9067
2360
8142
8555
8883
8816
4648
225
9321
2521
1709
1081
7824
8948
1201
3113
2341
7360
6163
7272
4736
5085
3029
9193
2779
7
8581
59
4491
9128
4000
5074
2370
2600
4736
105
2308
7692
5137
2416
4074
2298
1174
4415
6785
8323
8245
1048
9665
7079
3161
6110
8691
5061
6837
9847
5757
1963
5509
1084
5457
7493
1357
9239
1373
4745
3112
1410
2028
3308
616
2662
1887
6924
3107
3752
6831
1749
1907
9054
2289
4651
3041
5258
1725
6052
5102
7573
5056
9024
6474
3553
9666
8608
634
2135
3496
2806
7150
4381
9095
9548
4679
5616
5487
3768
4595
2862
3438
3480
510
3054
2220
4845
9338
6097
7898
6473
9647
9111
1383
7661
2357
7806
8112
6728
4005
491
1018
5765
3052
1694
5312
9439
5580
1302
4560
9535
7782
1000
145
9074
8226
255
3587
4186
3470
766
9441
3489
624
9697
5030
9145
8401
2796
454
7510
4831
7451
8905
4774
8464
9858
7526
5388
5208
2970
7961
7315
7204
7451
9421
866
3188
3548
8958
4088
3519
9046
116
4521
5040
3280
9844
7890
5382
4485
4991
8385
4061
1411
5528
2672
6667
3879
9872
2094
1202
4084
4466
4612
9238
7090
7675
346
5084
1955
7287
3727
4719
752
7843
8085
4451
217
9216
80
9250
4414
4462
5883
7184
2562
2571
9409
4215
9795
6560
5748
5379
531
9403
8602
1666
1005
3573
8217
1028
3296
6815
1027
2275
1602
2249
6377
4568
1860
7560
8223
3851
7042
8622
5074
9475
3030
2529
3894
7497
2053
8087
898
359
5432
490
3984
7336
4433
3225
1856
1577
3162
2205
7333
3212
3634
2944
6945
9875
7880
7544
8322
4316
3573
2687
7788
7712
2399
7609
7254
2088
798
1872
8259
6820
3145
6900
3879
2570
2053
809
2323
4957
2101
4060
2412
9308
3671
7049
3202
8362
6666
1815
6066
2587
7112
486
5734
2272
7136
9245
4916
5367
9687
9655
6379
297
9833
3352
6773
6189
727
5512
9029
9755
3350
2048
7494
4499
5107
5206
7850
9253
3043
2586
2924
1297
4345
859
4724
4798
8717
8668
9648
2430
3881
8647
4411
9724
1637
8659
248
1543
6312
7183
8298
901
2971
9797
1801
3615
979
718
48
5571
6655
5186
436
1582
3483
6359
9488
3121
1215
1567
9485
5908
4658
694
6919
6119
8911
7804
5444
68
9554
9763
1322
7035
1074
2836
7200
4698
293
9740
7546
8540
1859
4356
4325
9995
4199
3782
237
311
2948
6480
2859
7219
1557
511
5381
8902
7866
6997
3359
6022
2909
2195
495
5931
8296
3339
9297
1929
7819
6828
5615
6939
1992
7663
5903
6968
5811
3716
5546
9280
8635
1791
9129
6443
7017
7086
9399
3697
3734
1992
3967
2933
7289
4244
4489
1519
3063
4067
8479
147
2317
3816
5421
2852
5068
5485
7256
384
9789
7725
1326
7736
8795
2829
1873
5899
6296
6457
3928
5137
1104
4931
9184
449
338
6817
6772
3976
7845
9514
9589
9882
1777
7231
7827
887
40
1046
8494
9676
3871
3175
1303
7277
5552
4400
4074
1261
9072
963
8214
4892
9582
2433
587
5042
5235
7891
5661
4824
2303
6649
3129
8418
2633
7796
4686
8689
4808
2862
3510
5759
6797
290
9232
1893
2776
8896
2100
5370
3086
4168
4548
1844
4178
3830
5291
6525
5410
2711
2834
9946
8770
7695
6234
9699
7547
4522
7029
3927
9848
3963
8041
5282
6531
7606
6252
8119
3472
3822
7805
2214
643
1416
2058
7519
6390
3293
2666
2833
1291
9468
8713
7597
9403
3480
8104
7203
1773
2404
6949
5129
5149
3529
2407
2315
8557
6248
2591
705
9563
172
7803
9080
7971
4725
6531
6162
4875
5343
1875
1413
3722
725
951
2302
1803
5310
4100
4783
5179
4740
3569
5348
8569
197
9179
8699
6396
6991
3676
6784
4397
8611
9255
1278
9192
589
5757
6493
2786
7909
5551
8403
6076
8975
4654
7077
8013
5057
4175
7592
8104
9168
3759
256
818
7448
2389
1100
389
844
583
3847
6511
4957
5375
6527
3397
7709
3941
1700
3336
4704
3007
9354
6563
5695
4404
6438
3200
533
1806
5492
4469
9935
2184
9688
6759
9673
2298
4732
9802
3180
1588
7328
2126
9492
6929
7047
9862
3433
112
959
634
3302
8580
8635
7230
988
5585
5096
7666
9482
3976
273
2500
7979
2464
6983
6768
9060
432
5704
3687
3378
841
3862
9230
9695
1503
6391
469
4635
9748
5468
9062
8335
1119
5559
364
9818
4031
35
1692
218
5888
4382
5285
9705
377
5827
4247
1279
9167
3212
7501
7763
7149
6494
4257
6648
1877
4443
2454
7218
7986
7599
9103
9864
2315
4793
8568
352
9885
2413
6435
7443
1527
8928
3999
7728
1435
2447
2049
8709
940
6576
3364
4653
4227
3370
9807
442
6385
8191
325
3014
5368
2041
6478
6085
1400
2979
9025
5730
1176
4098
5236
809
7236
9073
685
6877
7863
1993
3094
9623
9573
6528
6842
7405
4123
4573
622
507
3395
9670
2318
6725
8905
3503
1770
1385
1703
6268
4733
4220
5789
7353
5139
1094
6547
755
9241
6897
1998
1960
380
6436
4900
5234
3565
9779
6470
3355
3741
5855
1586
534
8717
1177
4431
9351
2864
7849
836
8329
2002
9812
3468
3881
2950
9266
5698
4568
9615
8202
5104
1074
2420
6309
6011
3432
8036
691
8289
8500
1205
7068
365
6055
8514
3965
4530
3184
310
3693
5873
3236
4946
1928
1532
3385
6341
3978
329
5488
3844
9154
7822
5613
2008
3320
147
6698
7026
7071
3355
4179
1397
2668
5996
209
9421
4234
799
79
518
6557
1389
8340
7597
7827
7247
7942
7483
7786
5218
3711
3020
8432
9278
1632
6399
2837
8042
2272
245
5543
3174
782
6232
7088
8848
1824
1038
1556
6106
389
5626
2794
5192
6033
6781
9662
9761
5661
5569
672
5860
1531
970
9961
7620
611
2991
5306
2166
8257
9267
4921
9956
5706
4579
6891
223
2018
1013
8778
1558
8481
2109
239
5452
2555
8884
321
4579
3809
8170
1673
7139
5968
3523
3825
7074
6524
6289
2534
1727
3715
2040
4989
7338
2305
9185
9550
2740
636
6769
519
623
1320
5953
5838
2440
4346
6306
6073
9821
3539
3271
3002
2720
8077
1647
127
8320
4347
9458
5186
1805
4064
5389
4573
756
5761
6140
196
772
7155
5665
221
3852
986
1218
281
2299
2939
5827
843
5931
615
733
7701
6175
6455
8537
9729
5723
4442
5143
594
3108
2595
8741
6245
5944
3853
2661
4576
5552
2837
2890
3018
2511
1
9003
2717
6507
357
3587
9599
1684
5257
6915
9716
5594
7168
8920
862
8348
2519
8563
4497
9754
3333
1764
9104
1279
1535
6358
7536
8309
3530
1105
6199
5508
6958
1754
1240
1558
8742
4585
1671
2055
3861
6185
450
5803
7724
87
2252
1867
5086
6781
8711
5307
6351
8964
3149
620
5522
9523
6626
7504
5138
1958
4464
2624
4550
3954
8370
309
348
4092
9370
747
6895
3426
4966
7115
1447
5661
1243
8675
7966
2761
6282
6430
4562
9797
8532
1467
6851
5320
8684
5360
2284
4433
3057
2901
549
5196
6476
9277
9971
1139
6316
9068
1017
3204
1381
5023
6456
6136
2487
7109
8704
996
7554
9126
7333
6034
9046
4733
2122
3977
7364
2555
3885
5088
6968
3902
122
6615
1241
2227
6693
1970
7423
6814
7517
5337
853
2493
5284
1921
1716
4023
6424
6626
5300
8899
3169
9163
5867
1774
9033
7543
6403
4947
4315
119
3999
7987
5488
5012
6647
5376
4929
48
5900
3995
4099
134
8848
3653
4131
7251
225
7467
4436
508
8189
5681
6731
5272
951
2749
9020
3537
8693
6739
1756
4986
9340
8791
6952
5750
1285
1547
8968
6263
9138
5395
1488
582
484
4013
250
4
8250
5491
9980
2390
1077
1705
8395
3653
9444
2634
6605
7313
2979
8485
1108
9089
4511
5932
1449
6869
5637
3599
9796
6358
1054
2875
3494
4196
1413
7402
9062
4473
6638
3156
5662
1039
2005
7226
9144
7192
9315
6484
2194
8131
1774
8575
2846
7771
2618
4064
799
9944
5049
2186
8869
2384
8361
3202
4362
4396
319
5480
3146
2364
8998
3665
6693
1227
9644
9819
2007
176
9440
1005
1323
6221
8286
5294
109
2102
3198
1758
4839
2818
1438
6186
7260
9629
8009
8928
5099
8374
1544
8818
7448
8275
3730
4864
5237
7467
1199
7387
4327
4536
646
8846
7730
897
1457
7419
2205
886
4051
2088
3536
593
2060
8683
7451
8607
7269
5506
9139
9237
5442
3119
2934
6581
6996
525
1474
2111
8612
3568
8329
7863
7823
8353
4271
2882
7404
7137
5335
3173
8215
5153
3127
5482
2944
340
1643
2198
3165
4734
3598
5738
9978
7661
7195
4361
6642
7621
547
770
8701
9189
961
9936
8524
4276
5051
7297
2111
8363
8648
5626
9111
8152
920
5081
5431
9108
8336
5459
6834
7490
5823
1921
301
5119
8172
7630
1096
2240
4625
7021
5933
9268
1776
5597
8157
1646
6518
427
4991
15
938
7034
612
577
5181
4895
5225
313
4117
3545
4985
9078
1166
511
9785
1735
946
5577
3998
8656
9461
7694
136
6157
1171
7987
5144
8852
5430
9591
4282
5243
5963
9825
6994
2123
3652
1054
1606
3166
5788
8308
2564
8363
3730
7058
29
1545
1132
4774
1073
68
4769
5413
6775
9307
8314
8206
9695
9090
1678
2436
4060
1733
5163
6547
3207
2316
5717
3388
1512
5091
7239
8773
4771
3915
1167
7508
8294
5675
4429
4344
5708
7432
627
6335
4074
8239
4996
8378
3849
247
1964
1333
9655
3701
2063
1585
3583
6470
4217
2221
279
5306
746
4238
4622
1867
6853
1795
13
7644
8674
5481
9714
3991
1927
6994
4845
2530
5939
87
8081
8904
7589
2421
7764
8860
7984
8776
8608
690
7542
3751
4872
658
2282
5919
4510
1025
8908
5769
4946
7543
6094
7128
1484
5851
7171
6025
1092
1017
6403
3238
3157
1450
8180
7055
2329
3060
4696
8834
8635
4823
8674
8044
3534
7176
4584
48
5475
684
2886
974
6171
295
3030
7438
9775
1375
4159
598
2951
1241
2469
3486
1295
5552
432
6743
7535
2107
4718
9879
9584
9040
1194
8144
3681
4555
3031
4875
8851
9822
2671
3787
7540
3382
6841
4384
9850
9065
7912
5127
9124
1031
9724
5506
1816
55
5107
5078
4988
9899
2617
3615
1820
9901
9070
9186
3397
9397
2868
8321
8693
9154
9552
9131
8109
898
5312
6636
8794
8706
9100
1850
6401
5758
4088
5135
1985
2891
9944
8677
2103
5075
2869
7857
9647
7120
2908
1642
9015
8069
9851
3656
7264
8881
9368
3351
9598
6707
99
250
1803
7880
6638
7655
7092
3521
643
8527
9
2950
1837
6514
8435
5890
3555
2234
656
4783
9645
3210
7545
356
6168
9201
6852
6221
124
5994
838
4698
2763
1154
1755
9744
9187
3984
221
2981
1628
4040
6660
3869
4844
748
7879
5075
4997
2132
8676
7544
9792
5130
2153
3533
716
4798
5206
4358
8176
6053
1850
9723
6318
8551
2974
1175
873
9653
8814
9058
8455
8884
3416
7033
967
4311
2654
768
3850
3647
2475
1723
1610
7249
921
7096
9171
8370
1205
4753
6288
5380
2605
1294
8342
4362
8457
57
4583
3267
4864
9601
4241
7966
1361
3674
1580
3182
2508
8553
3992
5981
1086
488
9131
7044
6951
9630
1643
8576
67
4461
862
3011
5306
3513
5071
9328
3965
3476
213
1037
4104
2943
1196
8702
9967
5689
2351
2956
4323
2685
5695
4135
6737
3970
2801
8812
2016
8106
9423
3978
8667
3071
6904
3596
4491
2038
5080
7112
782
4334
8271
5550
6651
2372
8532
1117
4785
1145
100
1439
4823
8858
8970
6472
8946
3690
6995
9074
1381
8642
4791
8120
1843
2979
5410
5766
8173
5095
5399
2477
8383
9577
9414
5151
316
653
9436
469
2059
267
157
7587
8489
5196
9208
7944
6918
8780
63
2940
121
8753
7897
5357
5646
9087
9638
847
1608
5792
6065
2248
2049
143
4209
2296
4371
7143
4402
9250
8505
1335
5686
3719
5173
2636
3467
621
9132
1809
2944
2165
7760
2598
7828
8132
8410
5999
6576
8564
7334
6830
5214
7902
6833
5614
2764
7889
5155
5534
6179
9001
6418
3771
1013
5625
8043
862
111
8924
6655
7915
891
3939
6181
7045
8607
8925
2290
514
9076
4302
648
2354
2856
1000
8288
1113
6901
3349
2049
8293
3848
1838
4980
3919
6465
4491
1961
507
6872
6683
7127
8578
947
6018
4755
5100
1570
3486
1514
11
7713
6711
7550
1078
3743
5006
4743
99
6431
3350
8462
5676
5378
7374
3114
493
6175
3923
9073
88
2693
9912
9603
1624
5550
4908
4369
9786
6281
1943
8673
4318
5929
5547
5343
8863
2881
7383
4496
4124
6717
3831
632
7534
7474
5885
1671
5373
5420
7641
1160
8091
8690
5865
6313
8253
5671
9656
1566
6569
4387
7902
9816
9052
494
3826
9425
8400
8062
2843
874
9054
2284
450
8059
7069
3029
8308
6199
9332
6547
2044
7349
6491
7302
2173
9531
1387
3153
2309
116
5253
1586
8751
3076
1261
4015
8186
644
2632
1850
1278
7120
1041
8190
4144
2779
617
5057
6283
9057
5284
4657
6403
1368
5746
8106
8704
466
2827
1882
7294
373
7246
1114
9407
5578
1320
969
7205
8206
1304
1731
7108
1245
54
4022
9801
6885
1312
1137
1125
9707
1328
4835
3571
6235
8780
8277
8282
6792
6315
9112
4034
7048
5657
495
2700
347
7436
9848
4805
4705
6983
956
7733
840
2896
3435
7803
8346
9628
3646
4801
788
4907
1189
6852
1180
3527
2450
922
7459
2448
234
5370
691
6527
5813
2526
3351
3026
5643
9746
8377
563
3537
6150
4266
5892
4294
6497
1576
1387
5084
8666
5072
5521
5087
8692
4384
3210
8691
6231
3560
3118
8205
4645
8023
5974
4105
2544
2878
6172
2058
9121
8591
9980
8123
3520
2151
9558
3764
7723
5606
7161
1291
8217
3387
9859
5195
6784
7670
2166
9041
4851
1388
1676
4448
3209
2974
6818
1883
5727
2581
169
6334
479
4119
3011
8465
9684
169
16
6897
2874
4082
9712
6655
3849
1780
6244
2031
8482
769
2168
7980
3091
4969
7826
9287
1694
5617
5797
4376
1875
293
1984
1313
6193
8191
4110
16
8733
5465
823
4821
9001
66
2320
3675
747
4525
2884
5234
4421
875
5723
5849
4383
3011
2996
4770
2226
522
7906
4874
4688
1116
4158
9051
5872
6536
8948
2790
6071
2596
7392
3072
1687
8416
7666
296
3647
2891
9917
2848
4001
2691
7187
2726
3027
744
4483
9351
6360
6080
2985
7479
5465
1896
6648
3611
8594
492
3405
7941
4879
6829
6670
7113
2095
5699
6417
4497
9081
4687
8846
2300
3848
4299
4994
7411
8892
9059
9463
9578
7950
6584
4637
583
994
3518
2135
2771
3291
2007
8279
7633
9209
8737
1197
4321
668
2206
9993
8718
1017
1499
3087
3509
5199
8788
3412
2867
9826
3902
9863
6273
8507
291
4862
2728
2140
6407
2278
784
3103
3982
1255
7505
9717
6335
7224
488
6956
4267
9484
6605
4850
9231
1734
4701
1505
8082
7560
8405
6257
7128
8857
9610
9710
3033
8371
1579
7130
6748
2850
5328
8987
7286
6397
5859
9507
3973
2924
7722
7074
8731
8206
2399
348
7738
7676
5239
3506
1277
9714
4964
8702
2711
2747
3815
9620
4505
4848
5211
2937
9079
6801
4701
2219
7685
5146
5192
14
9803
8918
6782
2539
5581
8105
7427
3351
7357
3349
5136
8548
9106
4069
2595
1497
4612
312
8330
8049
772
6835
3696
8773
1049
2335
7771
5491
4809
9584
4948
5671
4004
2701
9070
5271
1435
2825
1222
6360
4820
277
5890
2293
9157
7511
1673
4040
9630
9241
3634
4850
6964
4371
418
2738
3992
833
372
6410
5869
5385
2175
8938
3099
157
5231
7721
2243
7427
1075
8752
3079
9757
8808
3630
161
3347
772
3283
9471
3230
3766
5290
6517
6933
4263
6486
2051
7728
8019
2114
1462
5516
3753
4669
6125
7609
3025
6707
1021
5783
225
5879
5371
6946
5264
1762
8120
6166
6929
9881
1119
3522
9884
8862
8768
3248
481
3596
8741
1514
3647
5267
7334
8435
3644
4367
4129
5218
2485
4893
746
2686
5904
1643
3777
2786
933
451
2955
8587
1827
7281
9157
1223
3475
9909
4420
6224
3110
1127
8218
5870
5615
6147
2023
9799
9854
6977
4471
5903
8815
483
4352
5005
8865
2395
1641
4782
9971
2328
597
3976
9256
7988
7623
3740
9835
5295
7357
5883
8480
7024
6428
5632
8565
134
4767
42
6259
4223
6131
6490
5325
8817
4258
6613
664
8364
7766
4180
1876
7019
9526
8579
6287
9418
4447
5558
3761
2038
6541
4463
8995
5207
2008
7764
1978
332
9191
8268
351
2681
2902
6274
8833
4805
8552
452
2959
9550
2603
6102
7889
1793
1881
4890
9300
7887
7278
7331
4395
3078
8867
2739
5443
3013
8963
6124
243
3987
1293
4018
8051
1805
7417
8041
9832
5543
9776
4319
370
1653
2562
6545
4801
4374
3874
6229
373
421
6762
1915
4575
2611
3753
4528
7483
314
5526
9218
4847
7315
2558
5509
7240
2202
1858
6852
3945
4280
1013
255
3819
5925
4540
1
7078
7379
834
807
58
136
2635
2148
259
7597
5125
7244
6304
6027
2579
8300
6354
8203
456
8745
7854
280
5085
8327
7294
7943
827
9384
6500
8971
3570
7919
7707
6507
7286
3058
5103
837
7859
2568
428
5970
4079
2197
2013
8783
8453
7049
20
9166
9913
3392
8298
9864
5488
8754
4107
3247
8874
7145
8411
757
4535
2908
6113
4208
9328
5367
1148
750
7365
3657
8892
5800
5074
1273
1518
5385
9697
3661
2974
4366
6930
1879
619
2104
146
2919
1545
123
8177
371
4789
3975
1724
6058
5456
6698
1585
6434
9563
7332
7144
6934
6783
6344
9621
1568
6662
9297
848
6004
8386
4230
3819
3188
1972
287
4499
4258
1491
593
1336
7300
5079
2329
5291
4385
6239
8550
5820
8456
6201
22
1293
9503
8072
5167
7306
3496
3636
7317
1031
7308
1681
9006
6786
5345
2440
5831
6171
8947
1359
7258
9251
7274
4476
1227
369
6884
9411
1623
8243
7025
3593
9253
1797
9344
9312
1413
5810
3246
9529
3154
9637
6820
2639
9976
4222
7784
5390
1212
850
827
5587
6598
4064
8305
5038
5802
865
8440
395
2412
7435
6744
2006
4341
2721
2048
1532
7039
2428
5466
4063
4181
896
278
6134
4786
1166
738
6266
2144
9141
4096
277
2259
4846
5652
7879
3018
6765
6763
9213
4630
3368
8868
1670
2077
7560
6979
5544
9506
3152
8003
24
3900
884
4291
7404
2374
4289
3985
7947
7091
9648
7159
7799
7007
491
4660
7224
7121
9282
2044
7696
783
6668
7730
29
7322
9130
2391
7932
3853
4487
5087
319
9202
2122
3556
241
3341
5207
9773
4182
7405
9053
8472
8392
2383
8439
9901
7289
2080
8251
3681
7329
4805
5809
6389
9867
2938
519
285
6868
4786
5847
6838
3224
8225
2228
1886
7206
3944
2541
9042
1669
4758
2529
5218
7135
2546
3365
8616
3280
70
6645
3013
2709
3242
4508
9021
5875
9768
9801
1836
754
8217
551
4504
1448
681
7836
5217
721
2239
6333
9380
7486
4633
2197
1653
4451
8347
8181
9020
7336
9575
6892
7713
9213
8794
7787
185
2018
1560
1950
3370
8178
3542
4708
1841
2253
5038
1690
5063
3923
8951
9602
1283
2433
1845
1203
7435
9049
5891
5546
4285
8587
8174
4138
2314
8731
2149
7496
75
5042
9448
679
8855
5790
8259
277
379
4247
4197
2182
6038
5090
5328
2677
7277
5136
3116
1865
3392
7206
1481
5163
2730
7985
8734
3234
8283
5368
2395
9121
3568
9492
4291
5857
433
1158
7371
4734
5497
7264
1386
4559
8431
4195
1961
5313
9093
7383
6957
4002
3084
1993
8973
9422
178
9567
9544
585
4792
8704
1502
927
3218
5703
1230
2944
5871
9715
4296
5585
4579
2890
9462
7801
3013
7715
4052
7357
5380
3668
7279
6388
4459
1836
383
556
3685
8184
1224
9462
1482
5114
1969
8790
7509
8215
3104
511
4144
6646
18
1222
3846
2360
1550
1299
3917
6903
1930
6773
3326
5336
8287
7608
1482
925
4387
4115
7248
4597
413
5309
8854
1372
720
8731
501
8837
7492
3387
282
5256
8518
4728
9336
4440
9264
6098
8374
1879
3712
4151
5591
5749
7618
1461
622
5679
8666
6865
4733
8451
6709
292
9193
9894
8560
9327
7502
6617
8182
8394
9325
6858
9912
8393
7706
7498
7059
4399
5896
7222
6259
3308
5550
1915
4155
9254
700
1184
7808
8827
9223
7158
1171
5202
2963
8178
6068
7678
3105
4807
731
6257
7873
9411
9746
3727
8496
2098
1587
6073
2270
8943
4431
6892
5822
4198
8981
3121
1988
6180
3451
9046
6618
6845
1043
6519
5627
9469
4651
8842
9744
307
6812
5505
5782
8597
4398
2151
9134
5384
9199
507
7776
1797
1170
3485
1635
8424
7751
214
5194
2027
3570
1286
8377
9786
6247
940
6099
5312
4364
5666
9957
3654
2403
1570
2741
6562
8533
3403
1384
4241
7475
5258
1012
962
2953
7206
7302
4793
4868
1119
4249
2830
5302
1761
2020
6754
1311
1226
2307
165
5745
5558
6912
8179
9329
1897
9298
1078
2913
5429
3832
9672
7502
7900
8807
916
2977
7186
6213
9456
5745
2621
58
3196
7388
6275
3643
1951
4728
6578
4529
7031
5808
2280
8325
9457
9352
7989
8948
1734
4898
8883
7118
5241
9080
351
112
8520
6846
2751
1560
734
768
3451
7240
7844
5332
4375
8192
6845
179
4816
6549
8653
9860
393
1608
1840
6934
890
6891
2688
8684
6885
7331
6115
9722
8778
6994
7562
2182
6990
8202
652
4613
9116
8568
7613
2133
8993
7458
7701
1298
6613
5855
777
7083
9296
7537
1893
6929
2610
9413
6650
9534
6332
5989
6051
848
513
5009
4943
6808
6147
7168
9986
6772
9209
3104
2168
4
2667
3226
3534
4481
6176
2210
1315
892
855
8873
5649
4038
5855
6127
9917
4665
4736
7061
1430
1596
9607
70
6730
718
823
5154
9274
5765
1598
1610
594
9168
7989
1899
5129
2526
8989
418
2735
3699
9682
3018
9087
5436
2403
4139
8407
1103
8876
645
7971
3423
2169
9277
1631
7651
7192
3536
2177
5997
3566
4818
2175
3713
9650
6973
2108
8251
2065
6366
6054
853
3302
1265
3274
4621
3868
1313
4488
6096
9400
4419
3071
1822
2638
3736
633
8626
1068
6699
8239
7067
4835
9635
242
4368
2818
7128
2064
1112
6584
8378
2107
968
8350
7128
4842
2673
5518
4378
5043
3833
8267
6578
2751
8940
2143
5493
8180
300
4323
3655
4326
6601
4562
2672
4118
8296
9906
3007
3057
480
3918
9538
9048
3626
7557
6610
1013
7904
3252
5816
8069
7156
2348
7264
5328
5154
6795
5458
7911
7481
2865
920
4625
6232
1774
7360
7542
4400
9139
9121
8542
541
2092
7789
7240
2891
1095
9319
8476
5646
988
6411
318
4963
8074
9392
984
3962
7251
6293
7449
4684
8034
8915
9918
2935
4387
6358
7197
812
4704
9316
7551
49
433
2381
7396
3818
3213
9401
345
5722
5800
4103
8775
1153
6086
8973
9069
6055
9646
5287
2891
7693
9811
775
1293
1401
1048
1766
4184
9046
2667
9678
951
3836
8393
922
3386
3857
4899
2724
3971
2843
5043
9396
9510
7742
8626
5885
7822
1961
9442
4074
7342
8681
5336
9648
3460
4201
6230
3466
9565
3419
9363
4528
3837
9738
3086
201
1837
749
7731
6493
2586
7863
5580
6891
1026
6819
5283
2138
7065
367
9279
3194
5893
3562
2886
801
3408
547
3910
6641
6284
6384
2984
2173
7431
6889
7683
4788
1701
4508
1647
9957
5353
3061
4932
2371
3757
641
3773
7078
1576
3600
3734
7549
3809
7972
8850
1340
2318
7347
4701
9781
530
8697
8330
6015
4576
8302
8247
7151
5931
1180
3736
3792
7366
4473
6187
5241
8340
666
7559
8392
5014
3736
1158
3707
5990
752
2830
4527
473
2686
7255
6918
3695
2044
4252
9672
4993
795
5634
2671
4011
6119
5822
4027
1815
5182
5135
7348
2094
2583
8527
6864
3808
3427
7395
6028
9470
4792
7540
5729
9711
1978
9049
8895
2953
6217
6508
1429
645
7695
5894
7378
196
1141
1429
6378
227
1041
4506
9557
1216
5635
6798
958
3785
7033
5833
504
5232
1590
4690
5058
6146
9097
169
7099
510
3657
8667
1830
4593
1836
5456
7532
4419
1534
7483
7535
8535
1020
7554
7452
2684
1869
100
5616
2521
2609
4334
3773
6847
2558
936
9682
6128
8667
4836
3475
1320
2757
4189
5906
8524
5149
5981
7464
1083
5353
9992
1762
1464
8027
7069
6533
6834
8145
6576
4217
8535
9878
6427
3276
9431
4268
1580
3186
990
2537
2049
8949
1903
4561
3912
4202
1043
254
7518
2865
8916
7802
313
2077
9960
5229
2951
8225
3286
9192
2650
8038
1060
7816
3435
2478
6746
2526
1843
4188
969
903
7562
3316
3183
1537
9651
6889
5769
8944
8968
1485
8192
1013
4253
4631
3102
9069
6162
3504
3607
4569
6438
5890
2690
4328
7763
9481
5561
1653
9684
4536
2278
3132
3788
8988
3761
6929
5137
9427
3274
3512
3102
5189
589
4977
9724
3701
1659
810
495
6027
8814
4325
6642
4080
7325
4293
8874
0
4293
2236
7229
9235
1665
3187
724
4684
2263
4569
2782
5856
222
1106
9691
6826
736
7795
3357
7204
3652
6376
4119
4149
8874
8995
7213
9455
71
364
7361
9823
3961
5463
2431
6465
814
1595
4949
800
4781
6914
3419
5370
341
4329
3426
3940
8113
4422
2765
9859
6499
1131
107
2651
720
1930
288
60
8612
2387
1455
3586
5409
2219
9451
2548
2594
7803
779
6025
5328
9445
691
67
8096
5716
2413
9085
7790
8354
1583
2854
2095
620
6961
8189
1938
9688
7012
5295
6686
4078
162
476
9117
9205
6832
5632
2850
6637
9608
187
6094
3827
1178
6080
1595
4786
3382
2350
3125
7913
5504
188
6879
9122
1690
3254
3107
927
7744
439
925
421
6429
6931
1935
8855
7001
2413
809
9486
9438
8669
6574
5861
2917
4250
9110
7517
669
4700
5689
7485
145
3126
6515
1497
684
7364
7540
7711
7089
7832
3101
406
4268
3891
1588
1278
5484
2548
3646
5123
2339
3256
10
2864
651
6046
8350
2975
1415
9498
3120
1566
6266
2356
4526
9163
5845
2497
5118
3068
1768
9463
2198
2450
5930
7841
1446
3078
4440
5029
4203
9439
5246
356
2402
1461
3616
2345
4648
6293
8720
5325
3807
2758
7175
5152
118
9334
3451
8354
5767
1859
8506
6631
8618
2460
4897
2868
4287
9881
9167
7397
579
3610
1491
2375
2115
4762
711
1116
4964
2702
6181
3222
1055
8860
5591
3039
2538
3733
8691
4231
1585
4485
2528
628
7290
5591
1421
8106
4734
5713
112
5657
9988
2784
3070
8483
3625
3083
6606
5868
7015
6162
266
196
1930
4544
7895
4719
9257
2032
9329
195
4723
8417
5023
3050
3371
1110
1104
4310
4366
7200
807
7045
20
3913
1783
9830
1042
5280
2451
3657
2648
9972
3543
6057
7625
1706
9490
5499
1142
6316
8896
2297
5728
271
2204
8460
9620
3823
3037
7816
171
1523
1579
7668
6286
4067
984
2147
1023
3216
9557
3101
9058
1791
8766
2175
5892
8390
4867
6703
6719
870
6191
1836
7267
9783
8026
6657
5529
1548
4177
7855
1719
3774
7085
7853
1083
1446
8249
1097
5111
6896
6697
7535
8624
8417
1503
4893
7393
630
2283
636
8042
9373
9945
6875
5099
5051
4947
835
9795
9765
7343
7880
1100
2425
3303
8359
4552
500
6697
9332
7221
8461
4156
8535
3240
1368
5957
4036
1477
326
6129
2761
9283
7374
6051
5064
9375
3882
7844
8293
548
8448
9471
5221
8634
4005
2116
9129
7868
5871
3639
6614
5618
8206
526
8588
1691
9888
3414
5466
9369
8371
6775
8201
8737
3448
4399
4691
581
4328
2072
7268
4900
9227
8129
8716
5924
3961
4029
4000
4093
7415
1711
4739
8244
9554
7056
9819
2141
6774
5925
9249
1944
115
6209
8437
3644
7329
4043
3506
1396
2046
2186
9573
5820
8306
4899
2094
5140
3882
9756
828
4366
3386
7435
1489
7192
2733
3341
9371
1741
5219
8048
6077
1690
3112
120
7987
2801
9402
8165
1703
5303
32
9199
8039
4803
9902
8097
675
6875
9581
6317
2283
7767
7132
32
7812
7281
3749
6240
9657
8952
3250
5964
5481
2140
6530
9733
8606
5844
3930
8111
3228
8113
2153
9333
1779
2319
7202
895
5637
5068
8234
7007
8409
9566
2016
9241
5677
1313
2606
2761
3930
3052
848
128
9360
7386
5392
1746
2145
4987
1415
1455
1081
1621
8795
8862
9556
7729
9423
2625
6101
673
3641
9618
3148
7957
8139
4381
414
1783
8442
7297
7003
6127
483
151
1034
6874
2806
964
7788
3961
8210
7020
3577
9715
8450
6331
4814
9542
6174
9323
6896
8453
6659
5067
3388
5592
285
5408
9206
8810
9826
8982
4895
7512
3419
5876
817
6268
5435
7362
710
4488
5448
7769
4806
268
7414
9814
8266
7011
3962
7668
5904
2048
8422
4175
5415
4780
135
327
4517
2641
8171
8939
6712
8209
8071
197
9437
5919
1151
938
6450
5330
4977
7525
7012
9501
320
2628
4579
6904
7836
4820
1816
8824
6177
8605
5692
4575
8326
5211
6993
3199
1995
6695
7105
8616
393
2833
6374
6222
8020
2106
7223
4473
1810
4044
57
9453
1906
2101
676
5919
7337
2038
6176
2326
4948
4758
466
3758
5684
6188
1640
7848
4699
8878
5454
1999
6545
6661
82
7755
9510
9301
5790
5616
2389
3277
9353
9459
4730
7036
6731
622
5402
2131
6680
8213
4315
8359
4077
9263
9811
1715
8474
5878
3096
1370
8869
4328
301
9028
7164
2409
634
3645
8407
1287
8405
3049
6087
1680
4118
1084
4943
4316
5248
8465
7268
9383
4409
4033
1959
5901
421
2135
2024
2675
5886
7191
1535
9064
2078
6151
1582
3353
1921
1346
973
9641
5074
8542
4596
6537
3571
1132
2389
8911
6056
5553
1534
8692
9860
475
7728
6073
8583
5882
7749
1030
2872
2097
5566
6891
4457
6273
9015
4333
5305
9494
3459
6907
1021
6326
4665
5647
8154
4413
7783
1809
5485
551
2092
1139
2401
5967
508
3843
4780
6616
6606
332
944
3951
1395
7062
5439
1286
1628
9937
9826
7888
1529
6240
7073
7614
2128
7161
1301
4171
9821
12
2266
7893
4637
5054
2486
879
2671
7037
887
5771
6752
3565
6274
7023
5632
3518
5732
4467
2531
5289
7956
6810
3352
4004
410
7715
7603
5954
9700
9601
2784
8005
6255
8410
5974
6121
2288
7490
289
1322
494
7186
7877
401
7882
3423
4839
8391
126
7921
7516
6998
767
4606
211
5273
8332
6231
9541
2487
3445
3046
3664
9815
5037
1270
1267
1206
1963
4507
4821
5535
250
6561
2341
4729
6624
3086
1282
1488
336
169
1954
9177
2693
5994
5617
1269
8049
9958
6791
2072
5172
2715
2052
2360
7762
7832
8388
4329
3923
6601
9441
3257
9763
4954
1961
4251
1246
9403
7249
2766
9448
9068
9500
2843
8679
9867
9680
8527
7755
477
2790
6326
5429
1719
3386
525
1856
7624
8771
1770
2354
9259
4911
9732
6001
5242
9948
9723
1399
1678
3496
7805
7028
3914
86
7546
9093
8708
6807
8283
723
8938
9716
6514
2688
2947
8469
9268
5061
9899
6928
5728
6719
4327
7656
9228
5550
9283
2354
5277
1430
5706
7733
4921
9740
9337
1462
5572
4051
7748
6302
3860
8993
8098
8350
4967
4162
9884
3952
325
390
9665
2678
6709
7921
6809
4326
1864
2937
2269
2845
5808
3867
7457
4948
7231
1193
6107
1412
6976
7653
9081
2339
9885
6345
6152
8034
7519
1726
5226
5163
89
4815
892
3566
8285
6459
4064
4935
9335
2100
9503
2584
9237
4216
3412
4010
2578
4036
940
2148
7484
1875
7762
3391
4322
7534
9338
6788
1832
5914
9821
4012
3861
5817
4820
9930
5638
7491
8311
4852
6919
7420
6957
1813
8626
6447
8589
1551
7846
5732
2351
4883
81
2345
6811
6897
8662
3884
7391
1496
2769
9909
4984
1569
2003
3636
6219
1648
1288
181
3871
9902
5674
2145
5583
5075
6294
5722
3145
326
57
8106
271
3981
9400
5093
5851
3574
7961
9293
2876
1275
5034
8845
5693
4310
3055
1466
1815
6698
2538
257
4780
8565
7477
5623
5719
3742
2372
9836
2946
9551
9766
6112
8536
7121
92
6557
3813
4129
3941
1515
6520
8173
2948
2572
9024
1188
6180
4932
4315
5049
287
5819
4868
1696
3577
1584
5283
5687
4116
738
1761
6161
3090
7031
6065
8293
5761
2651
3039
9204
5403
5775
4081
7519
4339
2532
6775
9606
6399
6501
497
4005
3941
3638
150
8761
7876
7071
4173
5524
3013
3778
936
2074
8816
6958
6839
1417
2316
7632
2355
4184
321
7533
1409
2362
691
9354
2905
9239
1998
4977
7224
8373
9555
373
3078
5062
5683
2104
873
1563
3059
6199
1330
5883
4801
7132
5383
6904
5002
9160
4467
684
1974
4025
671
2092
3606
5362
9177
6133
7520
1351
2043
8727
9749
3916
1532
125
1832
5652
7553
8871
4837
6214
6063
8544
3753
2559
7449
9434
5591
5110
1442
1678
7697
5253
6903
9195
173
1826
3762
5492
6431
7504
5482
7680
2723
5629
3360
1773
330
2755
6080
4566
1760
914
6982
418
629
7172
3297
9962
641
9035
9806
580
3898
8546
2106
9428
7078
399
9048
6438
3668
8626
8118
5156
917
4526
9837
3270
5189
1389
4625
6789
2133
2282
9474
5120
3753
8689
145
6108
7143
2449
5478
9446
6338
3718
2226
5848
3105
1370
3807
8100
2891
5262
305
8744
3272
971
4114
543
5903
7803
9749
7119
3685
872
8046
1633
9655
5301
7203
7772
2598
1559
6884
7551
5704
7125
2630
7573
5792
9948
1167
7346
8915
1425
4485
6621
1422
4990
9101
7480
8462
194
4473
978
6324
6512
1352
6689
8936
8092
2980
2576
535
2100
4075
6324
3540
5991
6809
9597
3078
2222
7676
3323
9613
8129
643
3272
6124
9222
1110
5253
6815
9674
2065
8017
8301
9964
1694
9074
9208
6228
7061
1713
3309
677
890
3636
177
6124
4855
4435
5430
6119
3334
6421
2709
4271
2469
954
8494
520
9331
7307
5910
9562
8402
4608
9651
7887
2735
5320
5055
5843
6651
7251
8844
5353
6144
9144
1701
6257
5495
5088
8580
8111
1826
6727
282
7856
3415
9644
2420
5374
6923
406
5007
603
5082
3426
2698
6822
6029
2692
9463
5442
7976
9720
5619
8502
9219
3343
3971
3281
8806
1293
4847
2231
696
552
8021
581
4599
865
3777
3816
5989
3043
6717
2647
7831
519
4963
4563
4107
8137
1679
1046
9715
8816
1850
8208
2517
3142
1204
2230
3359
7087
8096
7622
337
7886
3999
7468
4307
3805
1812
4490
2737
9186
4193
8749
3611
1763
6433
5097
2365
9031
1909
4357
3127
3830
7913
4910
7753
7116
7939
3460
3130
6717
8328
1955
6
5002
7663
2593
8792
6809
3901
5299
5092
5124
6990
3430
2161
6505
8473
5880
8298
5630
376
603
8919
8778
463
8024
7016
2241
3456
2395
4275
8931
3671
5989
7523
713
2975
4695
9497
6146
8974
1615
2293
8664
679
9016
612
4318
2951
8173
4623
5342
6014
5904
1685
2928
58
3264
9625
6919
7448
1308
7431
6823
4022
2451
322
8396
7870
3818
2578
8750
5440
7881
9587
982
859
6695
205
2606
9958
618
7767
8715
9389
9245
6490
8550
2967
5946
8254
193
9576
7087
966
1228
3505
7524
8218
1284
3653
4383
4533
2181
1165
1274
4204
1186
59
7762
460
572
9042
7337
4137
6640
6594
2030
540
9685
9482
8355
9532
2999
8824
7550
1456
1476
1159
9380
8607
9322
3175
8608
32
3739
2564
2359
4703
3188
4634
3033
7542
3957
8284
7438
3894
2630
5578
860
6110
1932
8997
4369
7350
7182
3881
8558
971
8780
4040
9478
384
1811
3605
3780
5230
2666
3582
5928
2758
9608
9105
2078
8095
649
4546
5693
7122
2396
9580
736
6431
4136
8296
1108
1667
3205
6766
1335
6244
3798
932
2906
6496
4642
7798
1312
2429
4419
2117
9226
5623
2288
3944
2320
260
8546
9841
7474
6935
163
1037
7504
8611
9949
6419
2950
4107
5800
2823
6969
6825
9597
3126
1376
6411
7109
7340
2456
3813
9184
3597
8632
785
8649
583
1903
3413
3233
3819
5971
8757
2660
3906
7429
3218
1794
5339
6096
8106
6483
825
4570
942
9852
1031
5553
3128
2070
9913
7178
7931
4203
513
9781
4092
45
6725
8063
8982
1412
791
7968
9217
3494
3709
6145
9423
6360
6484
2656
6390
662
5231
5774
9144
6046
9474
3183
2164
7696
3093
5293
8325
8533
3587
9122
937
4929
561
6637
7619
6879
6841
9116
2642
7270
7505
8663
6966
223
5802
698
4038
2861
1902
8104
716
7238
3583
7708
6761
3853
2224
8445
4340
3755
791
4340
3390
6919
2281
7180
8472
4912
6467
5128
4369
4662
4240
5437
8882
3551
3260
647
2689
7226
4381
8397
6646
8734
4511
5635
7800
2587
8432
6507
493
3996
3986
3252
1041
8305
1310
9339
1718
7973
4081
4508
3637
6392
6322
483
3470
1872
6925
9293
1774
4981
5385
4525
4343
7159
660
7189
4005
5906
5916
2466
3571
1636
149
5315
9360
8552
1408
6856
8829
7398
1652
492
3773
3509
6216
3131
5454
2307
6799
8457
9094
1972
1008
981
9267
6409
9309
9370
1596
9116
3027
6329
4242
9512
5239
7607
8472
7672
9201
3278
133
7706
7090
3205
1734
126
9581
3415
8653
2351
7549
6783
3405
5951
4808
7298
9637
8034
5141
3198
2635
9755
2142
4659
992
3333
1203
6461
8480
7762
1757
9759
5417
8652
7234
30
6506
3355
9921
6029
7260
2413
1423
2920
6641
2755
8129
9085
9346
2919
6838
3233
4422
7212
4894
1693
7396
5787
291
2844
6864
6898
2901
1487
9057
4151
199
5844
2188
7269
3420
3072
1508
3411
5974
7839
8703
2849
6630
9651
9557
77
3433
2109
8145
8373
5745
1494
5040
5634
533
6414
9154
3621
4513
7968
8303
7159
8845
3383
4480
6552
934
4530
3339
9690
5779
9360
2558
3239
9456
3970
8745
6498
4370
2217
7691
2388
6996
6407
8689
8586
9697
2865
2442
1125
5256
5070
713
2678
212
5801
8538
5616
2841
9644
7535
371
5988
4557
849
6782
4830
1243
9977
1303
6996
5006
9534
5888
1950
9882
8573
1878
7030
1895
8396
7418
2339
5867
7778
254
3540
7382
8385
4552
3082
9524
8760
6987
8926
7776
3190
5414
2717
9940
7206
9542
918
8768
9310
2328
7892
5611
2330
7241
8907
2521
6721
3982
8168
6049
8388
4463
8204
6569
3820
6334
3753
2738
1340
2904
3218
5802
9223
4327
1099
1769
8517
6788
8639
2569
6989
9618
8724
4576
234
433
1724
7905
3974
9524
2750
3473
4844
4611
3908
9159
3060
4857
3721
8669
5488
1080
8515
4783
9165
9022
811
5511
8049
2060
2267
8947
3019
7653
459
4529
3598
8612
1469
9806
716
2865
5864
9209
6276
482
6296
2281
5135
2375
1730
9837
7008
8210
9011
8036
7820
4590
2302
6209
4798
2680
394
5923
2928
4743
7954
1856
2628
1937
2989
9775
8466
7580
5259
8882
1915
2506
9204
8594
9681
7427
3067
8297
611
2736
7593
23
3658
3952
3335
9508
7119
8593
522
1722
5885
310
9173
2848
9993
1124
4827
2917
1633
9972
8207
5045
5209
7578
3948
4337
8089
8132
4200
6146
3329
7103
1115
4754
1441
3198
1816
554
1171
6443
9134
6736
3661
4306
5496
8794
9453
139
8642
3272
4746
3353
4099
5949
1677
4405
8316
8645
7714
6868
582
179
8195
1164
703
9861
1443
4401
642
8008
8452
1191
8710
6632
6416
9910
9967
1363
7745
6391
683
9961
5414
3906
1258
2105
686
6682
1788
6516
7317
7208
2708
488
3401
7686
7008
7007
9836
2991
8981
2146
9286
3637
6566
7599
409
4328
8099
3184
2798
5103
4455
5142
7282
5621
2865
949
2885
9975
3767
6386
9785
5317
9514
8759
7109
9487
8076
6374
7355
9704
2582
5472
3275
8849
7370
4614
207
4835
2676
3155
4991
8437
1224
7638
6365
3211
392
878
2439
5221
2799
3915
6547
5724
4358
5608
2626
2184
5065
2511
8642
2353
2193
3323
2768
573
1686
8588
7388
8421
8807
952
9441
5531
2492
2930
6564
2820
787
7851
6140
533
627
4866
9229
2512
7284
2152
9620
3017
5551
6833
9851
3891
4769
3194
9614
343
7916
2570
3897
3445
8823
7937
5981
5544
6666
284
3569
71
7796
2866
7126
2461
730
9136
6206
8457
1181
4923
6207
8240
6108
2183
9836
8123
6572
7023
4764
4308
8624
338
4857
5894
3971
4191
5757
9713
9929
6414
7016
9163
1105
2204
5231
8742
5301
3160
670
5628
5799
9317
3289
1939
3304
4404
9268
7749
7438
2468
8739
6322
871
6100
9583
5555
1848
8554
2993
1631
4320
2393
1762
6428
1087
2387
7928
6802
5936
9592
414
5582
8379
103
6602
9335
1021
8939
2642
3480
8627
1245
7249
3941
8346
4237
8055
8289
6950
9954
2261
9632
2000
4732
4990
5798
2582
4851
9762
6633
6254
4827
8826
3224
2932
9293
9002
2078
9557
1748
9557
870
5583
7925
4602
4302
1542
4026
1735
9273
6708
3273
2170
8245
7022
8432
5550
9067
3410
551
675
8058
9171
2636
2291
5961
2280
5466
4186
434
1315
455
7061
2222
9556
1604
3900
3994
8121
5569
8519
6204
1561
212
7051
7768
3897
1644
610
2915
9759
4307
3639
6110
2176
1042
3318
2462
4618
5828
9045
6345
1017
125
6369
5304
6291
9143
832
7651
4445
2013
2287
1020
1987
9105
9478
8040
35
6287
5908
5802
4210
3005
9487
5999
9705
2314
7151
4837
7380
6506
4003
467
6506
4474
3505
4320
1300
7399
4598
6605
1928
3420
7787
6367
5916
5074
4192
313
4863
7159
7142
417
548
4642
5916
7968
9367
5569
5465
9020
1111
3650
136
9668
9713
9606
8637
3596
3362
7330
5636
8243
9576
6897
9400
9526
2918
1836
4589
9727
4160
6668
2807
2652
5675
9640
1673
8482
2198
5640
1848
8287
4665
4679
1520
4093
7565
1538
3999
8545
7268
6812
38
2595
7140
7216
7680
4010
3770
728
9380
8714
831
8370
9130
8331
2614
7084
653
3989
3377
1703
6647
2185
2911
5613
8111
1245
1038
5497
2295
5850
9678
6437
8225
4367
1179
3827
4287
5155
7685
7821
7729
6069
1845
1318
1541
5227
9667
1427
2725
5401
8855
2993
1773
6143
2083
5893
1594
3585
2747
7707
7039
6300
1370
1541
5149
5291
1590
5956
1891
8441
2165
9866
3186
1782
578
9482
4288
6601
3252
3528
5291
8023
7168
8033
1820
8424
4307
6747
9385
8035
7315
9952
5898
4517
9740
7623
4487
8991
3135
7889
6509
5903
5024
6855
2236
3335
9455
2864
70
9848
5586
95
5374
440
2998
956
4376
3380
6624
4089
8097
1403
7793
2415
5337
8729
80
2520
4757
363
8745
5020
7084
5308
7225
8089
5463
1158
7257
4501
7118
5885
8142
7354
1337
5141
2583
7041
9552
7468
4150
6756
8086
9490
5204
5429
3505
2320
7610
7046
8513
4713
4002
577
9674
3309
7988
7253
6133
5252
8729
9768
3210
5331
4190
3040
3482
4073
1839
9369
3128
8456
3172
7826
8474
647
1853
8177
8366
8198
4494
3501
1310
3233
1022
3206
9560
4525
5621
6532
3745
7991
8388
2093
2382
5549
799
5149
359
8767
9915
3666
8008
9373
5044
1150
9208
7060
9305
5260
1225
8305
2327
5030
6790
2689
1352
2752
1974
72
1747
6434
8953
6870
15
612
372
7164
9497
3531
8277
6935
1638
5806
3808
2011
1389
3552
8462
8594
1444
1066
7685
5106
7856
9579
1929
601
803
4036
2837
1670
8309
6916
3988
5527
7454
6530
9610
6919
4103
2635
8461
7720
1960
6442
8808
4840
4907
5426
82
4069
6585
5472
8063
3602
3116
338
9979
2571
7890
5562
2192
530
6486
6187
4120
1996
7950
742
6571
9789
8439
2571
8213
847
3138
9032
6631
4284
4685
9819
5934
8145
3287
8236
1620
4551
9165
4511
610
8774
6446
605
2828
465
9757
9597
1153
9131
5044
9811
7870
3649
4674
2107
8917
3996
4250
492
7047
3051
7121
6362
2074
1476
8296
4435
2421
8547
6062
6253
9803
9710
6938
4003
8979
5314
7939
94
9974
6015
9409
1623
8137
2213
6420
6195
5645
640
7384
2588
2021
2297
5786
6218
5161
5369
8745
5083
8349
6405
5845
9513
503
2887
3905
4442
5806
7563
1781
7040
5142
9262
5295
9651
3386
8244
1231
7517
8885
2883
8648
4894
804
2664
3174
2293
5154
772
9402
3198
6110
8417
7623
5217
2224
1330
1918
5331
7348
101
709
3097
7380
2423
3463
3595
8440
9851
3650
1907
9539
4813
314
4516
1662
5297
3221
2290
1193
5342
4626
4781
4895
1679
7315
9877
8555
8947
1099
405
688
9601
9341
4312
9955
4177
6740
5422
2407
2477
5647
6997
3612
6291
4964
4830
9999
4825
2435
998
670
537
8323
5449
4881
9592
2730
683
1726
9912
1332
7936
1721
1569
2462
4394
8531
7820
5787
7188
7077
1309
5524
491
9347
6689
6656
1588
4181
3309
8531
4248
4821
9661
7622
1692
7718
5161
7036
425
4693
7879
6732
4419
6500
2375
5893
3533
9461
8321
7336
6034
1303
1227
1689
1989
8449
9872
6012
6677
64
9103
330
613
8135
7261
1264
47
1805
9710
7894
2543
9036
1233
2731
9722
5892
7490
3929
6977
7784
7323
5087
1626
7297
2900
125
1323
5196
9434
8042
53
498
7245
5422
2916
8698
7072
4601
8356
9357
104
2871
9653
6075
4777
3385
7117
1733
3737
8164
8552
3404
7426
6040
7785
6069
4009
6099
6161
4604
7269
9148
1994
9070
4364
2963
1339
5570
3616
4092
5584
4328
8994
7034
4334
8359
4437
2855
7643
6711
9152
2405
2737
4580
6842
4931
8102
9630
8587
3991
563
8330
9739
3992
3589
627
4289
9896
5955
6221
1691
964
8018
8601
7036
9011
3130
6557
299
1351
1592
3251
997
4506
3548
9354
5513
7001
2428
7271
7751
6380
6377
7595
1519
9949
776
8973
6762
5033
1423
9708
4687
5759
9846
68
9622
4950
5480
3258
7022
7038
6473
1312
1679
7658
1058
3003
9112
468
7956
659
4346
8548
2130
2406
7876
1884
4520
8094
4469
5399
3074
2535
8694
2074
7952
1083
643
6340
1888
4843
7268
5145
3362
4347
1699
9121
3984
3403
6431
7219
7409
5599
4485
243
6107
2428
6938
3492
1666
9405
6461
7462
2436
3651
7253
6850
5481
7732
5961
8393
5381
6219
3862
6713
60
400
5976
1941
3225
3154
7679
5081
9367
5941
5494
7477
8841
2631
1548
3140
9488
4465
9954
3714
2993
1832
7638
2268
4101
6625
2259
6457
7233
2505
6283
3873
3509
1455
2408
2285
262
4227
8382
2913
4003
1587
3533
8159
5795
4519
1486
4691
2142
2400
7704
9753
3429
3491
7341
8848
1534
5916
4913
8847
4069
1710
2944
5295
6011
8031
5723
6403
94
5292
6857
3257
2370
4621
8174
2979
8372
9416
2248
9996
6650
3584
4349
4496
363
6930
1760
4503
4647
3460
6855
5521
4147
2466
9947
8435
342
4517
433
3444
2323
7370
6765
2309
8057
3852
6537
733
5801
9282
8949
7832
2937
1081
438
9406
6567
9111
8872
7790
8528
3602
2735
6054
7637
675
722
291
62
3711
487
678
4565
7383
2270
3604
3302
7309
7303
8913
1366
4239
9978
9660
2463
2094
9000
7046
1561
6904
8160
7737
522
6108
9997
8968
5322
7879
2886
1470
2025
2189
4096
315
3972
4346
9931
9143
8181
5877
4387
114
4995
9541
7472
7401
5778
832
3261
5188
2791
151
5391
1287
1137
4705
9857
8768
6461
9141
6763
2395
4856
7850
2659
8840
169
3728
4732
3974
1956
8263
6266
1491
1986
7052
7948
3467
326
5401
675
5433
8397
5928
125
377
4201
1827
2313
4323
2023
1276
2931
8851
9594
5840
8731
2782
905
1186
8428
6402
6657
4350
2348
2476
3930
9265
7503
5951
6006
1253
6062
3927
4313
9274
1091
1304
8739
8764
935
5481
3989
6575
9918
3738
1660
433
594
3747
3896
4088
5696
5918
4506
4466
117
6596
9179
8875
3698
2909
5748
997
2992
3446
3660
8244
1371
811
2692
7616
8532
7733
4627
9432
3301
4539
9560
3541
5317
7962
116
9198
9919
6108
2726
6005
4190
8050
3091
3610
6580
9688
4064
280
9212
2004
4833
867
7784
4022
7402
1444
5315
7668
272
3827
5291
5940
3372
5061
3615
7221
7135
8880
4243
3399
2367
7280
842
9896
2334
8190
144
6670
8286
5970
1247
6540
1080
6399
4639
3759
2612
4726
9108
4912
1179
1795
4255
2126
9405
2988
7745
9769
8233
2095
6031
8604
5791
9146
3792
1354
8457
8417
4005
5915
3196
7257
3106
745
9271
5717
8120
9331
9416
9472
5983
5166
3827
2820
4960
7996
693
8224
2169
6197
5525
5931
1405
2271
7944
9636
8737
3566
1560
698
9099
840
3232
3316
6130
1742
3024
8640
1270
8769
9184
8502
7727
8036
3616
2208
775
4313
9488
6244
9540
5584
4656
9453
3094
591
1655
1977
8379
209
6742
598
5501
6695
1964
3011
5005
4818
632
1359
8272
9124
8513
3307
2244
8603
7620
2721
5244
8426
8855
494
3286
4506
1889
9869
3804
5267
1957
5325
500
5807
2670
5058
1604
1197
6280
432
8221
2875
9932
2419
7980
5581
1238
918
251
1339
2125
9340
3780
2266
1708
3193
4382
2384
2804
1586
5360
754
4892
7177
8614
5720
7926
6657
8313
4900
1111
8398
8020
1022
1856
4043
7582
6679
8196
3878
7021
3564
1157
2158
7347
447
9263
4275
3149
9396
7501
2496
1802
323
1515
4125
747
6022
1531
339
9803
8888
907
2089
6401
5819
4478
1533
9610
8355
2136
2029
8809
8802
7589
4039
9650
1707
4973
7125
9213
9904
9926
1783
2432
5624
5927
9366
4499
6699
2589
6225
6310
9289
5428
6613
9709
6522
6339
1786
6905
1390
6128
4372
7529
319
3668
7939
2209
1190
2064
4367
8373
9138
5129
6326
8334
5542
3900
208
2943
7993
8774
9148
1698
5064
5603
2158
628
5971
3769
7641
9251
4764
6361
6965
3641
107
5048
7007
6921
4696
5729
9990
4952
6748
6133
3561
1356
8767
2495
575
4363
5978
4489
9433
3699
8551
2061
6123
7155
9166
4321
5854
5624
3970
3337
9972
2312
3520
5400
2007
9705
5908
4153
9352
9327
3164
5810
6559
347
4840
2137
7066
763
5593
9235
8329
1202
3110
8520
8499
8007
7404
9804
6984
1570
2080
754
1532
3780
2834
88
2786
8845
7907
3981
8767
1959
8584
9066
3031
6961
3611
5847
6810
2315
5334
2441
290
8125
4032
7423
4412
2947
2407
2383
4823
824
2668
7321
7101
576
5798
6174
836
5845
9198
3669
2284
454
5633
6525
8597
8620
2768
4238
968
2137
5623
7433
4334
4427
9809
61
7964
503
980
578
5157
7845
9
8128
348
6839
4549
5163
3074
2272
9211
2411
4388
8682
9102
4831
3560
3697
6910
5682
6421
4673
1015
46
3437
7228
3617
8029
874
905
260
3939
7931
1956
4209
9432
4070
4236
3929
4619
1467
2673
5571
7316
976
7837
6327
8151
6023
772
4085
9598
1845
761
1842
9407
3627
7681
2028
5302
7268
5306
9866
8036
6036
4053
1340
7155
5835
3513
362
8879
9379
9744
5109
9229
8226
154
2245
7385
1233
2570
8981
5976
5519
2794
7071
8845
8248
7611
7559
5219
7317
2059
8094
2859
1597
3039
2750
3781
8315
810
6538
6131
7955
4311
4661
8515
7143
9237
8959
4868
1624
5675
3107
9807
2693
3983
1991
8819
6092
2338
5830
7239
9684
9192
3003
3465
8769
9110
2017
7465
5894
6281
2663
2229
317
6530
6993
7999
8975
1463
9704
5069
1177
5914
1875
8818
1373
2352
8825
6577
9869
0
8654
7968
5268
4474
7888
130
9602
584
8391
8052
9761
3221
2997
7230
9536
2900
256
5479
6706
8
1665
6747
4955
195
1532
3270
5659
2996
6734
1682
7504
8091
1227
1311
9740
3246
1340
7798
6839
9983
1322
9838
208
9941
4926
3081
2180
7391
2829
529
8512
1965
540
8955
933
1013
9978
1069
8591
1053
5805
9817
9999
6983
2301
8834
7483
9941
385
9395
8934
4578
471
6062
2406
8136
6380
9017
6221
545
8894
7576
8257
1312
6650
7508
8717
8088
6247
5987
9207
2933
4244
8636
4994
1014
9075
8236
3503
7400
4501
8776
887
6768
8579
2859
6401
6545
9352
4809
2240
8112
4880
2539
2628
4134
6850
8641
7549
7869
5027
3430
3812
1964
2386
719
3532
3553
5184
3851
7977
269
2221
1957
5659
6140
8957
1451
7616
7148
221
705
6206
5996
9331
6072
9904
3475
353
6757
8238
5248
3586
1908
6651
32
1273
9193
6808
839
5272
4018
1273
6663
3226
335
9835
1770
2006
9728
7900
8535
9692
5668
7833
3134
414
809
9315
8025
6522
7790
844
2603
9768
2016
4059
8912
6796
5276
7073
4449
9512
4255
3652
3014
8871
2415
218
1992
6120
8669
9846
3778
4188
1709
5716
3613
7114
8187
5216
8840
9025
9490
8937
6519
2019
9569
6040
9791
1773
9279
4706
9265
2554
3979
6923
3255
2380
4370
5989
2824
1681
9055
4688
5467
1731
7572
5510
3205
9253
5781
7316
248
8467
3034
5001
1647
351
240
1538
4777
5537
9006
3243
7242
6742
6042
5499
3759
175
4948
7549
1342
1391
9686
6083
4520
4744
5565
8435
638
7124
2991
1668
1373
5811
5388
1412
4624
9778
5042
7665
9324
5152
1160
2709
5687
8162
2218
5350
5597
3571
997
7336
7911
16
5625
7410
6890
3184
7536
6776
6230
9888
8713
5220
643
6753
5009
4590
1390
3689
5959
3842
2506
2835
5081
8317
4636
2411
9750
832
7371
7542
9508
9111
7209
1958
8291
2147
3954
7315
1500
2560
6832
5852
6188
7848
2248
2660
2542
3594
382
5322
5486
5261
9786
2608
1451
8250
7910
6995
4528
810
1375
1392
3636
9517
6849
759
3905
185
8342
1113
5461
4420
9946
224
9173
4939
1435
4106
3282
9577
1552
8065
7194
6746
6574
1263
7292
6587
5168
1144
222
3935
5572
3470
3859
6564
5667
402
7963
9800
2488
4112
9029
1571
6531
7456
2423
5127
4143
8952
9160
2722
5613
5952
9254
7505
3232
8767
7150
364
9693
2623
9290
7223
2874
4550
3619
9611
9960
9230
6452
2402
4351
7604
8667
5553
4765
4266
9488
4522
6134
2067
6018
351
7847
9911
3723
570
9642
9146
1047
8576
6253
3232
7780
6389
4749
6567
1630
8834
135
1233
2659
5996
5566
1251
8685
6184
120
7858
6808
8373
5260
889
270
9803
7950
4085
3562
8377
8934
9311
8445
2946
4975
445
3156
3685
1706
1676
7274
3227
5557
3098
7501
1449
7697
7454
6150
6301
8185
1726
5981
9833
1126
3797
2145
3946
3272
1224
9119
3474
9003
1413
8817
7764
8702
4898
7549
8378
6259
3321
232
5355
7354
6123
7792
8408
746
1710
5138
7307
4039
7157
4110
1375
7971
9852
8732
1227
9992
1765
9913
7092
5401
9468
8507
5913
5230
3143
4438
4401
3364
3560
9298
3883
5124
7694
8199
4417
1167
4673
7262
5581
4136
5903
6307
4548
9065
2515
6490
7163
9145
2044
1658
5441
4960
5507
8792
6604
2517
5906
8525
2790
2606
4613
7393
2561
7176
8892
4558
714
1092
2091
4154
4676
1977
1320
8359
1045
232
6785
5932
9905
4896
5864
8387
6781
820
8705
7658
6702
7155
7804
4169
1699
4999
8034
1669
2433
5311
7941
2182
8029
5203
989
7495
2809
9223
1057
4762
6491
4942
6805
1973
5062
8311
1944
7038
5911
3451
9706
7092
3968
7350
1560
5648
2399
4830
9939
9898
402
3479
5133
9708
9510
9041
9103
8078
2974
6518
6916
4133
9355
8889
8961
4868
3127
8826
3296
1343
7943
2038
2454
9459
6230
1149
5391
4694
2676
346
4857
8924
532
3600
4157
4452
2225
4481
8651
5372
8069
8317
7017
4084
2494
8882
4674
4573
5017
1887
5216
1412
2450
1215
6522
5792
4548
6645
3004
2431
2933
7932
5782
8279
6498
8567
1180
1111
734
2846
5835
1490
2003
1557
3319
6989
6699
6557
3057
1801
6230
8088
6382
8213
6473
584
6735
9975
2077
5705
4682
8315
4795
8914
9934
4969
2524
4494
22
6317
1783
5570
7465
2621
1249
8870
9993
5529
5942
2061
8256
15
9336
8422
3533
596
9480
9922
2220
9733
7838
9636
4060
6206
7447
2903
9675
7703
4815
7946
5191
1314
582
2503
8463
1465
802
4424
8995
2140
2257
5536
1370
8305
8049
940
123
2048
2760
8778
8491
2318
1336
8164
5201
1412
5460
9242
3511
82
3465
3351
9431
7822
7420
5165
8729
7598
5640
2213
3778
3925
1610
8235
6434
3769
4854
3058
5098
8909
1544
4214
7619
4138
7788
5690
7094
1925
1295
3338
142
1177
7283
5349
2685
1033
293
3179
4790
4939
6332
9242
9155
1266
4968
2167
9570
6909
8901
4478
9448
9757
2674
4852
9489
8810
8586
6880
8296
5722
3441
7057
3987
3602
6063
4357
2526
45
477
5186
3240
7857
6761
1645
3643
7230
2037
297
8622
5145
7108
2400
8199
8143
1383
3017
2505
3806
59
2417
227
3007
1775
9564
7468
1371
3607
6126
8910
9997
5253
2518
5434
994
1482
8102
8180
9711
7667
9583
1176
8439
9514
5134
6390
2306
1448
2993
5154
6721
7206
951
7919
7795
4165
8944
1593
1203
8698
6004
659
3776
6471
1443
6419
3354
5176
9668
918
6933
9754
5086
8741
313
6966
6309
9964
2272
2693
6558
638
5996
2020
650
8598
8228
1729
6956
2196
2220
7948
9140
6905
484
2874
6584
4110
739
5021
3024
3044
4345
957
4919
4491
5190
5693
3758
4744
9277
9512
6705
8743
2471
7388
3015
2436
2770
14
7166
9976
8222
2204
5485
2224
7884
3981
579
9877
2446
255
1535
9460
1685
2506
7609
8104
6001
4164
4947
5874
7491
7640
5281
968
9809
2149
4383
6787
9629
9200
8910
6178
278
9032
1334
4387
4968
1159
5151
2477
1509
7504
28
8798
496
5665
7374
875
5969
9335
8212
7066
7874
703
3310
6611
6784
690
6609
6769
3559
7372
4
9400
9987
8661
4587
6163
9981
5868
7652
4721
6323
6071
236
5704
425
9604
8427
3386
1090
9330
9467
1172
2396
6055
5205
2702
5506
6711
3350
1170
7874
2607
9886
3634
4259
6888
58
56
2110
4307
7399
6330
7464
2388
9576
7227
2253
7564
9094
7329
1925
1996
2855
1270
8841
3878
2184
5353
2741
5405
2933
9862
3948
6825
3824
9401
8630
375
5421
5624
1207
9035
9473
1991
6404
6698
1662
6486
2902
3200
7921
2649
2445
1267
8557
1987
9731
4803
7661
1655
3737
9626
7153
9506
1624
3861
8404
526
6066
1407
3154
3318
8874
2271
5109
6291
2629
8557
7868
4380
8680
4785
8537
736
9115
1310
1249
9149
7905
637
5954
4291
4975
8765
2668
62
1741
1567
8716
7736
8073
5928
9492
3976
7465
8669
1924
3045
3648
1910
6996
7441
3256
9163
1440
4530
5239
1913
2289
1594
6426
6178
9556
7947
5015
4514
7056
5464
9105
6229
398
5637
3372
5136
5629
4401
9510
7237
4346
7482
9560
9414
6479
5553
4053
6842
6318
9227
391
611
2041
1113
7536
7361
311
1094
5788
7129
4392
4427
573
9896
6651
8621
200
552
5386
5508
6243
1844
1186
8539
213
3348
6475
5258
1880
6001
9640
8746
8346
1823
8983
552
3662
5503
92
358
1665
5393
4306
4401
4979
4249
5201
6804
5922
3717
1279
7301
8659
6822
6452
1165
1894
8035
8585
3155
1044
5317
4165
8440
6205
8601
4396
8652
6851
766
966
7198
9839
3654
7114
9031
3359
9152
2787
1499
4017
3852
2786
7083
2641
8914
4688
2567
2281
7549
3288
1256
2932
5622
5660
3048
2780
8105
6250
2348
7248
5971
2257
5294
3669
1774
6181
3472
7609
7664
393
5984
3876
1220
3289
2631
2866
5280
2854
2421
1683
337
9949
748
8896
329
5396
7758
9419
3074
9234
2686
6056
7180
2135
6937
909
9267
8648
1721
119
1966
4532
6204
345
1715
4117
6692
4917
8079
7906
914
5626
8278
6981
6496
5719
7995
9502
6348
1861
6903
908
4509
8195
8641
3937
3936
6968
5769
6767
653
9386
787
2037
2470
3495
1397
2223
5575
5164
3958
8747
8162
1033
1150
4684
3646
2222
5534
1755
6771
9123
9299
1061
2463
4503
6990
3458
5149
4675
1229
7432
65
8497
4959
1670
5911
2699
9924
3242
2824
1935
1387
801
9756
7531
3467
4615
7455
2329
379
4928
7789
140
6124
4014
1974
1508
1489
5203
3216
2138
7063
9577
1306
5304
8801
1302
1512
6659
3546
75
9631
9602
4815
4215
3779
2077
572
6209
1835
6878
7857
1828
7818
4780
2984
1585
6999
9011
758
7098
9448
6140
5380
8526
2827
546
1337
2454
5639
9330
5753
3175
2965
4382
469
2493
177
674
2137
3052
1088
9248
4238
2113
5592
9292
9336
5588
5984
372
4342
4949
3540
5413
3553
7153
9092
3702
1855
6891
9397
8938
2207
3258
3353
9350
1530
9669
7551
1686
1082
748
8378
2844
4695
3721
7506
5735
9161
8000
193
4676
6506
4490
8296
8018
7973
8992
9990
7192
9274
7543
572
5848
8159
7217
7090
6527
1090
1377
8768
5855
7164
2235
9137
4545
3737
7570
1174
9425
7172
6464
1032
4840
7939
3379
7519
1267
2748
2714
2151
2169
10
7137
5839
8710
6908
1523
4887
8740
7697
1905
5642
9343
8623
6878
9894
849
4217
4039
9041
88
8368
5771
8820
5932
543
816
2322
4574
5733
6585
1182
8384
9523
1784
6825
908
3643
8739
5589
9632
7888
1256
1908
8115
5747
8895
2200
6966
7902
6199
2359
6133
4218
6280
9561
1165
1515
3881
9280
6471
5270
702
815
5728
3195
7991
1290
4150
393
4680
4495
593
6294
1592
9333
3455
2774
1307
7081
3932
565
2885
4729
5567
7946
6178
2145
7900
8741
5987
9544
2029
2315
8751
1330
5301
3641
5126
3340
9171
1598
3719
6527
1389
9859
348
1017
4889
5501
4757
6998
8895
1549
9940
128
6599
6694
706
440
9069
745
8990
9551
6020
5231
5950
8421
5839
3731
9787
6620
9186
184
9728
4956
2611
172
254
8380
4581
3505
4860
4956
6318
1572
2681
3755
8594
6846
2139
2862
4375
9105
5359
8335
4230
3468
5379
6536
1715
5429
6749
3255
377
8949
9202
9316
7784
2368
7993
4912
537
7
1861
614
7299
9026
3325
8886
4120
5320
7279
4216
3729
1341
770
7460
8073
7581
6994
3432
2464
6795
4873
8824
7415
3182
4121
8179
296
8677
412
4086
9808
5601
954
7201
3307
6844
4513
9393
224
5759
6361
1907
6943
1017
701
4372
8110
6045
8380
3173
2047
6452
1542
9823
1028
3077
8135
9488
8470
5560
119
5634
6894
133
561
9467
9768
8144
103
5184
5110
5398
1657
6766
7715
6360
5997
679
3119
433
6424
5978
3565
3062
2995
6693
7572
5665
7843
424
5268
3421
6322
7981
5923
9134
3156
9523
7200
4808
7789
1287
8234
8558
4381
2082
28
5406
5403
9153
1820
2524
2177
3506
3775
2690
1493
3807
6727
3325
9325
3261
4352
5995
866
9785
8701
6771
7488
3069
3041
6580
333
8873
5551
5482
7255
4066
6939
6895
3424
1241
1147
3781
3124
6908
5791
3052
9470
3880
473
4983
8967
278
1343
7889
1817
6103
8666
2508
3482
8267
2482
4122
8353
8712
5855
7832
9506
3327
4897
6523
7531
9586
201
7499
1147
31
3692
5059
7614
6242
3972
1929
4375
8246
5011
3053
9396
8952
6140
6296
4448
3628
5764
9620
7268
5173
4827
8960
4539
6686
1726
3792
4560
24
580
9165
1032
7297
1513
7330
2450
3262
2953
827
3886
9457
9917
4372
6342
7362
9179
363
8338
1938
6739
6344
4626
2675
4158
4646
6247
306
2189
5574
6294
4126
6035
6047
172
3751
7489
2802
7000
2988
9963
2273
6180
5593
4202
8444
5497
7127
6164
8685
1481
368
9758
6538
9736
8916
126
4946
1444
971
7940
2822
3330
345
6593
6941
5451
3445
3628
6770
5057
8020
5354
3342
159
6596
3517
5936
4686
2862
8344
4005
3828
5975
4031
5584
8765
7762
4702
7537
5172
90
9264
7952
3191
6176
9049
7791
7354
4136
9501
2264
5149
9833
5498
1802
6278
4998
7816
466
2965
2563
6628
3398
2393
2116
3712
4875
8980
7565
1535
5903
777
5892
2285
8789
627
3445
648
8341
3251
3287
9634
8888
1952
6373
8965
3039
3881
5006
1389
953
9891
8148
9007
2725
6061
9027
3618
2985
5028
7208
203
7503
9076
9120
9516
4627
8316
7658
1458
3275
5088
3227
5806
3512
8048
7749
3402
9483
9488
1714
986
2574
4199
6248
8180
4542
2652
9557
9056
8618
3838
5071
2504
5925
836
7970
4727
4957
4208
5388
8136
4089
56
9387
684
5046
4510
7405
4708
9527
9613
9069
6284
8841
9708
878
5934
5581
8277
1809
9914
8165
6055
3935
588
9243
489
3890
8581
5851
9793
2516
817
3728
9534
8259
9278
9009
4103
1355
4008
9387
9335
7319
2174
7641
3519
9279
116
1443
6396
1174
181
8678
330
8805
6108
4474
757
8818
4520
7352
989
6448
9649
6366
4487
9224
5952
5574
2893
2470
7324
4845
192
6371
165
3347
2428
3109
3707
2386
9005
5120
817
903
8779
3537
9324
4317
274
4460
3135
9442
4782
4450
2280
1640
8470
9515
1556
4586
1141
6044
1831
8650
6932
6176
6138
1767
2930
382
2043
1378
3319
6084
8733
6165
1920
1621
8773
4
2761
7673
9407
9148
3632
1743
2338
604
2219
6359
4972
8653
6749
9946
3800
4090
9694
2607
9861
4615
2771
7232
8444
1590
2410
1174
6123
9791
1663
7592
2123
6272
9531
243
1785
6848
5911
9439
9565
1418
6722
5072
7170
3169
9891
4328
9522
6705
4349
4145
7256
7722
252
4600
2359
3992
5474
1913
1255
6413
9734
2102
586
5431
3685
4794
9550
1257
6973
5870
4357
8291
4077
9383
9519
2599
7658
9112
749
2858
8639
6473
9738
1458
2517
8766
6279
6806
4909
1788
293
8837
2320
1505
191
6456
7222
4991
9598
5957
4457
3048
395
5161
7245
4607
9493
25
8868
806
5001
6339
3777
8688
2535
8863
9611
3881
1836
3500
5386
6668
4262
7042
8799
1241
8600
2136
7134
3386
8565
7969
7667
1044
1730
3000
3599
8108
5464
5466
4168
5146
7325
5919
5422
7060
1048
4422
984
5983
1616
3823
8047
8017
3167
6232
5375
6068
4350
5599
4146
5094
389
1130
1766
7396
3546
2290
4316
2137
3694
704
7559
7797
7162
9465
2319
8101
3727
1571
7207
848
3814
5264
1515
1317
2737
2495
8937
9461
2830
9610
9577
2747
7676
8340
2752
9704
700
508
9476
70
4993
2179
8105
744
5978
1419
9526
3844
2085
9292
3293
8947
5342
738
6502
1490
2226
7679
2153
7642
6460
795
4624
1940
7036
9833
323
6890
458
5708
1219
6224
73
2108
2882
8611
6885
2713
3424
2339
3914
7586
4860
2862
3527
3483
7319
3302
5380
9737
751
2398
3786
345
8637
6619
9629
6103
9520
3366
745
9985
9399
5499
9718
2704
3754
7236
9187
4911
2960
5869
7651
5219
369
7310
6865
1017
6418
3599
2485
65
5555
6498
4708
6136
3943
9298
8955
4802
8733
6502
2677
6347
7243
1766
9396
96
6172
5155
7989
9875
8096
6773
4789
1550
1331
376
9375
7883
7886
1878
3713
1337
958
7922
1580
9786
4395
9835
2682
8122
5441
9475
973
9197
5452
4725
7036
838
6490
3259
6137
5297
9932
1865
6895
2755
2052
3235
9486
2710
9292
745
6685
5361
319
6646
3332
3028
2794
2298
2185
6557
5734
1263
9306
3995
5787
185
2578
7188
7913
7554
321
8928
5952
7685
1997
2077
9392
6809
7229
2976
6749
7853
9590
1155
2840
2118
770
6511
2345
4723
3327
755
8118
5453
5760
6876
1312
2050
1056
8636
7149
3147
8990
8968
6872
1216
4628
7778
569
3724
5785
4489
1337
9531
1008
4500
9325
2870
5338
4740
6931
9661
7078
8018
6220
1156
4022
6506
6632
5703
6092
9956
2737
8803
2067
2484
8725
4021
1978
5982
9916
4586
5912
6293
2088
7990
3242
9412
2136
1360
7913
9634
8862
5625
3528
767
8223
5820
6975
8424
5839
6627
7572
6912
7471
4188
5961
7590
1876
2231
9882
7530
8778
6750
1123
7571
3879
7097
5142
8798
1380
8223
4452
6837
4523
3783
3922
3083
1255
5822
5341
4367
3998
8936
8112
3000
1430
3851
2764
4060
82
771
9026
1148
7947
1874
8829
1428
2676
2071
436
2079
7594
9771
9698
1010
1187
9278
7898
8405
6142
7836
6351
2560
1093
5388
8932
9726
3717
2300
7503
8093
5428
1991
8972
544
3846
279
8805
97
3864
2644
8619
7204
3268
9113
7789
1793
8831
6531
9124
3193
5452
4835
4998
2379
4732
7336
9118
3686
7484
547
7056
9351
9563
5357
7622
5542
586
1501
670
2436
1352
8676
147
1509
8033
23
2329
585
2020
1595
8002
9526
9809
3388
5800
5091
9399
9426
7342
1345
6787
9896
2575
2591
2901
1745
6444
6321
3865
5190
8242
1890
1718
3335
5246
4713
9314
2929
3087
3649
9004
5615
9504
1383
5641
9726
2588
7248
9107
7468
9882
2764
683
9839
1122
9054
7734
8233
8954
1643
4540
5798
4700
2779
4688
8720
5512
3561
9252
571
1192
2968
368
1030
9070
3508
3046
7159
2314
8537
1795
1941
9963
1976
2090
39
5748
2976
6967
2438
9856
6599
3550
2494
8333
7173
6106
9680
125
35
7623
6928
4555
3002
8175
3694
9610
1204
8794
5563
3136
3402
5152
4456
2942
4466
1143
127
7994
4497
5862
4867
81
5944
9698
9597
6442
6307
8339
7338
9059
2790
8090
8106
3992
2168
9761
9848
5324
3402
355
6668
5473
7540
6303
7762
5535
3417
989
8714
5888
1216
398
3629
4153
991
7656
6195
250
3168
2441
2059
3291
8494
8672
9657
1197
9613
7484
1445
9208
5863
759
3011
6475
8130
1840
7574
5853
4325
1271
3266
838
7195
5040
3774
647
8066
1410
7187
3200
8254
6760
3436
7648
1413
1241
1861
2749
4570
300
8277
1647
3223
3213
3400
5547
5621
169
8411
349
8825
3965
7414
8218
6184
2240
7809
7488
8100
8918
5930
6063
2017
6122
8902
5738
6447
3992
1932
5725
4483
1460
3753
5669
5903
8326
1673
3899
6402
7381
4731
5923
8401
6215
498
243
6399
7314
5785
2370
3363
3446
9153
6228
1243
9027
5744
1436
9611
8610
7237
6058
2551
3008
438
9686
3893
3052
9408
5575
5173
2037
70
2348
4679
8507
5
1672
5078
9470
3103
9561
4855
378
1253
7273
7741
7075
4969
8997
4436
6172
9648
4545
2504
2337
3071
5410
610
9559
371
5361
2528
2599
685
5135
8924
1709
1015
5223
4530
7585
7949
1490
2505
9475
2498
3584
7520
7286
8664
1631
2066
685
7575
8450
1874
861
6432
2082
7259
8801
1111
6076
6396
5751
6608
697
4752
7724
668
4328
8264
73
3617
3161
1200
2670
8565
6578
5684
1958
1993
1240
8330
8353
8546
8402
1729
358
7221
2598
1097
9870
5441
2244
8776
3862
154
7596
7853
1710
5390
4212
6619
4327
3652
262
9621
2361
1032
1371
2141
1986
8995
3622
2354
8584
8902
3061
3802
273
4795
1206
3054
265
7528
539
3481
9370
3560
162
9043
5029
8825
6069
9277
1681
5722
7814
971
1338
1109
7229
9963
6389
5875
6649
5904
4041
9844
7676
6942
5286
1484
2992
6633
9384
7975
7734
4439
9914
7774
2123
1190
600
1374
6079
6951
4721
7913
7684
7429
8759
4293
5102
9777
1465
5539
3870
2652
7154
1700
5550
49
6237
8995
6929
249
4866
6910
8235
5229
9845
3529
1838
8580
7910
651
5590
5293
5267
9725
7097
3583
4583
8325
5020
1735
9135
5064
1788
7012
4399
6016
9547
807
8522
9303
7030
6801
2360
3777
9498
5930
6708
1085
7589
9679
605
9805
156
6001
4148
9164
5086
200
8055
7967
6197
3831
5394
6713
8502
2425
3534
5143
5689
6090
6448
8638
2952
2690
6712
3394
5603
1060
613
4262
938
5337
1365
5791
5116
6028
6693
1639
736
7306
9870
7454
1837
998
3391
8151
8579
6399
2529
5839
6950
3343
2370
4781
6428
6941
6697
2584
1829
1163
8695
645
7311
4741
4773
9112
6977
4624
8606
3756
2467
4288
4257
2548
1437
4719
3488
8220
868
6950
9745
9615
7709
5303
3214
5669
7781
6948
4777
5109
2383
8463
1464
7972
2866
2818
9669
1805
6436
7582
370
7009
5422
4893
3581
6453
544
272
7835
3048
7664
999
4082
5195
1961
1872
3368
3197
3343
265
7733
538
1294
3054
8939
3838
263
6132
9483
1612
4455
6151
9668
1747
3530
8213
3990
5044
5567
305
9477
7396
5814
1339
6012
60
6530
2355
5035
5536
2546
7257
2151
2125
9893
3081
3020
3337
9914
6456
7317
1356
5192
4583
5739
6055
7622
1649
8285
4562
4242
708
8696
873
4820
1048
1002
6684
770
6762
2811
5140
5887
41
5058
8218
8440
5847
9616
2790
6333
6140
5766
2466
5390
6792
6622
4357
1103
937
528
78
7632
5308
3693
1697
3846
7951
5249
9940
7533
4777
8904
8347
5554
2687
232
4063
6589
1286
4902
8730
1275
7084
9505
1184
1001
1768
739
5494
3353
2053
5506
5111
6573
1110
7728
1554
6380
7547
5632
5931
3766
5839
9838
8062
2586
3693
9171
5793
4156
4371
4540
558
1116
2388
7561
7579
9449
4025
3505
5983
7863
9554
6199
7383
5099
8573
3374
4576
8882
7062
7723
9173
2040
4179
6753
5328
814
8503
9578
974
3058
7602
5542
8750
3651
8243
921
4723
2688
1278
9997
8109
4220
2357
7458
9052
6537
9962
9734
447
309
9788
8094
5279
9527
1552
6410
5752
7117
6550
7432
7638
9382
7494
4345
1751
6839
8332
7918
1567
5002
4523
277
7017
5618
5807
4427
3567
6249
7248
8575
4920
638
2265
83
771
6985
2955
2084
9675
9510
9353
3187
7713
9678
1473
4755
9275
9203
5092
9290
5805
877
8547
1794
3227
8743
9690
8807
1720
819
5640
6226
7980
5801
4828
2504
293
7402
4074
4453
7986
2290
1420
4945
5206
8534
3073
4008
3727
9155
5866
2826
4823
5557
1996
373
9204
7774
6496
2277
7445
346
7446
5623
6176
1992
8365
4546
3651
9924
3057
6095
993
5516
7143
5088
4592
6537
6502
3320
6584
9413
4356
3749
9006
4118
5392
4548
9730
2518
647
8553
4220
701
1780
8412
9518
6348
7626
5528
5256
4987
4978
8627
2071
3606
7963
202
987
3898
6079
5698
2346
9104
7325
8654
5363
1239
4912
7837
883
4928
3973
3723
3332
186
7946
1252
333
2559
2427
9732
2582
165
867
8372
3299
7861
1572
7004
1454
6764
5019
3445
3950
6853
5687
9539
6662
1757
5325
4291
5432
7616
9247
1933
9304
9967
7567
4939
3546
3851
5625
471
8694
5201
2157
9840
4533
5860
8899
2101
9007
2509
5776
9659
1464
77
9323
5590
173
1814
9393
6215
822
1923
2660
8829
8775
4829
9914
7074
837
4126
638
3842
9803
8809
1820
195
1887
2852
6937
1608
393
4987
3888
7058
7600
1836
6073
7060
716
6270
9792
7693
5148
7683
5402
3600
8303
7920
4845
2235
5379
8113
2480
511
16
7120
2637
2194
5490
1443
9459
7557
9814
5397
3701
9927
4574
6431
6687
9608
6300
1092
1718
7697
2972
4918
6639
8874
7102
933
8762
1750
7430
3678
4714
437
8461
7629
4097
1800
1250
5479
8825
3892
2817
8142
8828
6958
6821
3100
7721
2221
9146
160
8073
5255
4417
9401
33
2772
6410
1728
3706
4110
3716
5322
3163
1563
5375
48
6072
8882
6501
347
4922
6326
3256
797
9962
9694
9259
7839
7918
6498
3587
6190
4410
8714
4134
1800
8523
1228
6397
2219
7243
6069
511
434
2702
3506
2317
5534
1032
8368
6974
5415
7583
2311
3433
1414
9217
6343
8598
8197
1065
4244
7142
1697
7321
2400
5805
5894
2521
3541
9613
1557
251
3062
458
8448
4423
7428
307
7068
8888
1804
9099
9845
1061
9202
5193
180
6488
7480
2833
5701
5604
8112
8494
2638
9985
1335
1658
1822
2584
5419
6824
756
9936
7885
2596
10
8216
5074
5767
8575
1160
2910
42
6423
7812
3314
6775
8759
7545
4170
731
6135
5620
9139
8276
5367
1378
1491
4477
5894
271
6202
7227
756
7106
9554
2207
5273
5576
6967
4662
3423
7437
7528
9183
3450
3132
9532
4888
4983
3176
2454
4965
7422
5708
7848
8828
9611
4187
9466
4832
914
7605
3382
4912
8443
2196
9960
7831
8290
8263
6048
2164
6743
3979
698
8131
9950
1814
250
6173
3778
6273
5276
6311
3859
4104
658
3353
8842
7847
4997
8897
9817
9619
5463
6789
1436
4638
229
8789
357
1520
4844
3495
7041
1453
8130
815
2
3087
213
4141
4420
2057
5328
1982
1298
8942
4061
9949
4049
9739
127
2333
5775
8883
2411
4089
8592
1995
6759
2758
5667
4068
7668
336
1894
6187
5515
8255
4365
7897
8031
8651
416
1877
4707
4713
2633
3700
4560
501
5464
6534
3265
751
7047
899
1502
5483
6338
5503
9466
9867
8165
8820
7834
2232
8235
10
6434
9593
2683
6537
5016
2081
4973
4356
1051
7274
224
6684
2208
355
6495
9323
2634
3465
1697
9446
6375
8808
9568
138
2003
4595
5809
1396
4442
475
8308
7123
3984
3325
3711
1522
6592
7522
1478
5137
2226
1031
5838
973
2950
8893
4266
3333
8536
1429
3463
380
8604
8640
5692
7388
2455
6787
7614
3302
7824
9796
9090
7748
4781
978
3340
9448
621
1609
4595
3237
4035
9691
1058
2622
4904
4815
8450
8119
1870
4743
5791
2098
2556
5236
6288
1898
7179
9755
8744
6729
2400
2315
5730
4988
5894
7404
2294
1190
1198
6667
6079
3404
4176
9725
4107
5972
2727
1844
8593
8886
3026
9806
7506
1098
3226
8363
5805
3949
8407
5329
2079
4761
3125
5037
2242
9008
6275
4330
2290
5084
1762
6021
2573
7514
9553
4261
105
4539
7169
5935
1563
291
7651
9086
6177
3765
5173
143
2931
6584
513
9158
755
7123
4972
7906
7256
6571
5571
8573
6435
111
2201
3336
5645
9221
8037
247
7992
4993
6550
2458
4726
1631
5661
2135
6453
8135
8453
2810
4791
2871
6062
1277
9799
1924
6354
3422
2180
3441
8670
2254
4635
8071
1854
5313
7986
3075
5313
426
473
1667
1873
3263
5700
179
7309
718
3940
5587
4982
2249
7712
6992
8899
9500
4963
2492
3052
202
8396
7503
3769
2145
2023
224
1468
9592
2089
3977
6458
938
6787
1276
766
2928
9834
9931
6136
7499
7030
4817
765
5874
7272
4326
5344
63
4517
6444
6371
5824
5636
4332
116
1582
7091
9030
1590
4754
9076
257
754
270
7803
8834
7148
2846
1954
8378
1966
4789
867
3647
4882
8125
7305
3908
8724
7720
5957
747
5608
9050
2228
5356
3549
9078
5983
5692
7981
8158
756
7695
77
7168
5382
5429
3217
9646
9633
6643
4160
9590
4196
3380
6798
7044
2799
2071
2446
6454
4644
7405
1811
9973
8105
4766
1174
7010
2446
9557
7418
2024
9234
7099
844
1337
8500
9735
4604
2411
5891
6394
1291
3448
4674
3063
3671
3867
5246
8979
4913
5781
658
2856
4680
7867
4854
1405
85
1528
6749
1114
2293
7254
4070
3068
3410
951
7558
3649
2231
7659
7122
6529
9318
1910
9825
2088
4989
7959
3170
3778
4826
2823
3032
8807
4225
4450
4670
1962
5474
3438
6465
6941
4065
4887
9133
8368
6687
8916
6469
5112
6045
3164
1943
5521
106
9831
3853
4342
6893
4423
7288
874
8293
1252
3135
6112
6624
5611
2021
6997
780
552
7360
1433
5097
9041
3161
3496
7835
5549
4987
7797
4472
9197
5733
8350
1314
1663
9349
3755
4641
1712
2846
4714
1303
233
4004
5421
8710
4007
1993
8787
6325
1595
4712
2064
9632
3279
9934
39
6781
3104
7112
785
8407
2251
6760
6131
4888
548
9244
6477
9313
2076
4425
4204
8005
9741
9041
2436
5751
7927
1894
3424
7481
572
9058
5063
6733
6085
442
7504
4052
7594
3625
3145
3276
6109
5986
3955
1829
3789
7808
4705
8577
5982
9714
4644
3229
4583
4308
5303
2797
4794
461
1825
5597
7958
2525
3482
2332
6563
9575
4926
9483
495
9313
1900
1621
3672
9386
1509
2955
5470
4938
1372
9593
4735
9059
9071
8517
1887
2180
7079
5940
4514
9926
8094
5272
9602
7476
5020
1951
798
8206
3526
8693
1806
9418
3185
4332
1258
3016
8665
7681
7332
9271
2955
4796
3424
8556
6106
5689
525
75
9785
7693
1240
5834
5179
54
9892
3163
6919
1051
7143
3959
5812
5567
3133
5601
8238
7954
5226
9142
4423
7481
6861
8814
5494
9587
8251
7864
5618
4682
8333
4446
2969
33
2243
5580
3747
778
2469
5557
7161
3918
3849
9123
1379
7515
7656
1763
5296
233
573
5595
7509
3448
3406
9096
5468
7555
5327
9768
4602
9780
9186
9582
7548
5359
7505
2082
4212
9715
8589
2356
3019
5411
2008
9111
158
4574
5837
2734
9213
7804
4454
9281
6063
2326
2946
4376
6696
2703
3326
3864
6653
5527
2281
7092
8030
2648
2687
6529
3300
3157
2428
5823
9798
6183
2814
5049
2079
3403
3476
9608
4604
2085
4434
898
9842
8901
1121
5740
8782
8110
7997
9484
4527
8635
6354
750
8923
9566
3728
376
7331
2588
501
4585
5364
390
515
9029
2833
1276
4885
6238
5468
3555
5841
2102
5877
3175
9358
2854
7074
891
5408
581
9937
7693
9196
1356
9713
1796
145
7809
2442
2655
5304
8993
5314
4702
6424
4034
6548
1321
6245
476
1152
5688
6116
8806
5225
9890
6794
9803
4506
3871
3820
8020
7272
7701
1515
3189
4131
8137
5839
665
4633
3526
5788
5599
3707
1441
8183
9628
7141
4016
687
6506
93
3246
4688
4720
9338
5569
548
4711
8028
5153
1463
3383
2416
5362
8936
5013
8399
4983
4395
5187
5396
4202
8660
8214
4012
1543
5801
7810
464
7579
9369
5902
5381
7985
3339
9948
7808
8863
3430
5035
2254
3990
7552
9886
8646
3715
8753
6347
813
1445
658
3969
2060
4655
521
9532
1434
3012
76
1516
1786
6540
4441
2527
7442
4336
5204
428
8822
522
7607
4612
6164
6759
9687
4474
5604
9052
1221
4890
7155
9823
9110
5676
1179
776
1402
8061
3870
2111
1660
7430
2006
5577
1406
225
197
9587
9954
9236
9376
1099
2586
2638
1028
8712
5602
7675
7604
9780
9357
4427
8685
5768
4597
984
1125
7404
6438
2253
1575
2783
652
7895
6053
9672
7879
2685
3167
1179
5398
5795
4001
4721
1623
2490
6275
3153
6392
9817
7792
1890
6996
7844
6216
463
138
9566
2089
2134
6514
1890
9948
2162
2649
5480
4058
2068
9519
4407
4798
3600
9286
7481
804
2364
4465
8899
554
4151
7419
9606
1895
133
4297
6440
7489
2750
4416
6688
660
9496
1593
8427
1217
1735
4961
3263
8024
2615
7038
9003
4173
9160
9440
6109
2054
7320
7488
5603
5996
6276
6596
950
2142
240
9111
6232
7963
2233
3427
785
4850
5284
6291
2287
2685
868
3001
5038
1249
5738
5227
5071
7749
7524
6982
6678
1364
602
5496
7685
8994
4552
6303
1745
2465
6644
5673
1756
7186
3388
9348
6088
7944
2458
4043
6922
8010
8002
3917
2484
3363
5405
4152
8834
8992
3683
5445
8114
7224
6354
932
4110
4242
9692
5055
3685
1919
4145
3409
452
6162
5401
3623
3480
9183
4422
3002
2292
1568
9439
1293
8579
7244
9374
8875
1449
6702
2254
790
4579
4555
443
2961
9891
4640
5257
6725
1051
5384
9856
9969
8576
1558
2597
9036
6552
9415
8194
2896
1431
4977
7880
5798
8511
3159
1323
5877
7420
2396
671
4004
3128
2610
1983
6743
3812
8133
4519
3548
6617
5967
9708
2757
9617
4280
5941
3192
1879
3908
3711
4035
5587
8290
6783
1643
3281
2285
989
5461
668
643
8419
9502
8080
1559
5872
3796
3690
6569
1842
7277
953
4770
2345
8145
7281
1023
2701
1721
8951
2553
9953
7223
6040
8163
8900
9097
4774
9996
3238
4222
2344
6687
6004
1992
1064
3470
3570
8589
5302
3953
3532
6791
5248
944
4749
6778
5584
854
9863
1462
259
1365
8815
6945
2910
3866
8150
296
5443
3024
7712
3766
6782
4625
727
7291
4009
5577
1646
7712
8287
5928
9912
2201
6927
622
486
6214
3900
1674
5248
545
5822
9332
8366
8134
3501
6640
1594
9033
7500
2805
7606
3720
1537
8205
4666
4390
8858
7942
8196
8404
4623
347
3259
5431
207
6731
5916
2106
6135
3153
7372
5088
7405
7238
1736
3942
2483
5161
6473
7406
3728
8026
6194
9968
8198
4330
4995
8524
790
9268
7469
7502
4166
5824
7156
1041
6087
2908
7446
4787
2553
3866
8783
2341
7713
4119
1485
2440
8835
9687
4588
2909
4076
3158
9473
1050
1082
8962
8853
3805
3011
5827
6036
3189
5715
5270
8995
1791
4213
8652
4442
4366
1102
1790
6480
6398
1220
1950
7220
7882
5945
6832
4435
3422
9028
2555
9270
2895
8300
3709
7154
1527
9734
8737
2077
6171
3232
1361
5168
2623
7001
8620
5839
3901
5715
9314
841
4167
2096
674
6882
4807
6414
3588
7538
2117
6737
8345
3495
3586
5693
3095
5946
3045
6974
5134
2800
579
7450
7170
2499
1627
9752
64
8284
6611
339
8670
4442
8643
772
7492
5419
5940
7878
2692
2191
4841
3043
3241
556
1647
5307
6233
1950
6097
8010
2029
4245
4333
9568
4719
6859
9906
1364
394
2277
4248
4654
7512
7552
4142
6954
2874
739
1666
3400
9712
5233
1324
5181
5293
908
3807
2859
3116
4270
2995
2709
3036
6535
421
8314
7385
7189
5788
8687
7508
9989
9025
7531
3257
8170
154
9588
2118
9058
3151
9140
4902
766
398
7011
6499
5841
2096
6059
6898
9345
9928
8333
134
416
5866
5441
5185
393
5633
866
403
6362
4427
6275
2295
6559
2885
9285
7466
6570
2761
7870
9206
498
3022
1103
2033
5833
6362
1670
3401
5433
5961
7126
2676
3744
3692
1141
3737
4446
5320
8266
3138
9127
2159
672
4886
3962
4112
8111
7711
978
2437
1264
1544
5400
5675
7117
8185
6961
8015
3222
3974
4805
6480
2582
1526
6128
229
1852
3060
2543
797
3564
8495
1776
564
7532
4516
1312
9900
8246
3879
7494
2369
9545
4986
1227
6939
4645
2264
4404
4621
1782
6603
7211
292
650
7186
2791
2010
8447
7900
3214
5676
1577
8952
2912
5327
5489
2034
4561
1740
389
641
9099
7721
4758
7620
9022
2706
2515
3058
5014
1430
4736
5112
622
9398
7470
5006
3923
7277
481
8317
5692
5665
2898
4762
5763
7518
4169
8408
1024
3641
5797
4061
4078
5925
1000
9336
6465
7225
3138
9558
8926
7956
2162
8095
5965
5691
764
9433
6549
946
8282
7220
7245
4644
7444
6973
1344
8181
7412
2888
460
3207
4705
6202
3560
5278
8674
3821
8914
5437
9350
7875
2791
5158
8685
5869
1816
5728
3493
5861
5754
9655
6565
4171
747
9733
7418
4460
4408
5321
665
9346
7657
8041
6626
4753
2473
5687
5306
7690
9711
9900
7055
7207
6366
5711
6283
2465
6013
8467
8286
4421
980
3226
5978
6613
7493
2257
8444
6734
718
2055
5189
9747
1335
2866
3702
4967
8298
6295
1687
8722
3748
7451
2561
4286
3898
1282
4525
5506
6298
3666
696
2465
1561
721
6982
5311
1124
1414
9756
4307
6347
2939
58
6229
783
4397
5068
6419
3628
8293
9525
1316
7984
1380
6512
8365
2023
1847
9246
4400
5499
2903
3248
9277
3565
512
5682
3928
8493
4764
1260
5523
4707
7125
8937
7058
1426
5050
335
2438
2267
1469
2819
2559
3813
7751
7000
5685
5817
6745
3290
1461
5049
7672
183
7088
8841
191
2543
8726
3170
1125
16
2436
8619
4577
5673
176
3843
2770
4696
134
6374
7006
4650
5511
3078
3729
2095
5431
5331
3283
6185
8644
6969
2893
148
3863
9972
1177
1164
9562
5219
4983
2342
2047
4123
3262
6436
5303
977
2907
5327
3323
1328
6150
1160
7057
7826
5879
7612
6614
5912
6349
2278
2883
5585
947
4810
6997
1868
8999
5185
3453
6771
1904
3449
2027
9781
5127
2899
8517
2366
1319
4116
816
4754
7279
6875
5403
3050
1033
7050
118
5424
7559
3780
8455
6189
6176
5344
1051
2230
9034
9235
4373
7674
6145
7623
1282
4154
8545
2780
1910
2326
8198
1833
8265
1137
3807
1601
6060
1397
2927
7563
6714
6956
8630
3937
5304
8472
7060
240
2805
8235
2950
5565
9267
2024
4839
5503
1873
2689
3922
652
9245
3418
3839
8469
8526
7156
1736
6135
710
5938
2373
1524
8019
6130
150
8487
3734
7196
6710
3066
7295
8918
7374
7296
2749
8305
9780
1323
1440
3591
7290
633
506
3137
9647
5888
4540
9457
7101
6084
6785
3961
2182
2062
7830
999
1993
2206
7495
72
8527
3204
6109
1496
2999
4505
6015
5391
8130
458
169
1735
479
139
8988
6391
3522
8461
4080
6494
4699
1325
7206
9143
3659
7384
3817
6977
5303
2922
4356
5578
2430
1429
4201
8541
7516
3970
6564
8815
9843
7077
8940
6313
4582
4018
6576
9858
7343
7759
3087
58
3685
3226
456
4128
4855
8807
2560
1149
1723
1237
3210
7317
4591
8202
9344
3739
1378
1501
8489
1841
9784
1762
404
7292
2873
2098
4940
7314
9349
7643
1939
6601
1253
7327
7214
1073
2024
3182
4844
2241
4968
3361
4501
8754
4818
5919
52
3092
3111
2318
7376
4234
3695
7057
3101
4594
4277
4462
5989
6067
1223
4205
1829
7203
7561
462
1709
11
3846
4045
8692
1273
9437
4031
5525
9062
4480
8630
1603
3153
2293
4284
4095
3214
447
165
8857
3648
7395
9108
9846
6790
7557
4402
7131
145
1994
726
3128
4432
1643
6141
6756
6212
2991
7478
2674
4952
4980
6361
1490
9713
5220
3740
3300
2321
5845
512
6125
1475
4908
2346
3774
3460
7945
1556
4937
813
5724
2053
3655
6287
4164
8464
7288
3839
9446
3355
9042
456
7513
8653
2802
5597
4870
7215
6711
1555
5805
7026
1585
3775
6258
7299
6289
5223
2640
2292
1800
2069
5148
7688
1892
3591
9420
6677
1052
5963
4842
4584
871
4642
4189
9239
262
9255
1909
6442
2798
331
1155
5776
5447
9922
7179
5080
8775
7736
4996
1924
7832
3827
2834
8205
9934
8380
7920
8332
4011
3725
3108
3305
3141
8833
544
9303
873
5609
4872
2375
9701
6226
576
9555
7770
3362
9694
5399
5083
4216
8647
4141
4136
7027
1975
1726
5527
6440
5587
133
3553
836
3282
1501
1042
6839
4351
8637
6856
1247
7243
8218
322
7970
6793
2990
9337
235
9177
2913
8353
2525
3781
8449
4081
1121
4955
4338
3546
7439
3046
3784
2944
9723
6823
1614
9694
740
5896
1725
8968
7268
7960
3832
2050
5610
5365
8719
3645
2225
501
7198
8272
583
1448
9422
177
2713
7468
2441
1168
9247
8284
3760
2371
8322
2472
7745
3822
9159
4147
9065
2116
6915
1591
3526
1352
7399
112
9532
9603
1882
3495
3528
7085
5264
428
8449
3078
2316
5324
5361
6633
5028
1315
3439
2297
7330
5524
6260
362
8726
5227
5399
5340
3325
4264
6283
7857
5838
7930
5621
4897
5504
5169
6645
4395
1613
6407
8262
3255
9631
8736
7447
6899
9136
5537
2304
9389
7257
9348
6263
9147
5925
2725
7641
5545
8476
574
5259
4381
2305
9240
6466
7427
9162
707
1994
8092
2894
4284
3495
6757
7305
1744
4634
1841
8049
7973
2391
530
8202
4192
6548
5343
5025
8972
5164
4172
6559
1080
9998
1751
8786
8524
4241
5240
7447
4957
4176
3554
5165
6206
2535
6254
1088
4850
2994
5387
5953
5982
9033
9617
6408
1268
3058
5564
8863
579
5914
13
8125
5001
725
7876
8432
2676
7918
71
4754
2988
4409
5455
5732
2200
1791
194
9435
3779
5624
7261
2499
5317
6710
5353
1366
1386
82
1567
2978
4047
2453
6245
8788
1359
2586
6184
5758
3675
7675
5826
8237
1765
6350
4159
804
7798
5601
2206
6246
7756
9778
5600
8539
3270
2297
3248
3896
3824
67
3599
1206
9843
7640
3047
5776
1144
5368
1186
1500
7979
8666
6550
9063
7461
9041
1632
1600
2712
4225
9377
8471
3158
7985
852
7661
9299
9693
9803
1938
8261
6697
3223
3055
1654
5232
764
2795
6159
8738
7380
1395
683
5162
4987
5622
1856
823
9014
3925
8970
3090
6541
2382
4072
3617
9715
5421
2817
3063
4466
6504
5883
5884
8267
3204
4366
6977
3710
2577
5819
1502
9330
1820
9697
3230
6391
9998
7258
179
9924
9
44
235
823
6570
4113
6079
7813
4225
1576
6609
9087
6207
3444
5635
7125
3810
4317
420
5581
7723
8873
9390
6771
5983
1445
389
3633
5216
5304
1489
1881
6812
4563
4233
1831
1612
7475
7158
2392
3637
6528
5413
5464
7200
9203
4662
521
8831
1849
2221
6871
8963
5425
4656
1395
7313
8730
3068
8406
7747
3940
6656
3346
3075
3418
6848
3537
2553
6948
5832
3069
4858
683
2568
4954
919
6346
1868
1853
793
5414
5433
7202
8588
4855
73
4066
5555
2162
562
504
7709
2101
4326
1096
382
7108
1402
5747
2151
5538
485
4173
612
801
9041
3640
8764
8961
1921
4723
5935
9927
3731
1275
939
4403
7570
197
4106
4144
9137
3347
9779
7295
860
6327
618
1257
5781
414
8810
9704
4283
2525
5526
5172
9146
471
8715
850
6345
7435
2038
3128
9466
198
24
1284
7095
5149
162
8707
8557
3154
5611
581
2090
720
4401
7832
2564
6332
440
3742
8536
117
8644
5113
5261
4999
7554
20
8246
9658
7686
9862
3921
9154
8915
2222
4654
5991
909
5459
1407
7656
3821
1577
6089
7351
5548
6277
1699
7559
7224
7075
5030
705
4198
6777
4044
3398
2358
9962
458
5422
3539
7352
5039
3604
528
817
1165
6600
8435
8206
8906
2554
3182
4262
9450
7384
2672
4334
8374
5011
1858
6872
8872
7547
2821
9770
7511
9118
2373
6603
9031
2635
4671
7062
4206
4957
5526
4106
2885
8205
1659
6783
5337
1225
1434
7168
9661
6798
4542
6097
4085
1652
6328
31
5149
7811
4402
7733
2458
5430
3651
6056
963
6847
7810
900
1803
2332
5139
7338
7004
9759
9053
7997
1972
6423
8321
9799
7913
587
3629
3358
6870
7350
7925
4673
7468
8626
3062
6417
9421
4278
2422
7604
7567
5673
6078
9360
2127
4977
1634
70
5335
6569
9650
9448
2706
4331
553
1350
7720
123
5941
4070
8247
1493
9566
8394
8878
2389
7773
7967
9956
6386
7630
5637
5431
6494
4589
297
7824
9840
8648
290
9671
4224
2408
3278
7567
9937
7342
2293
9717
5731
4654
117
3762
9982
1285
9105
6245
3663
7372
3336
3578
7017
3497
4872
1405
7125
5705
3230
5335
1631
7117
437
705
2668
7865
2453
9423
459
119
9082
8494
5526
2300
3544
4085
835
5856
1618
9240
8396
6536
427
5671
6743
8585
8368
7365
6346
8441
5178
7253
5572
6903
9134
3394
2646
6534
2094
6401
5358
1520
7920
941
882
1268
6172
7979
2559
5878
6497
3820
8026
3111
3016
2114
1793
7388
3939
2712
3413
8368
6829
7441
9678
9326
802
4410
7551
3336
4931
6422
2523
5580
8938
3126
2469
6954
345
5552
6060
3
147
2811
818
6886
768
9956
1200
7615
6487
5489
3332
2135
5785
4054
276
9025
6023
6971
9325
7053
1917
7594
623
5466
24
9032
9844
948
4413
6753
6962
5873
225
312
9493
5427
780
6216
783
314
7395
8813
9144
2910
1796
8632
6086
3294
1089
4128
5116
8329
6917
8632
8514
711
3340
1058
324
7640
5460
501
192
7324
7121
2436
6470
5163
5320
9994
8947
8500
8363
276
5438
8848
5288
2384
1840
2711
571
2387
1178
4312
8357
8734
8736
9022
3105
6663
6018
7931
5728
8122
4938
6862
1013
9823
8548
7221
4104
5261
4908
1371
3546
7551
6079
2222
1502
9860
5093
3507
1612
9002
3840
5462
7923
5632
3457
6871
7108
9382
7678
1223
4457
7272
9416
3384
8810
4873
8178
9166
7386
3358
6841
7373
5601
6799
9105
5318
8262
583
6450
5842
1556
8328
8917
5977
3405
485
1311
8328
7222
4023
2176
4204
3056
948
9273
2193
4929
4975
8971
2333
2758
1499
9678
8069
901
4195
2311
2262
3590
1132
4555
3062
6786
4256
9851
6656
2829
2992
5142
2622
9234
1665
5403
2727
716
6328
9418
1465
9023
1183
7978
3683
9975
9570
4146
7194
4776
9854
3933
9805
5295
8535
5757
1179
7180
3260
7603
7394
7946
311
4791
9837
2219
6541
9873
4298
3
1296
1466
5875
7766
608
7249
8899
6231
7156
1704
2250
8552
2775
2168
6060
4496
2477
9993
3785
1680
1452
9162
4202
4210
2966
6024
6056
8108
692
986
9789
51
2232
4928
3923
8977
9365
4847
3269
3737
8619
1169
3408
304
7615
8333
8150
5314
5104
2042
2232
4341
3288
9533
7899
1710
9772
5360
7407
4976
8842
7704
2836
664
7814
196
168
5780
9161
7748
3078
3194
7392
4053
8751
3112
667
905
1847
992
6121
7118
3769
6733
3790
8609
2861
4020
9662
4088
3369
4389
9803
7545
6214
4651
8926
7314
4950
7580
2038
1507
7465
2763
7607
3842
4499
9486
310
3589
9748
4308
9392
9341
3071
4497
7853
3307
7482
1284
8648
2401
6154
4985
582
5851
1090
4850
1326
5206
3204
9408
1290
1244
9931
870
3840
5026
2667
5488
9509
7288
1929
5463
5843
8045
7661
7604
8848
84
6071
4782
997
3808
9807
2168
3247
1757
880
2101
1726
9985
5472
5516
5712
6196
1563
3933
6742
4226
4566
8674
4343
9301
3275
2912
6883
820
8233
4209
2662
4970
9186
6374
1810
302
6338
8197
3527
1165
6387
8306
4573
1765
2282
3961
2804
7682
1580
9084
7013
4708
1057
1796
1243
220
45
5661
8164
8628
5248
2527
7107
930
4338
7587
2777
3640
1418
9113
6970
7927
9547
7733
3825
9815
3821
9282
5986
6950
9452
8023
2177
4277
2963
9202
2006
4941
3336
1388
4094
7134
2435
8995
4968
3557
4074
7322
3992
288
6631
328
3662
5466
3765
6221
1333
2829
1395
3827
1818
1434
2948
8563
9582
6975
7243
1424
5507
1085
5210
3931
444
6400
1439
635
6601
5165
5097
3488
2632
6801
2613
1608
5570
5128
1575
3630
9111
5241
9893
5811
1230
4226
997
7308
6472
536
6961
678
1558
2967
8891
4997
2344
4587
7433
2250
8015
103
847
5107
2340
7169
5913
6737
8557
2060
369
8703
6990
3518
2449
5425
3178
911
2707
6133
6253
5625
2203
308
8657
565
6043
5556
2928
1033
9327
8770
46
3788
1980
4048
7380
6543
6906
2285
8765
785
3473
560
9781
4159
6043
7122
9151
2853
4357
652
7149
9163
6883
6095
7958
6424
8056
1047
8762
3468
890
8779
4224
7197
5650
3613
7845
2663
2149
7871
8596
2216
152
1113
1071
2665
3355
2718
4378
4421
8556
2925
8753
6061
2006
6903
7107
5742
1228
7267
6601
5714
7988
1177
7727
9079
4815
7290
9110
4638
2573
3003
5490
115
316
5569
7792
273
2138
5657
6608
7596
9392
6875
75
5821
5527
1086
4940
9694
3809
4168
7863
9846
3764
8870
87
3819
536
7208
4252
1474
6056
5618
7479
1529
4597
1981
4095
6497
6227
5880
4538
4292
7219
4252
2356
6130
6678
8202
825
6303
5359
4871
1068
1027
6041
3743
7985
2970
8640
3920
2254
354
1636
9379
4147
637
1946
3684
1986
2478
6149
7702
7706
1387
1680
7406
7713
5795
2820
5563
9310
2592
8580
1991
4096
6557
7607
2873
7303
4292
4793
569
2396
5830
3879
8755
3937
3422
95
1009
6059
1766
2710
262
5114
451
1208
1377
5161
2234
935
5099
2963
9321
1074
1198
5747
9387
5888
6350
5187
8556
5007
1615
1838
9937
8882
2491
3172
3507
9877
6401
2608
2534
2473
781
2698
4495
6552
1518
6258
7516
4870
6054
3782
4333
8381
6119
5606
1032
1726
2414
4083
7371
7038
7950
538
7503
3954
7059
8545
1336
633
8
8552
5514
9052
2757
6968
9119
7880
4892
474
3511
9895
2430
7833
4918
1171
6924
6405
7546
8920
4163
6892
5993
1512
9746
4278
9261
491
9508
7379
9407
1204
5007
817
8540
7179
815
1099
3816
9004
721
2412
1586
3369
9186
2518
5983
9441
3725
4082
7511
8924
1808
9472
2032
4322
6273
9083
2099
591
6206
1284
6418
670
4823
2501
7483
6063
3399
6428
7718
9957
1418
832
7089
5922
4388
8424
7681
9922
1228
4826
369
6307
8445
3452
8491
3953
2914
1543
1436
5973
9672
5691
6002
8088
3723
9196
4257
5994
9920
9487
2714
3805
2778
6085
9622
3967
4822
239
1571
3343
6588
9344
5566
5870
6179
8305
1760
9293
6446
6084
6454
1412
2252
7681
3193
6380
1345
470
9571
7260
3722
9072
7678
1835
9351
8379
2755
2346
3344
6136
9051
5211
4841
7200
2041
5065
1032
7369
7306
5810
5973
1800
7695
4823
6297
2667
4812
5865
5849
8903
6503
2407
622
3192
5672
3728
7764
493
4438
1304
2833
548
3026
9003
8918
4936
6027
5438
8010
9937
3237
2656
1865
6462
6762
2642
9908
1891
5911
5058
9345
5065
3175
1310
2024
9399
585
5012
42
1641
8956
5928
9607
5499
8165
8404
2345
2122
4579
223
7046
6378
7755
9255
9508
8651
4175
4910
1593
7780
810
8568
5116
233
6111
6349
1563
9917
5996
5008
2151
4511
285
3690
2544
4516
4546
7724
6462
9641
9017
5261
1727
8459
6348
2694
5105
1
4475
2071
8335
9933
9888
9704
6370
5733
5598
1182
9516
5496
4770
62
7616
8918
6589
4587
2155
3071
4053
5755
6999
637
349
4893
5722
1927
6250
3980
6286
6960
3736
4937
8981
5494
5616
7719
5344
5611
3607
5085
7964
9400
937
3876
3679
3405
9996
7788
7462
303
5907
4270
4818
5587
640
9053
5550
4098
5414
470
646
2236
3828
1994
1583
7582
887
2801
4860
9751
6020
6996
3709
7427
8643
2947
7019
9642
3971
2503
3864
7772
4359
661
5895
1638
7119
9208
4277
2225
1801
8248
2948
2364
2935
9262
9730
2639
9638
4157
7610
3780
4644
2660
4441
3755
9117
788
5295
3537
9114
2872
2971
4334
567
9953
7449
5388
5712
102
5074
9133
3693
3562
2369
8197
5312
1736
9024
2769
5892
4976
6214
632
108
2402
1135
6207
2673
9190
2901
490
9256
8753
8491
4079
2460
4242
5434
407
6124
6704
3573
64
3310
8234
7771
713
6625
2040
2241
2021
8973
2679
0
4350
8954
4360
5087
4691
8978
5818
1600
4131
9025
4638
3032
8450
9653
2125
9509
2466
5560
5250
715
4568
7440
912
4021
5835
3785
9264
945
4454
7852
5993
1580
5719
3949
8979
5848
6821
8276
6607
1812
4858
8039
2184
7710
5930
4979
9892
621
9104
5440
8945
4031
9868
2306
4350
192
5558
3316
2227
8258
1334
2066
5365
7542
9717
8298
1276
5656
7949
6910
2612
4558
6428
9160
531
5042
5459
4252
985
1161
7165
3200
1453
7721
3017
2164
3330
9814
3854
3059
287
2909
9353
697
5137
2777
6434
6583
8660
8582
1627
8421
3618
9871
2426
9458
844
2708
5686
9552
528
3307
855
25
2352
7133
3964
8592
4107
5363
3364
8556
7838
2664
1120
8281
8923
9682
7010
9387
5609
9808
3170
621
494
4326
5186
7196
2217
6230
8710
6493
3707
6792
1419
720
5570
959
2190
6659
5830
6679
7678
7945
7028
5957
1151
5494
3199
2140
2268
6173
6222
8791
4085
6720
7172
1612
9130
5544
8656
6529
1311
9679
8565
9584
9192
4509
9881
8899
6276
1214
3772
2552
2820
416
6621
2902
8032
2230
9491
2832
8618
5323
331
5248
7710
9990
1432
4139
3906
2507
8174
9969
9444
8434
5791
4932
5771
854
3199
1065
8794
9291
9575
529
7864
4214
3936
1694
60
5347
4916
2749
818
1057
8851
2880
2945
3521
8485
9763
5195
7881
3102
4970
7382
9549
4837
7079
1593
7026
8558
5979
1040
8650
6574
5706
2574
5433
2625
6134
6516
6914
7341
3533
9839
9415
6027
9432
4063
3561
3167
4131
9969
7161
9333
4023
5040
3761
7866
6077
7663
1197
9600
6992
5370
2877
3094
6911
1569
621
1760
4724
5947
5922
4908
1300
3547
8514
6977
4984
3546
7320
2344
8099
5363
9896
9323
2148
7237
1406
613
7930
2812
5856
1602
7593
4483
2817
4686
8953
4911
7220
1399
8282
3330
3772
4218
9176
6568
9952
4430
1860
6574
1673
1379
5232
502
2514
3935
3654
7681
4713
1553
4871
88
812
783
1782
6318
1431
6397
675
9449
8435
9631
4144
9776
4530
7226
3554
9669
6677
408
6744
1793
5942
1524
6893
946
6438
2666
2364
8912
6790
7284
3692
4182
6850
4435
5839
9810
5199
6845
944
6911
3249
9304
5523
3395
2150
8813
4029
5896
4823
260
2235
6638
5931
4975
8226
3818
1965
8113
2027
617
5836
3591
2247
6768
1065
4000
4301
493
3481
6378
1586
2648
6836
831
1994
9869
5889
8874
5321
114
2924
2481
3158
4580
6373
3973
8567
9612
8594
9277
8266
4297
6898
8404
6938
9428
951
6329
6212
571
5189
5808
7374
458
7507
9607
4745
2685
5507
2947
5940
884
8872
3864
8223
1509
4822
5709
8922
2415
8383
3289
698
1093
8551
4609
721
2259
2923
1515
3413
5888
4308
8195
5584
12
1264
701
8549
2720
5411
6911
5609
2736
8778
4921
1148
8315
7377
3033
7260
3408
4405
5751
7370
8885
4854
220
5577
9511
9888
2925
3313
5848
4134
3258
2486
9738
2509
6022
504
1216
6612
47
5399
105
5306
5324
4325
68
4258
8601
6942
7981
7310
7412
1812
4508
7976
105
1463
2298
866
9486
4429
6079
5304
2447
453
90
7290
4271
1752
6527
368
2333
5108
269
5489
8444
4261
4174
3882
9353
2958
3311
5728
2289
7674
4202
3234
5247
1864
4019
6334
1283
1653
6320
6147
4563
2270
3941
3053
2004
2521
1194
7262
6396
7160
4977
3249
8717
4069
8570
8991
3692
5998
5452
1928
7477
8300
4628
2701
494
3495
1006
9085
3876
4867
2740
9849
577
1264
2887
8774
3002
5330
1084
3384
8540
6023
6445
7926
5434
7165
9132
9298
3439
2207
4686
8364
4461
5348
4781
2126
482
3605
6347
346
2651
5912
7545
4595
6045
7722
2024
20
3461
4506
5663
6737
5122
8366
7666
2015
9038
1369
7080
5605
1998
7348
7481
8925
8109
3056
9909
9567
1294
6229
1354
4432
3655
9023
5290
680
7839
1756
5412
117
3014
8028
2119
5206
9072
8370
4774
5507
8836
7758
5488
5252
2092
8719
6558
1719
7541
8814
2640
3304
4027
5050
6990
2784
4307
8107
3800
8464
2171
2738
307
1521
8000
7914
2031
2989
574
5898
9585
8132
4139
8874
2725
6793
9953
5387
6811
1673
7902
2724
9026
5032
1234
3082
783
4250
7385
6172
3596
5217
3095
6991
7397
2389
9012
9589
5569
3513
7445
1808
8197
8115
9243
7580
4474
99
9355
6635
1802
2106
7407
7288
8022
9119
7949
587
1853
5941
4594
1893
5385
8546
6660
5233
7564
9088
7078
5054
5010
1317
7702
7778
7932
8061
4956
6711
495
3642
6905
6480
8378
1156
2875
5700
9297
6350
2860
1312
3108
2021
8681
725
4324
526
5648
2989
9493
686
6544
8802
6978
1334
1560
8631
8103
1448
4940
3398
9156
7939
1433
3582
6289
132
3626
9608
2526
7910
8303
6759
1944
8804
4944
6042
3958
6905
7636
3257
4825
6060
2495
6423
2385
1558
7299
3454
4664
9211
4755
5220
7811
6577
2553
6459
5922
1966
5921
6295
2241
4690
6116
917
6079
667
1821
9634
4439
9921
4192
759
8268
6166
304
886
7516
6822
188
5786
7377
7898
1841
7021
2667
6718
9681
7865
70
9677
5015
4659
7827
856
7622
3308
8362
4901
4029
8515
578
2745
5287
7488
6190
6586
7897
8216
8756
3161
347
1973
9170
3058
6334
7684
3440
9700
6267
8337
3066
8050
9668
4023
2362
4606
8445
9546
4674
3853
6884
490
1298
1995
2766
379
6644
6315
9040
534
8322
4815
5657
987
4786
7196
6089
5731
2332
511
2332
5585
1940
2485
7313
4518
6107
3141
585
7889
8552
1304
7643
27
7835
7193
6626
6355
8374
163
6835
800
6720
4943
8065
3506
3007
4552
5367
4208
1587
4550
9894
1148
1307
9125
8523
1867
457
7430
315
1475
9338
7388
8659
8528
2647
3733
6335
3499
9540
5536
8572
3086
8429
1428
9795
1776
5972
5284
1004
8517
3991
4094
6231
2593
962
6819
4641
8591
3505
8594
1611
3505
712
9991
1315
4262
6601
7086
8340
4575
1921
1274
8175
4086
1711
2698
1801
2555
2605
9092
7820
4125
3194
8198
4500
2920
512
3502
4582
389
6388
5227
4798
8665
2963
8152
7048
440
2024
913
5450
7738
8303
6657
9018
1638
5362
5606
5581
4088
5218
9597
5920
6055
180
6129
4446
2974
7166
3221
6771
3402
591
6504
4874
4433
142
6594
1649
3341
1570
4042
3218
153
84
3368
2836
5179
4690
7490
5226
6929
7121
4654
7461
4994
9050
7235
359
4022
2620
291
5108
8481
9127
3091
5672
1573
5316
8207
9151
3607
8909
1134
2149
3586
3301
2638
670
2376
1638
6550
3710
6545
1413
1247
8206
816
4207
1487
1868
5825
2871
4903
3506
5624
9491
3892
3126
5887
1863
6700
3682
6928
5218
3473
9910
6140
6976
6017
1276
4918
2471
1803
7815
6072
7833
8592
7315
3994
5639
4041
6733
2297
6641
4288
4363
4109
7944
6312
6023
478
4306
7638
3316
3200
9877
4257
5167
9247
3974
7742
8845
6957
8900
7029
283
9027
4375
5025
1340
1541
6798
1830
8485
3215
4581
8649
3604
6737
7458
551
6190
6903
9254
8632
8267
2174
3519
375
7971
9648
5552
8475
3201
1355
3501
9087
74
6629
642
4692
7137
6418
2995
5727
9547
5621
4192
4347
7561
14
4425
2154
2433
1993
946
4312
7377
5834
3799
2043
7306
396
4020
3802
7658
1677
436
5979
7142
2610
7533
439
3271
4615
4522
8892
7272
2815
6351
4874
2267
3986
9722
405
9754
5526
8277
5829
7804
4718
1473
2988
3640
1047
7699
5583
8209
8391
726
5379
1938
6192
3442
8134
6653
9563
8189
1352
1393
3820
2587
4239
1233
2266
5655
7229
6878
7144
417
9561
8573
7765
4637
7659
9618
8587
8038
7359
1866
2476
9888
3055
8359
9930
3665
6098
482
4978
2017
3146
2493
7399
6755
2236
2514
6364
103
7509
4523
4771
9778
929
7179
1420
847
5083
8511
9550
8175
5261
1528
5698
8629
767
1020
7637
7447
9117
7097
8451
961
9390
9823
5598
3771
7727
2197
2572
2496
4019
3093
6960
601
6671
8436
9019
8390
1484
1479
1059
1340
2678
7446
9336
3494
8682
6909
9889
2895
693
8422
586
295
7933
7626
6281
1819
8366
5190
8450
4326
262
5157
9246
4949
2928
6978
3667
6862
4118
1159
9719
4490
4409
7119
2486
4924
7514
1287
4365
8317
8056
8699
545
1211
452
4658
7703
7722
5236
3998
3197
3606
8736
3596
9014
403
3905
6894
2298
5015
84
879
968
1330
5847
8831
4668
54
7520
9946
7510
2498
7254
2851
9107
4134
1497
558
3237
9639
8890
9736
1452
5093
7126
4277
8739
7823
1810
4392
4588
3910
4668
7884
9530
1003
7002
9590
3873
8581
2765
8445
4574
4216
9078
1051
423
6060
649
7448
6087
7651
1359
4043
6680
1779
272
4105
4455
6748
9909
5376
2313
4518
8371
4359
9323
1601
4981
3601
1007
6651
1818
954
941
597
2287
2227
3136
5355
5725
8815
5220
2059
9685
1291
3575
724
4883
8111
134
6344
1193
503
5944
2773
592
3778
6609
3675
209
1742
1292
1734
8325
9887
1513
705
9265
9768
6201
1894
3800
9677
4435
9141
3065
2117
7292
4798
1269
6151
7033
9894
1744
514
9581
2441
7438
9242
4200
471
1204
3957
7098
206
8052
4722
1880
7206
5925
9609
3502
4910
1324
5973
2301
6298
7098
4963
1873
8273
1631
7432
2425
9884
9122
7073
8308
7561
8419
7251
8740
6646
4575
7525
2037
5129
9329
1210
1307
4899
9304
6877
7233
276
3022
7105
3892
6215
5532
7583
402
1280
7158
2122
5088
4074
3513
9594
2333
2696
543
3446
9602
4924
2584
5831
2554
7552
1854
698
3998
396
9811
436
2647
1152
4461
570
2621
5309
8990
523
3817
4261
467
2587
5882
5053
7618
8533
1115
7910
573
1094
3113
1671
7315
6698
6733
4772
3754
4747
5321
5641
9535
7748
1178
13
6793
6674
3949
136
5290
4896
6002
4124
3180
775
8000
2126
7706
7161
9835
9900
228
3060
4935
4298
8053
6512
618
3164
9533
8922
7551
5284
980
8738
2077
446
6050
1631
805
6820
7074
7081
7097
2666
1014
3970
990
5556
1782
2941
542
2077
5564
2184
1242
3547
7015
1140
6418
5796
2030
300
8400
6686
2497
6134
9435
2305
8379
7377
4834
7261
9869
9195
4792
3213
9482
4252
658
4050
496
2121
9559
6209
7753
2006
3347
4898
8406
8268
2678
3723
9659
8606
3345
2503
6183
7367
8894
8991
4036
9669
6598
7075
6923
1078
2985
7975
1963
7829
5408
133
4650
962
4612
5089
5263
5715
2948
7462
3452
5163
3537
7850
390
355
4525
8961
1889
916
6471
3158
30
8309
5833
8357
7388
8562
6181
61
1332
4296
5135
4624
9635
8321
9097
1408
9470
6984
2051
1942
4972
4820
6330
2386
8239
9960
9905
2602
1092
3879
9318
6255
6384
6883
1380
7626
3940
8868
6612
2130
8650
6198
5600
2479
4981
2001
877
4648
4550
203
9100
3728
4311
2394
3230
6755
6632
5856
5867
8794
6229
6058
1991
642
5850
4812
4346
1518
2837
9407
8450
4786
5824
4101
693
1170
3080
1259
2871
4870
9608
422
6600
1446
4193
7134
8106
4954
140
9896
6814
9389
2940
5630
3963
1038
1347
1859
5544
1288
4376
4649
1076
4149
222
3884
9856
2279
9775
4966
1295
7666
7568
1073
1902
7074
4467
3108
9107
7079
1625
3585
3730
3364
8145
7826
9295
3697
5286
5180
7764
9711
5122
4549
8531
7915
854
5404
8040
5922
1181
6943
1421
1082
9533
7849
554
5111
9398
8136
2629
6965
7939
9489
3866
8157
2060
4155
8863
7567
2517
9007
4286
1101
8953
8756
5765
2133
2851
1674
1938
9591
4415
3967
2402
8668
5469
9126
9353
1477
153
594
1834
8304
9285
4672
2842
7327
9802
4365
3818
7348
4300
5467
5734
4786
5098
7157
5640
9560
3786
2844
751
3989
5149
5792
9078
724
5384
8499
144
5014
8088
4869
6844
1683
9005
3464
115
7405
1777
1469
5196
6176
342
8017
3976
3606
1549
3782
7880
9341
6633
5184
3038
6446
7117
9832
8017
7626
1808
5725
8154
7021
9705
404
8296
8359
4400
9968
2220
3419
3428
578
2003
7422
1275
1358
3176
8366
47
9966
3291
7939
2548
8466
8566
5189
8714
9912
1952
1642
2759
677
8500
5525
3092
5483
6152
3523
782
1739
2443
4371
3008
2690
3823
1436
4048
2548
9179
3869
8750
1894
7892
1484
9116
9960
4569
2415
1460
446
9521
4733
3757
4485
8423
5762
9630
172
689
820
8135
6209
4551
6760
3039
6743
4651
5586
5294
3336
1330
4519
4386
4968
418
4154
9864
1083
6848
4648
9187
481
8450
36
2071
2481
4715
4134
6914
3812
2492
2891
396
5886
8508
2634
4993
9442
5489
1513
8147
3279
436
3380
6012
6868
7423
3701
4387
5154
9079
5878
7551
9724
200
980
2467
6223
9086
2217
365
5678
5545
8239
3995
490
647
761
7385
4440
2943
8514
8459
3286
8447
967
7542
4398
938
257
3754
3705
9710
8424
574
7846
5586
8005
6259
1559
9546
6558
4195
1205
647
9166
9110
5360
7457
8665
5132
1368
7629
1601
2510
1281
3564
155
5736
417
295
9169
580
6838
3897
4095
2465
9631
5259
6771
5426
4484
8389
5352
8928
2531
9379
5838
8490
6441
4959
6412
8157
8951
992
2370
4548
2320
1372
6775
4346
7748
9922
7005
9521
9946
3026
6177
3031
8818
3466
4427
8010
857
5931
9030
2775
5750
7958
1093
1017
9038
8537
8183
9316
4312
2396
9890
856
6422
6489
2718
1030
569
2022
5832
9890
5315
1303
182
936
6858
4431
5568
4075
403
527
857
4138
111
7768
9484
3238
6704
8996
8372
8183
2930
5808
763
7820
9925
2564
8812
312
4020
935
4837
5256
5177
3311
1362
6771
5924
9958
5342
9864
4961
8295
2102
373
4454
8157
4133
2490
830
6813
4428
7613
9163
5619
6432
1670
6387
101
4178
2231
4869
3431
8794
5794
7455
7697
7581
4582
4597
8490
4688
2715
9045
8417
8050
8237
7202
6258
6432
149
4832
6381
8487
2512
5323
2470
3849
4898
4046
5175
5448
1219
2074
4666
3415
5113
8635
7917
3316
816
8104
3520
2418
866
6673
5040
2451
4559
3427
4398
6952
8899
4858
2331
9302
5645
5726
761
5583
3260
7884
2461
3369
7702
3502
8581
773
8479
6379
7913
2815
4736
5317
3230
7704
6281
5212
4945
8259
8086
6948
5497
2316
3078
2531
6386
5354
5566
8363
8711
3763
9641
4670
3526
9603
5770
8449
2894
3344
6538
8351
3540
5997
8106
8531
3195
6423
5190
2893
7686
3107
5089
4905
922
9152
1918
4786
5214
3292
1558
1298
7118
1333
3373
7074
6099
4098
2173
1282
7173
6471
5193
3974
8205
145
7157
9442
1966
8055
3334
1894
3735
3173
5599
6323
2548
8795
4778
6732
3804
2913
7412
3192
6046
5410
2728
6639
513
7266
539
1694
4643
3928
6362
6486
7712
7027
1582
3325
9237
6684
6257
9019
778
666
2297
4849
8807
1651
1040
5546
8180
1049
3372
1503
5239
876
5479
6256
9773
7536
7985
617
4746
6642
1139
9528
423
8677
1979
6461
1985
8686
2169
6904
218
8813
8304
9383
2693
3861
2421
6403
5278
6574
6246
5109
8844
1315
2275
1200
7806
5139
1021
5846
7185
7016
795
8691
3332
963
4184
1969
5478
1083
557
8222
8811
7801
5361
3005
3634
5277
7438
8023
5801
6587
4424
2607
5974
4388
4566
2946
8475
475
6821
8721
3438
9704
4027
6724
1725
3700
5350
5046
7106
2307
735
7411
2005
9495
8881
2095
6672
4286
4345
9665
423
2982
5851
421
6307
5421
3610
101
6769
8627
7223
523
4962
9272
374
433
9604
3710
4476
5686
4281
9629
2828
4687
5287
2562
6554
246
1438
2096
8808
6169
5475
4773
5272
6466
1084
8619
7516
8462
9197
9831
9137
5450
214
2128
5273
7662
1986
8085
1737
3403
4266
5667
2688
8206
7419
3205
9065
6259
512
1780
458
3283
9487
4252
1493
4532
4281
9622
3311
9075
3047
8509
7970
6757
5404
2059
5875
3104
1562
1497
763
5286
7770
1843
9395
384
1706
2312
521
8205
4027
873
7556
1408
2186
6356
8115
9949
7389
4663
9103
5520
8715
7236
4001
1492
5337
4181
527
650
9401
9728
4139
6120
4179
2323
1672
7795
5881
8512
8113
4236
4911
9553
6119
2679
1807
600
4368
8880
3044
9631
5190
5965
574
6794
3188
9994
3184
6573
5348
3962
8544
4584
2920
4567
770
6497
4293
6565
9098
7991
8294
2824
4928
2755
6880
548
9274
7433
6493
2933
7267
6730
6625
1987
405
8049
6813
1962
183
4994
8513
1127
8301
7699
4380
7950
3055
9259
8359
5301
2838
8692
727
7528
1987
6975
6829
6655
6252
193
4113
9027
9798
5198
1932
1035
9763
7289
1567
5947
4734
4333
2554
1619
9504
2150
8551
5678
2045
9013
1963
919
4194
2391
1753
1401
2238
80
4294
4668
3760
2415
7221
3632
7555
7311
4735
4999
8046
7774
3308
2517
8068
8763
381
1303
116
2573
7497
6294
4167
6041
4450
8880
6314
1150
5463
4571
5201
3915
8903
4168
7204
4952
1370
7519
5658
5838
4117
6476
9726
5265
980
7053
1557
2275
8088
270
145
1250
5554
7649
3936
7773
1992
6173
8354
4308
1470
4589
2703
1844
272
5539
3813
3551
6774
3849
8096
3470
6516
8647
9581
4632
6409
7765
5480
9794
2600
1588
7842
3610
8984
2960
6643
2667
1506
2433
537
1216
4048
8381
3942
6312
1794
4873
4850
1896
2297
1671
5136
1262
9074
2358
1119
1162
4962
4015
1902
7631
1302
9777
9685
2025
655
3568
2224
1313
6923
2456
3723
302
6380
5393
9529
1840
5844
9287
7843
2437
1560
4178
4403
2145
74
4801
8181
5264
6806
2414
2490
8478
2259
3244
1692
9100
3898
5933
90
9730
7966
1846
4454
6286
5022
2347
9783
3431
7452
3152
2604
2189
5716
2789
4561
8947
7989
1306
1658
2896
8214
3825
2759
2770
5117
6791
1864
2659
8779
5665
3813
9119
9635
7707
2722
1371
4291
794
5351
2936
3173
5407
4224
3086
5760
5257
9556
8158
6747
753
560
4305
824
6749
3298
6818
4434
3294
577
3759
80
5520
1496
4211
4820
37
5421
6201
6239
4754
8258
2828
9860
8256
738
4978
268
8539
8934
3373
699
8423
8701
9542
7813
3045
3617
5806
6138
3495
291
1258
5208
4312
3031
277
241
9298
3545
2821
4191
8479
6004
3979
9945
3165
935
8894
7319
8123
5703
2182
3367
3680
7605
4089
4238
5039
9446
5550
9976
2060
9963
7363
6646
9864
2815
9061
8646
939
4798
1370
8281
6193
4939
7726
1378
510
4559
5064
1502
5838
8414
6891
1064
3576
8690
8356
3395
7491
4628
1101
4912
3636
7621
6151
5348
6866
9438
5629
9940
9868
8331
5342
3443
1281
6766
8286
3458
2638
3143
2667
5487
9648
2604
1204
5738
4492
588
4018
9846
8252
6013
1997
4327
6519
1339
9933
2338
8442
2298
1869
2674
6108
315
1171
6739
6972
4968
2236
6205
7443
7987
8324
516
9889
2049
9271
3321
4438
206
1225
7298
6589
2900
8187
2746
3160
9694
106
2681
4071
1479
4343
3446
2083
2830
4344
5828
8150
2382
7702
5822
4769
9113
9443
7100
2517
6181
7638
7828
2760
4178
1144
6528
4758
1159
3088
1537
762
527
3425
7155
3172
6966
1730
7742
5636
3001
8291
5942
5779
7138
7959
7760
9103
7596
8570
7325
6577
95
1046
3646
9553
1825
189
1117
5882
512
2584
1409
2342
3008
4344
1684
6999
1362
7505
2144
2984
5621
9167
8081
8966
9792
2231
1205
4644
3106
9313
963
3296
3034
8193
1529
7412
3478
7844
7483
901
1736
3329
57
2933
3468
6799
788
6067
1713
5188
1758
5650
8221
4971
9833
7141
1458
7225
3451
3754
2224
1763
4362
7286
3501
8803
5957
1905
5782
4778
8044
5312
3367
1479
5453
3849
5943
9280
1940
8510
4210
8739
660
6373
3359
4537
9714
5018
711
3357
5758
6856
3440
3588
1222
6125
3567
5222
4944
5086
3143
3875
7310
5890
1988
7088
8922
8200
171
5691
1356
7472
8666
2363
6123
847
6452
5798
5272
7652
9988
2792
9554
9545
3434
3550
8794
9245
5006
7211
6119
2018
7015
7055
8062
7662
1210
6635
6258
9993
7485
3273
5862
7378
382
22
8742
3405
4627
205
544
5019
9034
286
1491
6093
9978
741
3701
2821
7960
9774
6958
2126
7210
5492
3214
4536
9781
1821
1001
9529
8879
6981
5181
695
5793
5721
3061
5708
342
7807
9350
125
1306
8735
8424
7925
8036
1201
3290
6346
12
7476
1432
543
7703
968
7847
2928
2750
4752
4487
8955
1632
4737
8698
4593
6271
6453
5183
2595
6840
1061
4648
2063
6619
1276
5628
8478
8366
6308
6652
2016
3416
1741
6803
6336
3606
998
6365
4114
8358
1767
2098
7039
1036
2868
1716
7899
9940
7441
2541
6874
3219
2002
9267
3259
9956
6401
3481
6318
5014
4543
4743
2360
1853
408
8919
9961
4659
5723
6278
7642
3597
2788
8941
4292
8183
4284
5849
2946
1427
8643
1306
8223
5348
3648
6220
478
257
6759
330
7985
7150
7154
1616
5933
1364
5416
1649
9253
2969
9296
5900
6785
8390
3116
4471
5528
3563
5246
8282
5367
702
3081
8495
9486
8730
3338
2206
1165
9162
7697
7277
6797
6484
4729
5794
696
7065
8887
254
6392
5395
2332
7527
7864
7627
7900
5061
6309
9930
2623
4777
4841
8525
9878
7620
7020
3493
8756
7482
2605
1625
2009
1263
9243
1773
3335
666
330
7295
9242
2681
3762
4866
5747
8432
5564
5854
1681
8238
523
187
5184
9566
4517
3696
1889
1465
1271
1265
3304
2961
2289
3973
3651
8348
4778
7907
5143
7821
4843
9551
2128
2776
4529
8397
4556
6167
4579
3762
3278
2659
3215
8856
1616
7655
6152
9049
6929
534
8546
484
3694
194
4786
6546
3981
5529
9031
2306
5281
7330
9699
9116
1712
2226
5272
2849
6291
8871
1086
9175
4512
8913
557
553
4985
4525
8998
2094
3598
2171
2072
7872
4815
2553
286
4013
8549
9857
790
5356
4295
39
2956
277
7767
3913
7171
4636
1089
6302
2562
4257
5800
1645
3044
6298
6006
9559
6316
8912
8168
9335
3389
7850
7538
8445
6909
7454
9518
8618
1585
5958
4782
7886
8559
6201
1275
4738
9676
1661
5640
805
6893
2078
5049
6382
3295
9216
8364
7717
6653
3630
2934
8014
2621
5409
4330
1450
2948
2309
5580
8816
2333
6615
873
8111
1587
5246
7171
6162
5972
3489
2401
3270
1667
9303
4184
7229
7398
496
1239
3997
778
5455
7651
7246
6926
5324
5674
8759
1058
9281
1621
4973
731
7919
4225
225
8554
9266
1631
5186
8654
4468
2046
4538
6451
176
4760
9895
5997
8415
329
811
2170
8864
7065
6771
8358
7860
1294
7761
8907
9523
8992
7021
4968
5924
5108
505
1839
9351
1201
6501
9847
2684
3601
6613
7970
6709
6116
1126
9276
2858
2776
3943
7918
7353
3364
2711
1710
1085
9332
5017
7156
9890
5834
9618
7445
3491
9877
2283
9968
6010
2555
1037
4597
1759
6125
2413
8176
7805
9600
5414
6845
6125
9098
6822
1084
5715
7619
1082
1869
1840
3250
3084
3934
7248
693
6277
1507
9873
993
5721
7945
4743
5073
4204
4621
9975
759
9030
7173
6856
9740
2250
102
2331
4738
4851
7862
5910
2021
2445
6585
1625
9281
8522
6851
1524
7362
1430
5680
2933
1598
3318
7087
8184
3565
9723
6555
57
7165
7956
8732
9359
9833
5461
8570
5503
5466
9464
9129
5546
6746
8696
718
460
9094
3469
7405
3762
3221
3641
8167
1245
8059
101
3629
1711
2175
4866
7402
8405
333
553
9645
5603
8056
4589
9654
6194
5048
4242
2648
4472
1444
3413
5147
7696
8158
8513
9598
8677
8098
9385
6836
3351
7577
4133
2427
8733
3332
4356
7174
4180
5272
2235
4477
3223
6201
3208
3993
7709
5842
6594
7425
2184
3277
5003
225
518
4617
1943
969
5979
5834
2460
5069
3912
5604
2135
1894
2639
8673
5959
1594
5317
9837
604
51
1166
7406
1600
9492
7263
2734
8889
6356
5698
455
1534
173
4416
7396
303
4061
1359
9762
135
7904
6659
8610
293
9513
2428
6563
3768
5936
3328
1083
9503
7400
862
62
910
1815
4988
3813
8377
627
2434
3496
746
1491
4817
1180
6760
5487
6893
8751
376
8671
861
2564
9050
8874
4049
7824
1464
3346
1764
2254
9021
1916
6468
1919
4767
4609
566
1470
2101
6102
4120
475
399
2976
506
3344
5173
7870
3288
3458
4773
4833
8840
8948
2144
8520
1789
833
7436
2045
2269
6341
9854
9350
5018
6963
6674
6896
5881
3086
6406
1382
6252
6517
2394
3452
5836
6336
4542
8343
9283
1806
6648
1191
3476
8676
3969
1589
4427
3604
3251
1382
3696
2898
243
619
9699
350
3917
2360
5232
9552
3232
19
2300
3358
6938
1517
8066
5643
8048
275
847
8165
3023
2622
8509
9047
3169
1189
5582
5414
9174
9185
9077
3704
9680
4279
761
2062
9092
9258
309
3242
4661
8976
7872
8406
7379
5552
8932
7027
1812
1780
3593
1178
224
3780
9704
8213
1588
4783
8817
7436
401
7620
5954
8652
3621
2378
1555
3843
3384
93
1766
5914
228
9509
8553
1066
2598
1626
128
1254
5993
5506
4016
1375
7244
5704
8658
526
5020
9870
1710
5465
1033
5276
7647
4013
553
8811
7705
3668
4737
7026
907
8597
4052
7154
7456
3821
4898
60
6800
283
7511
6652
3287
9652
7665
5004
6158
8857
2669
6900
2354
7443
6597
50
3664
249
1093
7260
1160
280
7147
9937
9584
1516
2340
4429
5972
6036
6988
9110
9558
6611
2271
6143
1395
3733
2195
7089
1284
7835
1838
5449
1226
6258
5150
3365
4331
8381
3760
7873
7475
1234
7575
3686
9307
158
5162
2402
7936
783
316
5668
5320
4640
6628
437
3819
2407
9198
1948
6262
5012
641
9408
7057
8912
7950
9210
2699
9291
1940
7077
4993
9089
5724
6860
4612
7842
8141
786
7808
3110
8167
7797
7112
8306
2032
3148
6506
7833
2746
1669
1919
6634
7374
9656
8956
4214
2074
2668
6484
1830
8365
8630
5834
791
2138
2922
1020
7630
8139
4692
7194
2098
1878
3911
5083
7776
1369
4804
1510
1975
1347
6827
2579
7959
3143
1907
9655
4598
7649
1970
5565
2948
197
1100
5886
237
404
3363
5006
4213
9568
8103
726
6073
9833
3230
5793
4113
5378
8523
9473
4654
3108
6133
9713
8019
6941
7431
2105
5564
5754
4846
132
3971
3783
1556
9684
9840
3187
9231
4771
4850
7101
7086
5220
5815
7306
8162
921
5889
3438
8228
2640
3400
7575
2157
9867
8380
1239
3711
2367
4080
5163
6037
1818
4986
9269
1596
3358
374
2029
3119
1323
6359
6892
4543
5722
143
5855
4155
7815
5429
9529
3791
7230
7459
6448
6978
9760
3359
3194
474
1992
4762
3906
780
2657
5369
9565
9546
7489
8839
2819
5183
5380
3972
7916
5316
1769
9514
3150
7418
1816
2565
6929
188
1393
8032
1914
6288
1019
3671
973
7686
2218
3484
1462
996
4641
2945
1705
7746
3595
1460
7742
9047
3582
6886
4544
1688
1049
1612
1648
1254
6755
7596
1746
470
3243
1098
839
1176
305
4246
4734
2612
5760
4535
9948
5578
5938
5627
2861
3305
5567
1736
5808
5837
2781
7638
8412
3285
3901
2525
5329
9739
2066
8973
3101
8033
6223
9598
8501
8746
9874
6757
4808
6795
8149
1889
9000
9539
8410
5689
5773
3069
162
9361
3390
8787
2312
487
7617
3391
1322
1386
5608
4219
8661
8371
7660
4790
1027
3376
9590
1659
5242
8533
7967
154
2326
1943
8967
6256
9243
1439
6376
2539
2542
6535
6379
3271
1724
9312
4426
4297
9715
7056
3893
2047
5653
1521
1158
365
5350
1742
257
4395
6453
2972
3721
9354
4060
7307
4915
8836
7451
4788
512
6771
3347
436
1524
8074
1383
5650
6458
5409
2480
3412
9635
7421
5912
5104
8321
826
7947
115
6884
3396
902
1562
4045
8628
4370
3975
7885
2867
3850
1470
5368
4227
7744
1468
9496
7335
2948
3098
9023
3011
2502
1083
8601
843
3080
8026
5364
675
6601
4826
9964
1072
7174
8616
2764
120
3796
4827
3008
2041
1973
3031
1853
183
7570
1356
2491
5966
1792
6631
6032
4681
713
1739
3592
6414
4306
5928
7921
3761
519
3271
4440
5909
3212
5315
6402
3655
9880
8678
2772
2334
7974
8612
2489
6599
2144
9427
7584
2765
2529
5640
5202
7351
2948
6639
7558
4520
6257
164
6051
4939
6343
9389
7209
32
2702
1280
2475
8394
5792
1787
8348
912
4385
6339
149
3752
6425
773
8918
1037
3136
8170
3696
4791
471
7438
2575
2423
8879
4993
6955
7110
7057
9378
4877
5854
8515
3601
9527
4927
8810
1989
6068
3946
6089
1408
4304
4280
6438
8600
189
5646
933
805
2887
4487
7860
5589
5623
6788
3702
5000
2832
2413
8895
4529
580
4325
5416
1051
6888
2255
4681
6950
4986
6686
337
2476
4232
8618
6167
7278
7422
5282
9733
4490
665
2980
4107
1708
4699
4019
5593
6216
8099
646
8762
2545
7512
8840
7442
9560
7821
1298
3740
44
6658
8557
1887
241
7987
9247
4503
94
3305
5088
847
5228
11
8968
6576
1278
2399
9794
3026
7488
3647
1457
6110
51
3433
5817
1237
9124
6296
6508
5286
3025
9371
6645
9679
9271
3714
1972
1951
3598
9006
3044
6826
8453
3507
3941
5448
2211
9340
3601
3778
6298
987
5421
5786
8476
2606
2991
1016
4821
836
5276
2268
5626
2734
6922
1817
6020
8412
3142
4854
4254
7447
4277
944
5948
9960
781
8013
2915
4162
1346
1264
1014
5646
1186
728
2224
3759
5995
9199
2067
2160
9150
368
1687
7559
3431
4268
3212
4935
4870
9643
1506
7944
3196
5519
4725
6898
1620
6584
6835
7424
1370
2650
3228
7318
5440
113
8724
9154
4324
8667
7937
3536
8710
8448
9880
1369
1836
8533
1005
5537
1875
4860
8627
6026
8860
6685
2160
6103
1836
3971
7442
408
4053
6748
5612
3740
2669
3333
9964
2276
9923
343
7971
6683
3897
2444
971
9987
702
4692
2014
3080
5916
9081
1403
1745
4947
2380
4915
5090
3002
255
7386
4969
2521
1909
781
9034
9349
8540
7596
3524
5425
9776
3018
9878
6750
7042
7091
1629
9224
606
481
6366
5353
4398
949
5844
844
1950
5581
9637
174
9502
9882
8704
1110
3273
3535
1769
1438
1706
7525
1012
5999
656
3754
2578
4275
4367
4836
7859
9944
8848
2380
4817
5218
4115
5060
9417
5272
7826
8792
747
3678
9169
6804
7601
5328
2271
2271
2806
5591
4569
9926
2065
2463
9412
1453
7859
1290
4562
582
8921
5156
150
8244
5400
3946
7262
1799
2074
4224
5776
62
3020
1355
6520
7090
6721
2453
5787
8560
8301
8881
9187
2614
859
2389
357
4098
4495
2115
6818
9727
8920
1122
3531
7024
9761
2826
9778
429
3905
6250
6986
2992
3928
1217
8234
4155
6863
4913
8410
9949
7194
6949
2400
8274
4172
9729
973
5043
7466
8578
2375
8148
3496
8503
3848
7536
8456
282
3871
243
329
123
5494
871
3111
8254
7431
3309
4840
3443
6488
7460
8582
2431
1726
3159
220
2703
2534
1668
7854
579
3447
9732
361
1071
1080
2637
1189
6521
6346
1402
9693
357
1852
4725
8543
5976
5760
1720
7302
6335
3067
5275
5803
3862
4082
8299
797
3818
9855
1523
522
9858
9922
2813
9988
1445
2545
2484
4023
5114
127
7510
2225
9470
7250
8564
9997
8896
9103
8065
1519
3286
2610
4609
187
7405
4379
9725
7503
1432
8859
2222
5971
7624
8343
8694
2401
6112
622
6231
3986
1495
1831
4544
4549
6626
7462
1101
4951
9609
9783
4355
9749
8369
6638
9231
1315
6251
9712
9825
3199
8453
8627
3578
8486
8603
1830
6542
5016
6912
4468
5868
437
764
3692
3443
3877
8684
8300
6556
4673
3750
779
4807
9886
8938
6799
2811
2996
2819
8007
6051
4766
5635
2551
1195
9191
9276
4327
8914
8054
1127
1029
7400
7259
6522
8422
9985
702
5922
9110
5354
6479
1312
7362
3427
180
3257
7471
6670
9618
2813
6669
469
4344
539
4023
6456
3681
2630
6575
1517
2799
5791
3668
2461
2042
840
5115
9888
2022
5554
4848
7968
963
7004
4156
9820
3663
4288
8740
4168
8364
5952
9175
1733
2017
8302
7627
796
7012
9323
6554
7269
1782
7633
4466
9095
9984
3037
9820
5267
9627
4763
2669
5013
9461
3383
3552
6161
7635
6445
2123
2441
810
382
8913
1907
8587
7926
2605
5651
3824
8893
1445
9463
2503
8225
2411
4001
3473
1682
1786
3706
5000
8477
9422
8063
8512
626
6865
2012
1687
4176
9975
6409
4735
8113
3487
3753
7076
3022
3792
4269
2808
5590
7690
958
4305
9865
5221
9679
3101
685
4046
7836
9792
3854
5342
1050
4149
3066
5929
4849
2354
6310
9249
942
2644
97
507
1817
6348
9530
4384
1313
6842
5629
9947
9480
3152
1797
5665
4646
1323
6981
8709
9086
4128
1525
3531
3606
3040
3740
5489
8549
2477
2393
649
861
5466
7901
8217
9257
2563
6853
7214
1942
2229
6480
7880
4429
1063
4196
722
6665
8936
21
7930
6783
6767
6821
976
5757
1149
8323
6343
5851
7039
2190
906
9065
5666
6525
19
9352
3774
8248
1820
8045
3560
3864
3713
4983
9713
6373
2708
2615
9103
9605
3160
6713
4149
9302
3355
1788
5743
7346
8711
728
1943
4719
2341
5879
5796
3477
1978
7528
3835
8580
5431
3984
1832
4969
7398
2731
7161
2587
5563
1064
5944
7352
7885
6398
5027
1367
673
8352
1723
9969
1047
5343
1912
6385
1844
6592
1781
8579
7630
7523
4232
4731
1639
6325
2624
4473
9861
888
874
1035
4479
4411
3276
9548
9852
8042
692
9212
6452
1358
2504
5974
7945
6840
4810
2294
7244
8258
1187
4777
6874
3878
4316
4603
5557
4280
870
2364
8214
4029
9289
4284
7363
481
4714
6066
7751
9063
7143
5513
6986
250
7871
863
337
755
2872
8549
8177
5543
4946
1969
6857
3292
3379
3845
7202
6943
4080
8790
9616
8566
919
7210
9076
4672
1676
453
1253
3319
4725
2123
8760
5182
3388
1431
9006
8274
7500
4669
9792
6034
2848
8835
2356
3731
4722
9019
6880
8017
8104
5183
1106
106
1809
8597
8834
6099
3555
6990
6862
9055
3854
2166
9995
8417
2153
8047
8318
1637
6479
9592
1447
9410
831
7040
8495
7941
2112
7462
6840
1704
3030
1480
7135
7966
6241
686
9750
7590
8254
2319
1875
859
4930
6744
5827
1067
1906
4588
5550
6999
1354
4236
9896
89
7186
6657
7943
1812
6114
9088
5220
1656
1510
665
3805
1324
9671
7183
1222
977
4560
5399
9145
5826
7440
7146
765
3292
6567
6956
9600
5087
6028
3554
2898
4896
50
9242
2482
6499
675
215
7876
8084
6524
639
9699
2629
9855
1449
6531
995
7689
7366
6225
4112
7983
6445
2803
8806
5469
3840
8278
7598
7168
7918
9492
8083
8662
7805
8682
6377
8468
3156
9433
3155
1888
339
1949
313
9831
8124
2465
2991
3352
7472
3511
8615
8527
3955
7908
9826
7761
7552
3091
5935
6352
1635
7068
3336
6896
944
141
7647
8026
5067
3498
8197
1987
934
4238
1895
3544
8107
9389
7615
4240
7890
8784
1265
3087
8635
230
1351
5928
5741
928
9159
2902
2461
5758
5982
2584
1921
1378
5306
3628
3859
535
6913
1639
9269
4145
6556
8148
1267
3955
618
4946
7635
174
6291
5088
8459
2264
1934
9429
6019
7694
7443
5455
8858
4247
2051
8855
1219
9763
8041
127
3033
8167
5978
5217
1019
9149
9715
8506
7025
1798
9203
6492
2902
7208
8270
5351
3990
9359
7792
7893
4913
3455
1337
3586
7961
5276
4249
1127
1159
290
7335
3266
9759
2957
4404
9073
3521
3702
5675
8620
3113
7785
1768
1712
3321
3547
9072
5791
5962
8252
6946
3116
3759
9718
9371
3065
7596
6644
9313
6456
3146
1936
3442
4601
1771
6964
8573
714
1329
2213
9646
4637
9367
9737
1772
4832
9631
6310
7593
6641
9776
8611
3309
7791
7420
9641
3171
5254
5154
1889
2125
8240
2224
4486
5595
5256
5708
1796
4308
2103
6215
7569
5039
3663
6577
3682
7670
7620
6797
5006
6811
6249
9077
5428
2894
8794
6848
6783
8150
152
9111
6167
5091
2109
3906
1983
6187
4768
6702
1155
7660
4820
6974
4844
2644
971
6972
270
31
5200
1176
7020
6623
8481
1922
2746
1092
5175
2854
7983
9245
9322
1505
5830
6490
3932
4547
2354
3250
3944
5765
7661
2370
3449
8251
7832
5556
4720
5531
6711
2182
1998
223
9915
4514
6437
4045
9703
6694
7847
5337
4471
2796
7237
4922
914
469
9255
1146
9803
2598
6537
1397
9398
2193
6386
6919
2234
6480
6123
5333
7680
3706
5493
8230
7002
7253
4777
8275
2618
6653
1490
7240
2142
1871
1191
3357
7175
7797
1287
2728
622
7007
7882
7231
9773
9654
2700
1345
9194
6172
162
5151
8571
7086
3430
6730
4625
7675
8226
7691
461
988
815
2967
9067
2722
745
5183
2359
2911
9488
6531
8099
6114
3957
2400
2173
6628
5407
7946
2492
1159
7314
4527
207
2167
7345
6538
4651
2369
8922
2535
7992
3970
8877
2284
3993
2311
1900
6688
5587
3545
5396
7847
4464
779
2856
9107
7254
5152
4354
314
2456
4118
5063
6604
9733
6854
4295
6699
7162
8346
6580
5910
3615
2024
5803
7724
49
4240
8401
3965
5001
6579
5990
6424
7083
687
2540
1553
5471
454
6519
5598
119
1771
6390
9454
7884
1084
1765
589
5846
6076
4894
5782
4467
7367
1182
2559
1140
1027
4162
4368
9698
6000
5082
3663
1481
4948
5405
8655
7368
1790
7005
9523
3427
692
6410
2346
8606
8963
1292
1399
7289
2708
6746
4012
3981
5591
2235
9534
3536
3523
7240
4690
1342
9353
9022
8663
452
8059
5153
1795
5192
8377
5914
9940
2743
6229
3532
6171
9218
3897
6187
775
8019
5039
5461
3878
5969
857
1312
5541
9089
3066
3835
935
1135
1382
8698
6290
8822
4906
4065
441
6991
7799
5572
1010
5981
2637
5102
7755
7905
3092
8369
6599
3149
3121
4426
1810
2355
1003
9340
5286
5338
38
6594
3516
9504
2147
5196
2722
867
7575
3151
326
3589
194
1836
8606
9877
6141
3844
3123
1902
6448
2607
9103
732
4145
7188
2356
5606
2154
4631
4039
313
4698
7397
251
4726
7125
8381
1328
8769
7108
5225
9417
1517
9842
544
7778
3106
3228
2666
6240
7697
6201
792
1800
2351
6855
3988
1617
5035
5456
6047
9326
4072
2981
1239
1982
7112
3900
4790
1204
8465
3950
5990
2031
3151
7279
8507
342
4596
1963
8619
5756
4368
1712
4935
867
5442
8217
3505
5016
4961
7867
7157
557
4417
2480
1566
809
6922
6998
7832
7541
3593
3269
1256
4514
3392
2275
9745
5719
4938
9865
5558
6245
5223
5633
9247
7606
3476
8748
7163
4223
9576
8488
2309
7857
2440
6327
3044
8741
7844
957
7985
5097
1412
2421
2071
5174
8094
2578
9266
1298
3215
4046
6374
5257
4078
7676
3278
4720
5295
3483
5287
3400
9540
1446
8569
9634
4317
7278
9482
6386
4706
7741
1321
2840
6390
9839
1534
8016
2657
2833
8864
5310
9843
7138
3685
1814
9678
8349
1239
5487
9281
5051
9811
9221
9353
3608
6893
717
4849
3199
1904
3748
2697
9107
1555
4297
4494
8610
1625
3380
4639
5171
8503
9097
7162
6955
8734
9106
3636
9113
2389
765
3119
1355
5302
8184
3022
3182
2854
5046
9785
3477
20
1621
7216
4107
120
5770
9708
9972
7307
9300
109
8269
4447
1143
7863
702
2558
1702
1574
4425
5555
45
5431
7233
8014
5396
4941
9581
1700
347
3216
4457
2243
2671
6144
3332
4416
1138
3976
548
2033
3430
7219
2405
2602
1961
7611
9664
4574
1812
8839
3575
1193
1024
5027
8125
8789
2089
7043
2327
7555
482
2276
4984
6444
8570
83
3490
1488
4129
377
8813
8142
4840
8078
7142
6706
4984
8579
6602
6467
6994
7278
6404
3099
2886
535
8721
144
7264
603
2530
1357
1617
2908
481
3974
9272
5583
8119
4857
5114
8306
3879
4865
4798
7954
6090
7448
2990
5413
6157
9573
4100
960
3526
2308
4880
1012
757
3663
9566
157
8456
1591
8611
2579
2454
3474
8051
3897
2397
2104
5147
9940
3594
2685
289
2687
4164
5088
5999
1268
5404
7476
5602
7528
9125
4842
1395
7117
1217
5879
6871
8919
3898
6138
7964
6901
9861
6666
5767
679
2109
5693
7071
5645
7701
9350
4930
968
260
6286
5705
518
2887
6047
9007
5735
494
5588
9127
353
3970
327
3718
3207
6811
2582
4004
7824
7582
3401
9188
7458
9325
3599
5541
1738
476
8387
4283
4447
5006
7679
8042
6710
2773
9324
5029
5470
8488
1661
3328
4743
515
9651
3029
952
5227
1789
4956
2351
1463
1833
327
9379
3838
8247
305
3065
2044
1001
7953
6330
2522
4518
196
7275
7220
3869
7586
1421
9961
3577
8460
3668
7617
7694
6057
7786
6936
1694
3755
3129
2757
1696
2332
8127
2610
2696
2960
1790
5737
1543
642
8074
7568
4277
94
270
8036
1931
183
6171
4916
4835
2129
4537
811
8685
6637
9667
4142
4565
7852
5542
7329
8015
4271
1781
7622
2694
7289
8880
7889
8705
3979
780
4746
1900
8948
8404
358
3633
4644
4802
3270
1683
1384
2934
8985
7390
4885
8399
8565
5411
9592
2434
8255
6789
9695
8239
7048
2370
4223
6698
4476
6030
2026
2774
9221
1305
4326
6914
5182
9554
2234
3824
5300
5983
6546
1976
9877
2566
573
951
3610
9
337
5404
2734
1470
6367
939
1121
1709
6020
4830
5518
482
6437
4999
8883
2362
451
6803
5661
3736
3047
4026
7346
2290
4655
9875
8063
4652
4500
3042
5019
7899
4352
9087
4173
7920
3193
4320
1441
6352
2584
5844
8666
2732
7602
8994
7500
138
5885
6532
9427
7438
2574
2050
1048
1608
5537
3801
4155
9112
120
5137
6619
7447
5085
5434
2295
6804
8158
3442
8404
4463
4955
1085
3819
6699
2383
8147
6631
908
4312
2330
6570
4232
4115
7000
3204
5361
2394
4897
1362
7287
968
425
9033
1162
5131
6715
6204
9565
8903
8963
9766
8553
3847
7749
1676
4888
5887
8268
6274
5205
2354
5985
6175
716
7574
4730
2236
6321
8536
6456
6833
121
7248
1449
9989
3889
8827
2870
5001
2191
3055
6202
6433
8587
2028
4677
8416
7003
4962
6377
7037
364
3009
5809
2871
7014
6648
1642
3339
5566
744
5049
1599
4492
2181
8927
473
3277
9048
3269
7834
5467
1303
6808
6565
5635
4437
4343
7297
7986
4151
6929
8304
1330
1909
6626
1357
6251
5149
4842
3325
1699
2969
25
8656
2462
5008
4044
4798
3667
3246
3882
5503
9690
5513
2559
6811
5987
9322
4120
1158
1261
5820
7290
5839
6406
2699
7669
1213
6644
9652
6452
2684
2975
6644
5018
2920
4735
5362
5332
2526
4320
9268
3778
694
3317
7461
1119
4436
4560
5722
1532
6127
3223
8382
8557
5707
3896
2255
1330
1812
812
6782
6690
4996
7756
3529
4419
4412
1861
9266
156
7830
5365
6959
8865
1759
5847
603
9335
4949
231
2005
437
9691
9434
5499
4773
3997
9081
2284
7290
8711
1308
9764
6472
3343
4978
6781
7917
6619
4092
4410
4535
8441
8033
3649
9937
8275
9739
6986
3737
1495
909
4031
6114
4524
7015
6281
1803
622
214
4712
7954
5160
9511
9213
8966
5599
1899
9372
8940
3890
8590
7268
3452
8927
1644
3559
2522
8654
2952
973
6874
8678
6100
4138
4136
729
1426
6574
1449
6100
5214
983
9308
2600
7078
9061
3686
1474
5078
7149
7281
1098
6209
714
3052
6288
7758
4923
5941
3401
302
8063
1076
9988
681
3119
9353
7181
2857
7201
8085
9143
807
7261
5102
2917
3229
9892
9355
930
1499
9065
6299
162
9180
6105
1045
4149
4639
480
7567
7018
8493
9744
5505
2836
556
5702
7273
4944
75
6185
8121
8452
5283
7711
4752
9694
4987
8707
3867
9049
5024
1189
4592
8420
119
4934
8097
1408
4217
8207
994
1993
6935
1124
8381
8934
7087
2511
4402
8733
8474
270
6953
1082
6721
8495
5021
7436
2606
1212
2100
1529
1460
4851
6264
1019
8897
503
1979
7450
8018
1027
4482
5946
8077
4437
5217
3545
9663
5167
8551
5585
5395
2281
1243
8602
4753
6674
4378
114
65
2114
4136
7769
7447
9824
4601
1196
8391
4345
3335
13
3990
8299
6500
5996
1834
6568
4043
2992
7190
4600
8035
1084
8836
155
1220
5410
8665
5984
8647
2383
8107
3809
229
1279
6975
5076
2750
4519
148
609
7192
4708
735
9378
6201
3949
1186
3974
3608
6894
5779
9045
5388
2968
2644
9180
3561
3895
3976
8235
9737
2686
1616
5807
742
5019
1771
4944
19
6726
2332
7018
9421
5938
6710
6482
1433
1215
7514
7260
2648
3568
9946
1999
7369
4106
6521
9996
741
3480
337
310
2851
3081
2360
7037
8273
9284
9343
1969
9784
2038
532
8128
6485
4835
8135
6472
4667
8781
6026
7251
2777
3632
6453
7264
7719
6327
9973
9789
4181
6763
8728
9471
3665
4329
3070
6257
8493
189
5001
469
6174
3851
7672
4201
6923
5290
1343
379
8262
1505
3293
570
7561
8040
2499
2092
8892
134
8481
9680
6362
3487
605
3381
1856
7219
2479
607
683
3141
8013
6258
4245
8741
8287
2431
7008
9430
6063
1222
1296
9386
5751
6687
6256
6403
9297
624
170
4522
7866
7703
6956
7524
5998
9040
8615
3589
7689
3277
7606
8059
4540
2455
8417
5332
6456
2035
2639
1206
6514
5935
177
5817
9179
99
7482
6551
9378
9935
3566
2763
2700
6334
4866
8759
6292
2726
6157
1760
7466
2592
6153
1886
4961
395
4434
1597
3327
6264
6209
4567
642
4722
3155
9328
6605
8330
2113
3370
4831
1652
4074
4382
9553
5343
6066
2707
9838
8520
4968
5424
1057
3873
188
2695
6253
5545
1417
5492
355
7949
7669
8836
5199
7352
8177
5110
6878
7507
3625
6872
4153
3355
6340
2826
6370
7324
3122
1430
3536
2236
7142
4509
1878
4657
7917
6395
9266
6611
8367
9341
8317
7045
4052
1802
3441
1206
3878
6665
2300
144
9921
1360
1221
2388
786
5650
2544
6217
9908
5231
625
3421
7321
9027
213
8563
5077
5125
7395
7710
902
7090
7650
8344
5450
1492
5830
6245
1967
3914
1231
7211
5936
394
8661
7082
1929
4319
5360
597
5404
6957
6325
4814
595
9532
799
6060
3291
8812
5141
7197
8743
9555
1603
6200
8842
9679
5593
6061
675
4074
5286
1594
4668
8063
2831
7158
1493
2086
7140
5946
7855
9935
23
9727
7643
9344
5877
8577
608
9034
9291
6814
5965
3032
6154
9714
8087
4590
6372
3398
6764
6135
792
3660
7920
9917
4220
7509
8979
106
4510
8649
921
9385
959
2266
9846
5860
3055
7622
1722
2423
3270
2037
1464
478
6805
1887
924
6240
1828
4802
5785
5302
959
1174
710
8443
9660
470
6944
6071
1440
7669
4290
335
8567
3991
743
3171
6348
8542
717
1935
1206
2141
4099
6812
4401
2771
2117
4178
2605
1619
3787
7642
2950
5742
1577
602
485
5851
6158
1533
7677
181
2264
4855
4072
4103
3061
1173
9264
6679
8171
5284
6311
3590
361
9388
2119
1890
5131
9591
4560
7547
6661
7042
4757
3103
1253
6655
9748
28
7489
3828
1284
4972
1737
5832
7462
3497
5705
7577
912
2454
735
6181
5188
3281
6717
4927
2888
4809
1
9332
769
7282
8630
2766
6067
4170
8175
129
1333
2618
2324
9303
618
5875
2743
4872
3392
4449
3856
8495
5039
3375
3335
5821
8788
6850
8139
9085
6387
4733
5434
7644
8990
9188
4674
79
1599
2852
3663
308
8961
4252
9543
1221
7409
6484
3180
8069
9036
8860
7418
5188
175
8367
3841
614
1347
7705
448
3162
4765
8620
7804
3190
1362
9612
6958
8265
299
1087
4711
6879
9082
2481
7371
9695
8049
997
3673
5752
5076
7625
9800
176
5399
4745
5013
1163
7139
6186
5241
4510
9441
6425
1315
8841
7017
1192
8073
6825
8205
109
288
9522
8058
6407
4761
9410
3997
5324
90
3295
325
2203
8384
4554
6516
5421
6560
909
7318
7402
72
1941
2508
7553
7226
7006
9637
8200
7777
2669
7595
7262
7158
6181
7390
7810
8029
6904
1370
1959
3683
5923
3097
8619
2700
3545
4872
2499
4401
5612
4420
5990
782
8204
3261
9156
9586
9296
1741
8558
194
8148
413
6883
2165
3722
2068
8088
3084
1433
3326
4166
3562
7188
3836
4693
3114
8927
8794
3176
1471
7395
3944
3173
835
1429
7458
2198
44
6686
3135
3161
3808
9103
3486
4083
2825
4824
997
1973
2481
6677
1015
9560
5169
2238
3853
9754
9800
2911
4809
7410
5634
8624
5353
6712
5032
5922
5526
5645
4020
2571
2243
6993
2367
5008
2026
2379
4021
5655
6548
3978
9346
2967
5381
4707
7183
2214
6170
3962
9164
2335
7711
8679
7578
8147
9023
9276
4591
4304
3039
7191
6191
592
2719
5982
5336
7638
5282
1157
5408
6618
9963
48
6712
493
8856
8962
8740
2713
6780
4662
6618
9122
7901
4981
3539
5803
3605
1206
2883
6707
2518
931
3788
659
9880
29
1465
715
3557
5467
2479
6412
1397
1779
5128
2268
9396
9187
5977
3640
5918
7508
4397
293
2358
6836
9447
7992
9787
4626
5167
7122
2737
2302
4822
9505
6336
1744
4971
4146
5352
9482
2070
2441
9667
9674
6977
4036
6518
1165
5362
2772
5103
9992
8180
1784
9249
7871
5552
1412
2931
7239
5186
1948
5322
3412
1755
2089
9832
5767
4995
4885
2138
1191
7025
5971
1446
6924
3801
2903
9743
6462
210
2659
5878
8080
4928
5022
5595
9627
6466
8950
923
6596
5646
1582
1460
7924
1962
2426
7752
4124
9292
624
5781
9544
4420
8785
8228
8731
6402
6241
6471
3651
9009
4639
6160
281
7251
7356
4241
6288
4837
6824
9533
1377
1148
5818
443
7835
9098
2165
5739
5350
1249
8574
2006
751
4193
2385
7585
5395
1568
6242
7126
4461
7112
4641
4060
19
5691
5711
8944
5178
5337
5955
1211
1510
1169
8127
5153
5519
4832
4869
258
2604
8061
9230
8390
1449
9518
1921
1640
5243
7080
9357
350
7559
6900
4144
7693
6695
4794
7018
9683
8364
7695
5236
3599
8840
6369
9290
6476
8222
8350
6755
2175
8045
7894
7424
5595
6164
4835
6022
9318
7394
768
8362
1392
8611
6489
4025
1943
8458
8350
1592
5735
4349
6293
898
7868
1219
9900
6822
3887
1718
9684
2426
822
7543
6020
712
4870
5172
4654
4462
337
9124
1656
8872
9588
5711
9811
2471
278
4651
3611
2388
6891
535
3419
738
4425
3290
2574
226
7985
4648
4971
5834
2003
8189
8969
7223
5291
8911
5253
6278
701
6471
8063
3254
42
7666
4686
3540
1125
4151
2568
3925
9939
1301
3446
1692
125
9974
125
1421
9128
7717
5300
931
2799
917
2251
8886
917
4513
8535
6712
2680
6405
7002
3204
5427
6752
4782
2834
5885
8343
6864
2086
7922
3379
8210
197
2615
1309
8695
8219
2130
4768
6304
9264
7536
329
9914
4087
8737
2718
5572
236
3209
9830
4783
5683
2667
2039
700
7904
8081
8599
3492
8463
7446
1863
4577
1055
6466
1615
6630
4369
5400
8870
5247
7103
9312
8924
3987
8678
7064
6052
107
7595
811
2799
9894
594
3046
2568
8347
9823
9326
158
2179
7867
13
1582
4566
2685
1148
664
9965
5766
9422
5734
6785
9362
3997
9237
287
4262
1677
6050
4276
1199
939
3124
7855
8607
7063
4009
9489
2969
2969
8437
4233
8288
676
7380
4043
2842
8202
4051
8975
9682
8347
9143
8438
9549
8008
2362
5719
6292
7483
3996
3611
8242
9644
7837
9722
3131
3804
6583
8809
915
6308
1363
301
1042
4310
2078
4345
7048
9232
8363
7264
2004
2503
7805
2962
2652
8746
2670
6230
7259
833
5398
9279
5188
3572
9329
4797
8113
267
5458
5156
3714
1266
2388
5933
1204
9288
9873
9036
6491
1246
7669
8408
1208
9851
3189
9398
4195
6053
460
5480
2784
8694
693
9153
5212
6599
9878
2288
9683
9131
5102
9070
4605
7629
5671
153
658
9001
8542
4777
9623
2413
1447
8476
4372
9793
3029
6042
6393
6435
652
8028
2852
9779
335
6963
9050
2807
8953
3006
9462
3032
9978
2989
5620
1155
9276
4081
4052
496
4708
1030
9116
7585
6537
1848
7592
4183
1647
3252
886
3446
8699
7406
9261
3546
1574
5162
364
3989
9991
8198
4970
6908
9147
3811
5877
9801
6035
8751
7495
7285
9479
5064
5906
5889
8418
7546
6046
7916
4629
9708
8990
6333
9813
4343
1347
9692
9339
7886
171
7343
295
9699
6975
2037
4303
2861
2560
8615
9000
7912
3287
8619
7318
9895
4182
7778
7991
448
6974
2883
1489
8376
837
5792
9633
5513
9873
7699
3288
4420
7354
1631
4355
4146
6554
9713
7399
8446
4288
3262
9051
6051
4354
9405
3197
3673
8082
6196
985
7005
4676
2812
4670
3458
3437
6883
6090
9367
5485
2935
5495
8584
4019
8319
8837
2416
4146
7602
5761
332
8739
9087
8414
7856
855
8206
6912
8462
7916
3959
1661
3012
1044
2972
6924
5439
1463
6079
6764
2286
9753
3935
1222
5348
3755
456
1114
8678
7974
9226
208
8127
6377
503
8897
8983
9729
9769
9914
1380
7820
5898
8349
3999
9797
9479
5416
3868
2200
1877
1077
4787
5196
1286
4309
668
39
5263
1259
351
5248
31
3934
8244
9024
324
4513
9686
23
2990
6362
2133
6268
7014
8678
6462
4575
7138
7691
3739
4827
1652
4969
8414
620
3834
9528
5966
4038
6578
6964
6484
3876
7447
4134
6049
5333
7264
9137
6909
5110
1484
5860
7726
650
4336
6613
1926
5066
3565
4348
2267
8096
2575
6541
6533
2960
6040
8257
4515
1319
5878
1963
3648
7371
7739
9550
1922
2420
3474
4779
6897
9898
3791
8170
5334
8331
4530
8191
7021
4228
9382
6431
7337
8286
3906
8459
1553
4186
6430
1616
1889
63
2977
4127
7438
6576
3724
1023
9023
9666
7235
3348
189
5249
5429
8113
3587
2490
2767
8911
9096
3515
6421
6125
7697
9812
6452
9093
520
2607
5843
1372
9648
1894
3578
6942
9133
2098
836
3876
3575
6388
9993
5562
2289
2319
2639
165
618
3789
4656
808
6100
2587
6015
2027
8482
5265
2691
1470
2830
2858
1645
7050
3621
6690
8886
2137
2270
5842
5682
6676
4783
8670
5077
2364
687
367
9423
4051
8066
6645
3473
2853
8634
1683
4998
38
4323
6149
5877
5336
4026
4507
2737
6227
7767
8888
679
3598
6160
6895
3625
3389
5411
5099
5252
9356
5639
7014
9607
9451
8591
5248
3609
2530
7473
4642
6733
1974
5364
1752
9598
2861
1436
7041
2253
6804
3078
296
4191
5898
5556
6238
1050
8978
5466
5689
3282
3018
7915
9854
1598
2595
8209
689
4954
7162
1166
4693
5085
1179
1578
5712
1640
9480
4663
3418
6936
9993
5848
1174
8629
8877
6729
898
3792
2008
7533
3565
2339
5608
4015
9590
1399
4273
8579
9647
5005
4643
5070
8181
6494
3350
9422
7816
8077
2022
8779
8824
2754
8694
1623
3596
5703
2699
4095
7793
8905
1508
7137
6520
431
4025
7076
6588
4753
6607
8260
3717
2526
4428
6245
6971
4909
8944
8934
8106
9614
7062
6988
3787
2315
958
4428
7184
5756
3552
6053
4563
5742
5167
822
1802
2184
2647
378
2644
19
2406
6078
5423
3773
8658
2041
8356
6976
4156
1129
7478
5519
5431
2041
9665
2915
6162
3131
9883
5734
7069
7584
5071
9620
2617
3001
4961
928
4509
6198
9723
7301
5597
5440
6189
4393
8938
6175
1045
6327
2001
4927
9088
392
6186
8397
4172
9149
2385
7605
6709
7141
3948
8271
4355
2529
4048
3402
6653
6852
3694
1250
743
8298
4682
5067
2961
5356
6236
1040
5870
8467
3156
2858
1009
776
9916
5043
8867
9703
2095
2136
5121
1027
4844
2666
4794
5379
2124
4317
9263
9604
81
1119
9947
4905
1584
8977
2781
1972
7433
3256
2893
7858
2303
195
9096
660
3106
7825
8903
4775
1964
3962
1351
1123
602
4759
3932
4321
829
3798
6324
1983
227
7559
2056
7017
6860
4893
3720
7352
282
5050
2828
2634
5186
3605
6078
8147
1420
1937
2917
1250
9438
6044
4632
2372
9827
4603
2953
8224
5223
8049
1099
1594
752
2310
6816
8431
6816
6733
4233
6379
8550
5213
9464
4409
5711
9332
3950
2247
2253
6436
1168
2309
898
7396
3527
2118
370
108
3620
8906
8806
9348
9852
4449
1347
656
7682
5913
1242
8589
1030
5196
7778
6
8308
1488
6181
889
1977
3163
1476
9503
3488
8813
8980
6626
1409
6140
9073
5149
8998
1058
9951
6307
682
5926
7566
9520
189
4406
9745
2524
9833
9460
1949
9208
9805
4387
9041
7634
683
5600
5923
8307
3638
1773
156
8612
5477
8795
4047
7934
788
313
2901
271
7218
5853
9597
681
5711
6829
1130
3501
5489
7322
7646
817
6342
5874
1047
649
9099
9597
4502
5746
63
9794
4255
1933
1007
4209
3812
8478
9457
5559
5027
8134
4320
5302
6647
1771
2109
5364
4738
7459
4348
5626
2356
7148
2262
2478
5206
3258
5987
9628
3595
4590
5769
9983
5541
2072
513
9173
6883
9818
8732
7189
3373
9689
9114
2883
6593
7226
8269
8028
6601
2496
8131
6930
4044
2224
4233
4354
8188
7943
6136
9577
7665
4358
4298
6128
8404
277
508
8990
5012
4443
5250
2590
2264
2140
846
3014
3605
6647
2341
3321
511
5542
6615
3468
3431
1725
1403
4930
511
789
120
3672
2535
5455
3753
494
6171
5732
7240
8770
3939
4836
7017
3743
1131
8490
3693
9919
8285
2411
5388
759
4516
944
6259
6590
6126
2684
2108
8971
572
9951
2139
663
99
1007
706
5905
3113
9972
9786
5432
4164
9850
7481
2794
850
3395
2077
187
5305
6835
5830
8524
6818
8050
4796
8683
6893
2227
9811
1543
6401
2839
8874
9281
3877
8350
6735
9040
2435
1574
2620
1205
1229
5309
6751
6475
6140
2921
9673
3240
6574
3202
1000
4000
6648
141
2933
886
1151
3913
5068
5838
3755
9026
5570
3852
3883
2676
4853
7558
1582
2070
2533
5973
7587
1670
9151
3808
9041
448
2481
3561
5690
1316
7384
4389
9781
5520
9930
4548
8147
2683
8414
648
6588
951
8513
8443
5307
9904
4729
3087
2200
3397
957
1576
4544
8800
4374
3483
4763
6270
8095
8342
5644
604
6524
3083
1522
8116
5654
5906
4232
3235
78
8879
8053
1320
2718
3224
9515
7234
5348
3433
2542
3426
256
4784
1150
9484
3183
7847
1588
1840
1179
995
6434
7723
152
123
2106
6314
6536
7768
7314
3744
4391
376
1661
1121
7578
2510
9659
6328
2853
4312
1778
4867
5488
8966
267
3430
6157
67
272
5373
6116
4823
7565
5349
1755
9079
776
2480
7877
5961
583
9657
2811
3010
5894
260
1560
1699
9466
2466
4639
845
6054
6698
1935
4992
3797
6786
4646
3146
2603
182
4302
8071
7016
3120
5175
1852
8678
4985
9634
6358
1025
3975
4126
5183
8813
2636
6284
9443
8340
570
2356
4021
9567
8672
4741
140
8723
6152
4458
368
6773
736
3923
1237
1927
9124
9987
8443
574
9864
1935
824
4633
2339
1506
827
5644
9863
672
5730
842
58
4695
6240
5211
7498
1048
7571
8877
9785
1073
5878
356
4911
7768
5688
7316
6717
2440
3198
785
3548
6191
8369
7298
2380
2342
6755
58
9161
7809
6348
6122
4537
9044
2554
7520
8569
1464
2039
9591
422
9659
2132
7197
5004
7618
899
907
6099
6567
4925
254
734
739
6933
2601
2917
6405
6910
2723
4050
8546
8950
7972
6012
9377
4719
5920
3421
4516
2600
3603
3067
9520
5438
1544
2534
9226
1993
9681
4279
3642
6788
8148
4044
3753
4149
2076
9111
5260
2279
6276
1081
5581
3591
8070
7016
9793
4965
4633
7830
854
1399
6222
1968
876
8702
4934
3834
5159
4319
3000
461
8999
9179
3494
7820
6740
263
3031
9123
1441
5181
7889
6106
6918
6166
6581
2140
5007
4877
725
9958
8452
8712
2398
4638
1400
5704
6700
6835
583
4096
437
5888
676
6345
4417
489
3624
769
4229
9169
6908
2226
6104
7383
3432
2119
8671
7450
9769
3953
4235
70
6103
5504
7501
1586
888
1799
5528
7316
6047
3753
8489
6608
8966
98
614
5952
2057
7484
4700
9997
8491
1598
4729
9880
8160
119
6045
618
9217
9919
4252
1425
8845
1103
717
4081
3998
4287
7516
6448
3163
4555
4415
8306
3768
8695
7752
7844
7124
9184
1231
6537
5196
8220
4205
3007
472
4299
8905
2963
5459
355
8013
8656
8394
6610
7111
790
4037
6479
5113
6910
8296
992
958
2915
8045
2439
8737
690
3863
3695
5940
1381
2418
4026
32
3383
3865
7504
1292
1218
3248
5588
2292
973
684
1885
9874
630
3321
4576
8724
5306
5466
3406
1598
9041
9695
5828
4628
5408
8544
4863
9732
845
9320
8744
2486
3252
378
8391
9993
6465
531
5872
7519
5937
7615
6699
1774
1796
5598
9077
2118
5063
5642
2973
6330
6331
2347
4063
9104
4726
9528
8129
9871
4879
5359
856
5400
7204
4274
2898
3799
2848
5424
3186
9560
6641
8260
9964
2595
4917
9753
9998
31
8559
299
7620
2738
675
8965
1445
1240
8767
6285
9383
9862
7338
467
8670
733
3135
4261
5854
1512
4767
6867
9208
6232
8546
3446
8439
954
4740
7478
4537
13
4191
890
7246
4435
8024
1673
6842
5800
8868
4035
6451
7504
9137
7875
5257
1180
3322
6756
6709
4966
4508
998
6849
9753
2481
8849
7332
3935
3883
8878
6076
4500
1755
7822
2120
964
3793
6417
9353
9505
6479
7966
2015
4499
1390
3909
503
3929
6189
6954
9043
7340
3214
1130
9804
6433
7898
8683
9630
1497
7580
3034
6196
7240
5280
5922
364
432
8161
3010
1957
5571
6091
9388
9381
7680
6162
8632
7245
3755
7685
8056
8667
6161
5915
4235
5682
2569
4273
7215
2125
3169
3953
6146
4109
881
6993
1745
7276
9724
7370
5953
4419
4171
2734
8544
9539
4921
3755
3604
5115
6231
7243
1681
7810
1826
750
5998
1914
8535
4921
3164
4802
7958
4773
1330
5495
5959
9069
1535
2390
4109
1438
4725
8662
8513
7245
1598
9182
9066
9054
3237
7470
1208
3961
7924
4174
5320
8124
5333
4850
2409
2714
3095
9024
1352
3413
7917
8070
2003
5597
7431
4486
7470
5077
5913
9137
2768
1467
7972
1877
8191
9232
4259
7367
1005
3894
9392
4027
3517
2259
9188
1721
146
9330
4560
5106
9972
2251
1435
4420
3867
6696
6968
638
1008
5141
147
2246
6092
2176
6941
6511
434
8405
4355
3449
481
5745
654
5511
9509
8556
1968
8215
7977
564
2590
505
5346
6529
7842
20
6763
5524
690
4424
2649
4028
1302
8022
5423
377
5278
8514
610
9621
9819
6709
6139
9711
1454
8192
4951
8624
8778
7434
8814
5868
9922
2022
6591
3187
7436
4103
9619
2473
4104
6493
7758
5167
6118
7848
8900
1260
9897
622
5693
690
3297
4153
7526
8917
3229
8748
9116
1785
4901
3472
4171
8447
5800
6616
5037
2271
8394
2939
8464
4133
3918
1196
5608
3037
2790
7403
2299
8102
3883
2168
7045
8307
9669
8164
7115
3204
3774
6066
6395
1153
8628
51
8593
331
6235
2526
5248
1076
4663
4172
8663
493
9992
3740
5533
1448
1039
9520
4029
1032
5163
2143
2640
8295
9986
9357
8688
5584
9444
7819
5843
4836
129
5499
9618
2430
4491
8922
1728
1114
2334
5799
4625
2210
9347
9643
5369
83
1018
5878
6183
4896
3586
9171
962
4394
9334
3112
1469
6217
9152
3212
4065
8917
2831
7594
8276
5186
1946
2973
4933
3186
1606
7858
2091
9315
4766
8091
3263
1847
7175
3217
528
952
1270
7435
2655
6830
4571
5854
6269
3126
8784
4214
748
1423
1611
7609
7000
6171
3873
523
8616
1903
7026
2235
7107
3299
9116
2050
6652
9850
7652
5679
5457
3487
2829
8912
667
6215
9806
2766
5799
2529
7848
6521
9543
3456
4883
141
6749
2844
2428
3793
4667
5646
639
995
2713
2085
5959
1361
4509
1098
1289
9237
6038
7486
2234
7447
9661
9050
8121
8629
8000
1752
5046
747
1092
9007
3485
2540
8377
9883
7117
7627
4721
4697
4741
4167
482
9949
4973
5014
3561
5513
7466
9130
9451
6561
6311
6565
5057
2924
2217
87
8178
6999
1832
9657
3521
3601
111
146
2916
7208
7986
1479
8884
1918
6450
34
2694
4362
708
4297
9773
4834
790
9754
3021
7163
8705
4876
2084
5083
9627
5200
2024
7602
3709
9735
4922
689
2243
4678
1760
5586
8742
6836
6692
4942
816
8767
6679
966
73
4524
4185
3640
3762
9843
1719
4412
8049
4789
5114
833
40
8750
9294
7206
8237
8915
9758
6143
2078
7055
2343
7917
6016
3198
7221
7118
4814
9410
3887
2445
1132
9601
8815
4738
5671
9764
4280
249
7851
7653
7926
771
7130
1259
9622
7874
6067
9078
6741
7742
8910
2211
3075
3200
7234
1295
3272
1842
8538
4527
6810
8077
7492
4942
2006
5529
8997
9113
9814
189
5836
5128
3582
1548
9721
9558
9353
2971
7421
919
7731
6099
5697
2612
4851
3203
340
140
5208
6586
6944
2460
8592
6466
5863
5189
3913
4611
4655
1850
4986
673
9607
7476
5889
1504
6361
3189
9092
4753
4775
3690
1418
5176
1057
4188
95
3824
506
4711
2535
9097
9645
3499
7075
9427
1367
5080
5660
3327
4766
6191
2763
1760
8606
4044
7921
8594
3378
513
2721
7508
8161
4107
7111
7693
8715
1508
9664
4768
6892
7828
2397
3094
104
4688
7816
4199
1159
5580
7984
7547
4883
3666
8644
1470
3416
1600
541
8414
4788
8125
8446
6765
5567
9447
7256
2108
2700
4494
5486
2127
5966
6292
3551
3099
7248
5691
6035
310
8374
5102
3065
142
290
5656
5614
3656
9069
8514
4037
1957
7817
7167
5633
7566
8742
1074
1811
9879
9713
1420
3606
4182
8568
3770
7006
8980
4362
2593
6446
8580
9822
1215
9372
8224
291
709
6703
218
4711
3678
8536
5598
8012
245
1094
1030
1288
1516
1237
4883
1440
9102
5236
8120
9646
85
2837
573
9242
7915
6206
7745
9461
122
1606
1878
9146
9374
9246
330
3564
7400
9076
6938
1741
6921
1146
9816
9262
3112
9947
384
2711
9785
5196
5757
4668
9476
3219
7679
6298
630
958
8912
7317
6353
4627
2601
8258
8827
9015
8504
2775
4739
6138
9063
4796
4447
3006
7899
1614
2302
8509
3049
5763
4476
3048
3689
895
4007
4313
416
8803
4465
5308
1890
3845
5882
2002
7279
8413
4999
8681
4843
5635
8017
752
5386
6819
1267
5918
8997
9771
9946
4001
3857
7336
5722
6536
8835
7121
5257
7296
2154
4565
3996
8554
1418
4562
8990
702
6503
3798
3397
4906
3978
2123
6613
9125
5813
6195
3562
941
6712
1635
2203
6032
7782
3393
911
5614
4157
6163
2606
9614
7419
2359
1207
7602
4815
7896
6726
4970
3472
6766
9114
5469
2612
9576
7516
4479
2423
8026
9680
4984
3185
298
5871
2650
6798
1395
9875
6368
4085
6535
2510
7474
6280
8968
9483
3813
2467
7717
2771
2138
8026
2682
9727
9212
7396
1861
4682
4255
2053
491
1139
3871
4237
4345
5620
4157
5091
8732
1511
449
7649
8426
1678
9592
4688
9849
8325
6900
6391
3244
6186
5595
6859
4463
3579
8177
5650
1927
6861
2610
5503
2730
8726
811
8492
9481
5966
2943
721
4872
1872
8837
7319
9069
5538
8243
6534
1644
9686
990
1143
7564
3524
4330
5160
3749
2026
8462
5948
9434
5285
4641
3099
281
9380
577
7543
3860
4478
4677
7625
1526
2160
3757
5940
8653
7564
3574
5503
4786
9271
6528
7934
9642
7920
2812
6049
6293
2361
9928
2533
4889
8441
7390
9926
9196
4050
3160
6751
2206
264
2544
9116
6661
6817
1379
552
2208
5683
4310
8935
366
1513
1386
3698
2453
833
5276
5605
6480
1171
5471
7410
9866
9443
2472
1054
4482
8484
8390
5104
2643
6728
9045
6169
7222
9094
5362
5699
4298
6905
7681
3982
502
664
9696
2071
7069
2646
1331
6872
7058
7549
2790
9498
7092
4148
5735
4170
1303
9638
6288
3276
4496
3115
3571
1853
8776
872
1928
7614
1181
5507
4934
2024
6603
1868
9727
2626
916
8272
3976
6003
9344
8031
5915
2172
3326
6017
1374
889
1081
7338
4707
3754
4995
3938
2121
429
9039
6131
8526
7319
7259
7996
3777
5974
4063
7085
4636
9912
5873
6880
8654
5503
2583
816
6210
3407
8396
7059
8453
6145
7034
8823
2503
9734
7248
3855
8656
4526
3805
6266
9262
9307
8778
9905
2768
6082
2404
3613
3322
1798
2856
2652
9261
3020
6995
2202
7213
2376
9121
7775
8863
669
7681
8367
1343
7754
4089
4687
9074
5341
5081
7337
7649
637
4638
801
5686
1940
2140
8351
1563
4618
5055
992
5646
337
9353
882
3334
6118
9973
9652
1708
8925
7997
875
9960
858
9104
7273
8949
6238
9247
7770
6083
1479
3996
4822
5496
7766
4301
1966
1158
1043
3344
3340
6459
8593
7101
8676
1684
8872
7062
3781
6699
8410
7470
9916
4734
9200
1530
5220
6573
7634
8771
9293
8966
621
656
6025
6734
4160
7401
474
6865
1497
1263
6294
6877
643
9568
2135
4134
8062
870
7960
7061
5102
8700
2062
5888
9267
33
748
2052
4818
5370
4340
7236
9877
6527
6847
4632
3900
9258
1547
3175
7853
5535
211
3157
3485
6985
8970
3256
5817
3924
5135
4558
8191
476
9471
1435
9747
5802
5606
2065
413
4913
676
6214
9340
2702
2046
1420
4923
3573
3820
4870
2420
2174
5422
5418
5644
5458
5784
3803
5215
6805
3534
6594
4790
1684
245
1926
164
162
3534
2865
5718
7413
9534
9670
5547
6564
223
4228
1391
5381
1470
6797
270
6183
3591
6608
5518
7523
3092
8590
5896
864
3030
2873
5886
8868
9799
6350
381
9919
7132
4136
8607
2659
2923
5902
2307
9174
3126
4248
3328
6298
3551
8628
1044
9727
9693
774
8924
766
4568
3169
855
2041
461
8823
4368
6009
1276
4885
4042
4372
4839
8750
4822
9552
8475
9018
1738
6273
8656
7005
6336
6250
7903
3785
9295
5901
2816
8046
4291
9926
5511
8156
1300
9894
9618
3555
3563
7052
952
2522
1826
5043
6357
1566
9433
2517
7370
1266
3042
1868
2234
6984
6348
4436
7843
2947
8849
4141
6528
1702
5862
104
8996
6556
6535
2786
9026
8124
1781
8302
540
9573
4569
2706
2004
4588
6993
9525
9946
1040
9999
946
1272
3305
9326
9438
9323
6761
5575
1358
8657
916
2009
9898
2762
3237
1901
9314
9157
9645
7411
7940
6578
2773
8076
9633
6918
5646
7137
2039
8857
6385
6548
6064
8939
8403
1118
6561
759
8531
4626
5519
5985
6762
4093
7817
4817
2118
7980
9553
3085
3146
9591
4304
6206
2628
8922
6881
5851
6903
2568
8658
5026
5447
1228
6691
1976
6560
7556
8223
464
4319
876
7017
5595
2276
9070
2114
8471
6061
6032
8887
6581
4277
7007
7499
5654
2914
3156
4644
3686
6707
3085
8819
5164
5865
544
2388
7663
5764
5191
3835
5878
6040
3421
5338
628
5119
1346
2335
1551
6344
7648
3959
1521
3024
1216
6005
5722
4957
4540
5639
4134
5128
9428
412
3847
9680
2490
6960
5578
2089
8908
7992
8146
2947
7254
2120
4580
1557
1791
9774
3578
7278
9147
6718
5093
376
7708
2628
7689
5812
973
1108
4823
4568
1549
3865
7668
8144
8076
803
7079
2154
7713
4043
5251
7850
5763
9170
8668
6528
6744
413
4803
3899
1697
8024
9219
3640
1131
6579
9349
2195
263
45
2084
8510
4929
5180
803
268
5387
3340
3349
3562
1909
3665
3344
1346
1471
8450
6241
8028
6167
8442
2696
8685
2841
3226
5563
1273
9544
9770
6897
4023
4131
1803
5947
8311
7219
1417
9319
2285
5099
7562
2030
3105
7370
2219
2511
705
6846
5567
9276
7275
9681
3259
4004
9564
6320
9244
4036
3553
2254
3990
3128
7769
6365
768
6964
9397
7933
8726
6447
7920
3844
4401
2773
8491
929
6708
2091
6065
3159
4294
3169
6158
3030
3411
6978
3061
3813
1963
3618
8059
9466
3923
7010
327
3488
1725
2781
1275
6439
7275
5382
1028
8258
3988
5857
5036
6637
6881
4008
7435
3854
491
7289
6587
9426
8439
4163
6295
6148
8504
6854
2190
4902
251
1006
5169
5937
4070
8770
5476
3019
6392
4779
6219
1272
6084
5429
6420
3367
5425
590
2870
3644
9298
3633
6807
2072
1269
177
4534
3311
8394
585
1150
3721
124
6021
3452
8400
8345
1945
1503
629
9990
4665
108
7401
382
4801
7808
2209
3451
4689
8908
4567
8874
694
3083
2531
636
3949
3147
6317
6638
2790
7181
4401
1365
6555
1815
6940
2990
1751
9317
5276
9372
5737
6845
232
7471
13
24
202
119
1827
4785
2762
6815
1988
3077
9912
1133
3788
1272
6224
627
5325
5981
7016
1815
936
7201
9974
4526
4793
7831
5479
4193
5592
1374
9096
3514
3041
3607
4283
7923
7137
2116
3116
3627
3440
5001
6919
9969
8931
6279
9343
4477
9602
220
8078
7335
3980
2411
9773
4393
4608
2939
7374
4854
7102
3987
3969
5252
5913
6775
1410
9611
3734
9249
6295
3424
393
3517
4557
6258
1953
5422
2381
6326
3840
1574
7542
7299
6249
3948
37
3063
6046
3428
2103
1955
8517
7466
1184
4065
670
2432
539
17
2229
1765
5358
5142
7492
8210
95
5890
7966
5463
9054
7416
9691
1634
756
7459
9384
1032
2824
4076
3212
7634
2038
5553
1608
5222
9884
3217
6833
1665
5783
5660
8273
9804
4707
5691
4702
1695
9702
435
4716
2553
9507
1862
8089
8026
2647
4224
4020
2182
7906
415
567
5474
6783
1396
5949
6787
9858
591
5016
5492
6972
3941
7689
1844
6743
9840
9532
8698
792
5057
535
3992
9994
8044
2397
4198
8477
87
6436
8438
1523
240
3689
8308
9224
1232
2783
8076
5563
6971
3808
3732
7908
1205
8229
5896
6430
8135
7502
4291
4921
2136
8189
5406
5212
7107
9073
2944
5751
8906
211
760
5614
7818
320
4938
3952
7129
7022
9494
5210
4926
8416
5721
4843
4658
4893
1314
9393
500
3654
3639
5564
616
5920
4651
7482
6435
1290
8225
2257
3745
3775
5420
7213
6874
7344
8629
1851
8011
6300
1392
1857
272
581
9778
5806
2351
8471
9346
5939
6973
1943
564
4834
7683
8483
5845
7065
5493
6858
6442
4699
9874
6545
1611
1712
2815
9263
9287
2622
5426
7290
8496
9596
8291
4709
6874
3919
6975
4350
6384
4022
6606
7240
3036
3779
6411
6891
9404
6723
4176
1781
6583
4963
7531
1828
1146
1789
5325
2642
7474
4788
8246
6692
9983
9867
6143
8465
6633
7559
7107
6299
6492
5635
1521
6491
3034
3507
7080
5418
1068
7069
703
2988
6430
8147
8209
5260
5884
113
9120
699
4180
3862
2772
2322
5410
9012
7077
5324
3341
6811
5896
4994
7290
878
2837
509
2075
2780
4031
1748
5807
7
8079
8415
5283
4337
7604
8171
3436
5874
9608
9529
2450
5376
2322
1236
3064
528
1029
993
6942
3652
115
3665
2416
1961
866
5040
2202
5808
8386
7117
8043
8836
5243
3128
4417
5109
8877
9206
9539
4
1193
3694
2006
586
954
3207
6652
4251
3904
8024
6011
650
3443
4592
6221
8484
787
8074
9347
5706
3974
4449
4221
8191
1350
3769
3602
5574
5461
8418
9268
6206
9603
5344
9582
5648
9674
9929
4330
311
8488
3349
5681
3105
593
3866
7102
4532
8624
131
4890
5470
2450
6977
5353
5311
7811
9080
1144
9142
7896
8302
3090
9219
6902
7300
335
8022
7183
1951
9639
9248
9381
6210
6381
297
2426
4638
8248
3640
6560
398
4175
5466
240
8542
3288
4567
1076
5577
537
9106
1179
983
9938
4682
1106
1516
7257
9467
3692
2657
1411
1124
7120
4143
9826
6198
3830
2150
965
1610
939
8888
6697
5982
93
37
2355
7407
9477
4187
8380
3169
9470
8182
8521
8129
6875
6964
7045
3223
9063
3884
2318
8173
2948
1980
8503
5928
6420
3949
5729
1108
6329
3693
340
477
6093
7767
6501
5604
9795
6934
2566
1717
5365
4547
9270
6644
1209
7047
8942
4183
8274
5093
9119
3670
5048
7881
4901
8905
6902
4999
2602
1157
5900
5396
1820
3118
1828
9006
5190
393
1636
7423
1988
383
5183
9693
1140
9064
8088
9136
3511
4634
6458
1962
1809
753
8671
7385
6455
7358
202
5280
4136
4525
7031
8502
8153
9047
251
3232
3137
4431
1884
4145
9252
8756
4554
8925
2862
5359
1694
4872
6838
7811
6130
2949
1269
434
9225
4836
3396
3355
1691
9236
3336
7803
875
8147
7204
1779
7927
7987
63
1454
3084
4954
3557
9665
3628
4900
9434
210
4289
705
6061
8671
8104
7863
2773
884
8545
8354
3219
9817
1109
3573
1597
4224
8410
8721
4743
1979
8416
9506
918
4172
2596
4351
1649
3840
3048
8857
4555
4443
2354
7306
2787
1284
8545
3353
5247
5474
9434
4059
4773
3997
8746
8904
1070
8146
738
1820
1894
1079
4411
7694
4804
3080
621
2695
9271
7651
6953
4557
3819
1402
2920
7717
7917
4461
192
2022
8149
5095
3625
1369
9159
4412
7466
4858
3310
1479
3539
7586
6456
6931
3334
8925
2036
9396
920
4384
2377
235
9607
8359
3952
1990
3826
7948
6876
4187
9943
3436
8570
6107
9371
2136
576
1690
9411
4102
2638
4909
7482
8573
6244
3117
4820
5063
1575
3280
5791
1012
7037
2409
4744
4169
4071
2031
9175
1001
1214
6910
8639
2325
1713
5935
2763
925
4942
9845
2302
9634
547
7215
4282
9277
8859
8615
839
7329
491
4484
7791
8564
1231
2040
4602
2207
5205
3883
9929
2784
3660
4089
2231
6606
1797
4446
186
8813
6737
1726
6777
675
234
1023
4547
264
6788
7471
3645
8061
2569
1655
3586
4354
721
4420
4668
6108
341
8360
5349
7607
3801
8304
1507
3550
3512
9097
6872
6024
3034
3600
8790
7277
5944
6988
1304
2290
1494
5089
2185
4645
6082
4919
8812
6022
5407
2842
3229
221
5578
5775
4933
8880
9628
5383
7677
6839
1641
2345
9809
2527
8305
8619
4919
6889
7167
5252
7578
7753
1034
7925
3112
6531
2917
4853
1014
3728
5590
4119
9273
3383
499
9759
3576
1370
711
8988
4115
3553
7929
6927
5030
3288
3506
5047
9467
4613
716
4345
1694
1401
690
8142
5728
4075
7721
8561
6411
8561
7927
9439
1005
9969
967
2780
3327
34
4336
4339
1434
2192
313
2144
1673
5377
5966
6770
62
3718
4484
9149
3360
3887
6344
4736
3504
460
7349
2110
479
9232
1446
1216
6306
1619
3320
1320
2992
9304
3490
4155
2138
1305
2539
7536
859
5935
939
1613
122
4918
9375
9609
8231
2782
7963
8656
5053
832
9472
5560
3631
2179
39
4670
7657
6800
7512
6181
1785
8657
1684
8849
3868
591
1709
2974
9788
470
1292
3295
3870
5456
8602
3029
8365
3546
4823
147
9862
9896
9765
3302
625
3564
2773
7535
7153
2554
4576
8754
8399
9998
3758
3216
3640
2994
9872
7938
6855
807
3495
3857
6090
9797
3132
6979
3244
9555
8179
4565
3361
3000
103
7164
6379
1100
7119
3842
1247
2638
9260
8233
1255
8752
7233
3835
6862
804
9543
9498
1966
8886
2784
4797
73
7952
9908
2495
2909
1967
3220
4033
4102
7779
5231
7121
8812
9880
6646
762
6366
4074
1553
4252
7727
1285
5468
3604
3297
2291
8302
6822
7587
8075
5702
5902
1126
9130
351
1358
5706
482
356
6057
5785
264
2874
8939
5512
1623
8855
3125
3406
8623
3733
6431
1735
2354
7320
5322
2372
2682
9918
3232
5149
3491
2782
6431
9316
3240
5294
7360
6201
9020
1654
795
9765
2778
4295
6693
7251
8798
4315
430
8680
4178
5696
3837
8900
3518
2603
9441
268
3956
260
5522
5609
5122
133
2414
7260
8936
7167
8549
4326
4271
5424
3725
9092
1014
3454
2175
8378
9695
9846
6039
6505
3633
5592
5339
4459
6848
1702
6052
6456
6691
1279
2276
1380
4134
5916
423
1077
3775
4361
5173
7713
2351
4443
1118
3508
8091
6621
4366
4483
2021
3247
8564
543
3432
1068
2878
5058
8721
6388
6600
9629
4105
6434
7823
9842
4478
7335
679
4881
4875
7085
101
3697
1877
354
4783
7129
2428
7673
6459
6598
1575
7419
5706
3367
2889
540
2066
9079
2478
9937
7135
9049
6744
5472
2402
142
409
7372
3044
3497
7358
3372
7231
5768
1678
3908
6879
3623
9425
1188
9798
9641
1798
7737
8162
4789
7526
5735
8587
8117
8473
839
3333
7598
7956
1162
7550
3649
4049
8583
2205
6484
3949
508
2397
4448
1373
6822
7643
5648
9321
1040
6518
5258
3204
3681
4862
7768
2909
8289
263
1535
6052
695
5265
8883
8588
9595
9343
7781
4022
748
7149
7925
5623
7080
7170
9458
2989
1695
2053
9556
222
4794
5713
2134
519
4525
5234
1588
1750
4391
2173
1423
4185
1942
2911
6119
572
3141
561
3495
4085
1282
8281
3007
561
9030
3943
2026
9288
5449
7347
4234
2730
6309
1378
8084
3767
9858
7370
6043
8760
1151
7157
7441
2669
1655
5506
7495
652
2780
1455
9887
608
7356
3403
5228
7994
2570
9251
5705
636
249
5643
9151
8583
3406
9832
4947
2161
8388
5040
7613
6838
7891
31
43
852
7003
9778
5959
3111
468
8110
2152
4292
2433
2803
4476
5328
1095
9215
2200
2654
3499
2504
204
4787
590
1258
9271
4980
3107
4330
6941
6615
5222
6588
5806
5943
6864
9183
2843
9963
4055
3026
249
3104
6622
9099
1865
1067
2668
1105
5965
3717
795
225
3951
6882
5617
3437
4201
6655
9309
3061
4374
3734
5354
9160
1247
1933
4745
4347
8217
8894
9391
2560
6591
5162
1567
896
8613
1720
1506
6531
3196
569
1310
277
6073
4889
5592
664
7750
2889
6046
5880
9299
5297
2702
3968
984
6051
1197
2489
1669
6080
1523
7203
5581
3847
1130
2750
3006
3742
2804
9274
2818
6512
4966
8693
4848
7294
6608
4365
3122
8142
837
9945
8845
2887
422
7941
5457
8968
9257
6768
4970
8293
1734
2659
4757
4976
3094
7993
2407
1071
2659
7697
6921
2776
5546
8662
6752
8835
4472
4984
1663
568
3498
4062
4424
3835
2966
5846
3963
8847
7384
3070
7136
3359
8288
2000
8264
7792
5583
4641
9650
3396
3590
6061
7599
9072
2315
5886
1023
3968
1478
3294
8261
2466
873
4827
9345
7217
1533
4461
5127
7983
8369
5151
1598
3884
7873
4969
4848
5122
2039
2822
5530
662
196
6743
5679
2627
63
1198
4649
5508
6670
2886
5656
9393
8112
8435
93
3625
9555
5109
6442
134
3194
4949
4170
8406
2393
8321
6288
6130
2930
1945
4095
4872
4556
656
8627
1279
6800
7721
88
6501
5049
8690
5955
1477
5487
9804
5636
9074
4784
3773
5068
5655
6516
1655
5713
9577
7662
6735
2083
918
8079
9628
3460
5428
2876
4349
3322
5003
8573
955
6379
3569
6069
4481
6094
894
2764
7544
8559
1265
5361
7447
5193
9688
8534
9279
2941
60
4791
9839
6096
6238
9796
9661
917
3124
4483
5352
4271
1903
3629
2917
2156
6530
3938
359
1989
3151
7699
3244
9493
9265
9606
1895
5608
709
6396
9304
324
6699
5905
3258
931
5919
8868
840
7029
1004
3723
3891
5179
861
5942
3553
4918
6358
3649
773
1969
3380
9950
9131
4603
2368
7658
3917
6233
7160
4971
3785
9857
6421
5908
4020
5906
4738
9431
2803
5731
1460
3168
5807
5671
3108
8051
9430
7448
3775
2016
5150
5180
7314
4000
7847
8154
4862
2273
6555
9263
8660
5673
3089
499
5447
185
9101
2103
4240
2322
384
648
6872
2449
6639
2931
936
74
8024
6437
9078
4675
4535
9471
1245
3245
8398
2175
8637
1537
8519
9907
678
9584
4521
9617
5306
1123
4366
8791
9765
6981
1796
1512
5523
1187
3008
1938
3394
9623
7124
5959
1949
9878
7204
8527
8550
8335
7321
7736
2314
9495
1554
2163
4166
6762
3434
8019
22
3035
5930
2878
2063
9475
217
2025
3591
249
3351
6422
6052
5364
6642
8005
9495
6140
2161
1075
4339
7488
2182
3143
4713
9890
4551
1144
4207
403
1480
8894
7932
4037
8025
8982
3106
1641
2826
7848
9624
4947
3831
9933
2204
8402
551
4754
8028
1590
5644
8549
8842
5924
1834
5030
9748
5637
7589
6869
2182
824
1162
3315
488
8873
8836
5518
9873
6674
3365
6064
4704
4433
4058
7880
8312
1113
9228
102
9829
2965
306
5153
7371
6826
6866
5956
235
9613
2484
4084
1413
9509
838
2341
5133
2835
5847
4798
3592
1103
602
3069
1295
7288
2541
5518
9161
9144
2682
2485
7128
4057
786
8145
195
6612
5196
8050
2011
6712
3878
425
9089
9981
7408
1132
425
6849
1611
6853
3587
3905
7333
1907
4902
4988
7464
9355
3054
1766
5541
9530
5001
3947
3984
1190
4677
5704
1589
8027
2456
9168
3835
6293
2550
7861
8177
8653
6661
2026
6647
1000
5377
509
9096
5717
757
1838
1674
8040
9396
9537
2198
882
8471
4559
5015
6397
4162
9062
8303
3997
5903
4574
3222
627
6548
559
1929
4651
716
7711
1604
870
5526
7678
3740
3099
3459
6307
4140
5408
5781
3436
2663
9225
540
1179
4433
9961
1642
3559
1220
7961
8596
5369
3213
643
9054
9482
5957
318
9882
1827
2102
4317
4791
8848
5471
2991
1547
1069
6281
9102
1551
2389
2026
5881
1700
1326
4718
6108
3274
4359
2924
7982
8603
8419
3639
7843
4496
7057
248
4729
3050
4038
4697
9006
597
4293
852
3928
2981
5471
7485
9517
558
7176
2780
6379
2820
2711
8443
9433
1791
7209
336
2099
2763
6281
6456
4396
107
419
9212
4852
9534
7258
6313
6810
2826
8521
957
8993
2093
9147
2895
608
3081
7312
2645
8679
5546
8217
5923
2908
3836
7524
4688
2139
1400
5010
5762
9352
1614
1656
8279
6846
7235
7995
6099
5679
8393
7413
2991
2232
7839
5441
1075
4408
506
342
234
9272
1817
1858
8014
7736
6132
8515
4067
6463
8609
7031
9514
3378
9450
2174
9420
3729
4569
8144
7755
4178
4074
1433
3071
3864
4013
4799
8397
5944
3786
8533
1138
3317
2027
6705
6114
1372
3486
3174
5916
2516
2694
4884
7472
5717
7649
3560
5255
8221
5890
3642
421
1113
3514
7019
8074
8270
2419
6489
5303
3938
2591
7285
1150
4498
5888
6168
1011
3400
7694
1988
1679
94
664
5332
1171
4413
1851
5396
7338
6285
2634
605
6370
5920
4117
3221
2233
9330
65
9149
2518
2228
8882
4443
5751
8160
8542
7034
1605
5118
9189
3445
9658
9508
2202
5735
5396
2283
6425
2793
2160
883
2359
5531
4329
7589
4891
6721
2711
2774
7670
9359
1569
6977
1743
5087
1706
6368
4095
605
926
8967
3311
962
795
326
9703
7531
414
5347
9627
5555
6038
7234
3257
2965
4337
6220
1157
9649
2636
7604
6980
5435
1493
4089
2525
9315
3281
1692
3840
7776
1776
2006
8233
761
2622
835
9792
1078
9392
6113
4636
8780
1479
4232
2241
8945
8893
6527
8019
1282
5683
8146
2701
9192
1473
5346
5884
3032
3750
5492
7550
1402
2363
3633
415
331
4384
7760
1559
7713
5504
1072
9661
8749
3268
4187
9764
1683
8901
1657
3066
1078
9761
3806
1214
5070
8766
407
4984
6750
7373
6869
7288
2594
6701
9417
3850
8419
9977
2556
4363
587
9349
3255
2476
6837
2999
5305
2611
8967
4726
3871
6504
8050
8282
2969
9770
1288
7207
2807
1405
7716
8018
9747
5518
6923
7753
161
2189
7320
2337
3940
9234
1661
713
5296
4042
1915
1251
2068
2196
6118
1360
1906
5482
7924
2986
2472
4809
9305
6868
4699
5632
6088
5413
6425
6186
1863
8933
627
7702
3286
7609
5130
2843
6539
8665
1953
4606
4216
9075
2104
2091
2279
8306
9620
464
2759
2664
7339
6502
3321
8382
3535
9076
6596
8582
1143
5621
980
9314
6315
7790
2342
4436
5436
6056
1706
8016
6594
9779
2648
1581
3219
8389
150
4620
8174
1608
244
1625
3190
9834
8060
4777
6211
2452
9659
6389
198
9543
3996
6956
3182
919
3525
6351
6337
2516
6774
2659
5600
1015
9854
4991
3374
1545
1199
2585
1960
4384
915
8769
5901
9005
9257
2959
708
8933
7518
1834
1974
2454
5469
2504
7681
6406
4782
5020
2844
8597
2603
3870
486
8370
1507
6198
4526
3906
727
9854
1798
4168
1924
4501
3521
6643
5502
3293
4071
715
4181
7518
5024
4454
8755
9946
1080
5996
9463
8717
416
2112
7804
6793
8544
6283
1751
5993
7726
6
4802
3049
2575
6321
1241
121
9880
6445
3337
3711
1128
2249
1876
3447
2749
7638
3579
1446
3113
1444
7422
9037
6133
3364
7482
4800
2545
5417
626
582
7005
8924
6205
6751
4726
4948
7680
5616
7319
3169
6718
6285
6428
3728
2249
4785
9747
1223
7903
4136
1567
970
392
3309
8756
5946
8156
6387
3890
371
3218
7978
9249
1319
419
5472
1047
4135
9487
9110
5380
3676
3290
3051
1018
846
2250
3475
5091
6794
9673
7642
397
566
1823
2788
7425
8080
6244
3375
7972
7459
3283
5970
3249
8638
5970
6176
4468
8070
3249
8906
5619
5343
3120
6600
6344
2521
4059
4936
6436
2541
8874
6678
3627
9794
8043
4597
9512
2857
7035
7234
1640
450
3402
1086
8932
1247
266
9649
9047
1475
1665
1514
4800
2871
5880
7204
5757
1081
8597
666
9704
4579
720
4488
7568
3578
8739
1801
6617
5686
9997
6214
5885
5809
1770
1272
312
4370
105
6031
4463
9687
5366
7878
8067
315
2101
5097
5783
3862
9706
9126
7421
8502
4928
1770
1577
6333
1500
2526
6487
1025
5010
9547
8476
8263
7726
2387
3225
5051
6814
1944
5994
8820
3129
5702
341
7948
7332
4929
354
8069
6750
6633
6001
5216
7654
8121
1445
7301
7496
7931
510
2516
8525
1874
257
1286
9934
3393
6208
2100
3095
9996
8907
4102
970
7080
4142
5648
4264
4185
2755
3628
7649
6587
7222
5467
4277
7555
5541
3087
6057
1705
2473
5443
2881
6943
3158
2991
1600
1535
6731
6008
9526
2060
7874
8151
931
66
8747
8438
9871
2772
1087
3344
1134
905
3408
2567
6673
8521
9991
7521
7282
8872
2885
8993
6311
2871
8043
6920
1823
5331
6278
4277
4868
768
5494
532
203
4372
8547
6286
124
5507
5389
1640
5998
5979
105
2100
3256
8342
7313
3820
6973
2470
8014
4441
5096
4302
1713
8481
5696
2283
3667
9026
9459
9804
7391
3878
687
2491
6689
5829
5621
7260
3540
591
1163
8123
9401
2988
1638
9245
4629
5148
1038
2987
9007
801
848
972
6154
8825
8061
682
9026
2006
7964
9043
4639
2880
7433
7004
4361
6615
5298
7353
5516
3562
9137
3756
9360
5266
8220
2356
5921
7202
2782
7455
7803
3424
4878
7631
9156
9564
4078
3792
6787
8992
6090
3017
919
350
1030
5820
964
7053
5955
6149
6920
1229
2159
2515
1845
9979
8097
9837
8047
8999
9066
1624
4241
63
1109
6168
5276
640
2666
8664
9854
5553
8844
8615
7663
5662
3924
6091
8489
4186
7512
9720
4044
9163
2897
7145
7636
1706
8584
3891
1394
2563
9923
355
499
2858
5639
6120
1518
1182
1660
8884
9177
8049
8311
7135
5009
2797
8274
2456
7143
7006
8322
4629
9439
6430
2619
1739
1460
1521
6698
4651
3370
4808
9418
6993
5824
5417
2800
3801
255
7299
8214
3594
7989
9466
2246
14
6391
2778
532
1059
1917
7236
3983
1098
1601
7328
9181
2339
7314
1877
7504
7050
6446
4999
1746
6338
7740
4758
2392
6508
2710
4891
6833
2447
8039
5644
6605
1886
3176
5609
9426
8882
1488
6095
2594
2850
3055
3025
6187
4010
6158
4609
9172
8966
4335
5825
5003
6852
2797
7448
366
6538
3391
3002
1430
7974
5357
4753
7485
2478
5804
9579
9140
3315
7747
9092
9067
7171
1916
2540
3261
1124
9869
947
5145
6543
684
4875
1342
4189
6766
1278
1116
9485
3039
4112
2993
9801
9143
503
4847
2852
5924
4562
3467
1947
3349
8755
1163
4893
7506
8122
5142
9172
7187
3019
9353
9740
4925
5360
64
9912
2053
3687
1363
520
3841
1208
6698
5794
2025
1376
1335
1473
393
983
8073
3941
8911
3033
1690
1592
4155
3799
6798
141
8106
8443
3365
5039
4525
7717
4111
6062
8540
2968
307
8782
7080
4474
379
5890
1636
1402
3014
3680
1271
4566
6990
427
3090
9650
9838
7457
5173
8658
5373
5647
2154
8173
3620
6542
6164
8376
7610
2402
9566
342
2875
1902
8555
1013
202
3513
9295
116
3589
7230
231
3171
4104
7853
6876
2251
3978
1137
7065
6839
7078
8467
5828
7436
9566
9416
5787
3508
8553
9612
8275
7545
2549
8069
592
9293
1460
3922
6972
2880
1637
201
294
8008
7125
6030
1089
8610
5016
2670
416
3652
6827
2761
3893
8723
9793
6216
4792
9125
5792
4786
2066
2174
2708
7982
169
9680
4331
5184
1299
728
350
3144
2519
9369
323
7086
3813
1546
2329
8494
84
5377
9091
5463
2100
5905
4019
6400
2781
5987
407
9347
9233
5504
8825
6188
2864
2279
4604
2483
6967
2359
5763
4561
2075
578
422
1298
7616
2112
2641
7398
3838
5184
7777
4496
2621
7301
802
6946
4590
1148
813
6303
9909
3609
6553
1975
7766
8355
9882
1284
5925
1157
4662
2201
2650
8271
9343
7194
2452
8980
5408
3515
357
3455
6349
9835
5194
288
8875
7285
5747
33
2785
7258
8845
8463
2905
5563
5018
6284
8608
3410
9106
553
3002
9913
7781
9505
9238
7957
6204
7769
6465
2138
7429
8129
2345
2355
105
1486
4461
787
2138
4323
2977
631
1371
3048
2870
5059
7640
5829
7906
9534
1193
7523
4404
3552
3735
4193
7652
7481
7621
2974
9855
9615
4943
6310
5260
5173
657
6516
6059
838
2372
3118
3203
5834
3783
4328
814
3731
3538
9365
3462
3054
425
8848
8074
6752
7194
816
7016
7750
4751
537
8264
3158
3086
7768
5014
4202
9048
5306
7546
7324
5827
3371
8631
5313
3264
1213
645
1763
9689
4951
7956
5807
2212
144
630
9615
6837
6466
5634
8152
7786
3393
9870
4726
1959
4973
5309
4472
5196
5918
8988
4281
6052
8962
145
4466
1222
746
4606
1275
8014
5023
8096
444
8352
2463
7816
8730
3705
5972
3418
6789
2236
4593
4454
5839
359
4705
4497
2844
8680
7433
2650
4195
25
5006
5560
1634
5453
6506
3403
1400
3851
1276
1506
6110
1502
2420
8611
5867
467
2374
2613
4322
6420
8505
3807
5704
6248
1762
1629
5811
683
6052
5531
4576
1796
8821
747
6631
7502
6390
6731
8449
245
7437
6248
2301
7324
9618
7259
7177
4046
7707
3600
2479
8871
7415
6886
836
3437
7534
2292
1250
6396
3645
566
2015
9085
3160
1747
493
2184
6671
75
3259
5747
5104
1989
6663
5684
5203
32
2863
1995
7644
4698
1055
1599
8895
5539
6913
6069
8186
5338
6833
7223
2143
4154
189
4933
3737
3873
7150
2759
9681
1443
2838
939
9606
1642
700
7507
4973
3100
6804
2975
1135
2907
8303
3019
2297
6011
4507
7906
4005
1746
3223
8228
5639
5309
453
7339
6213
410
4450
5442
6087
7128
7060
9759
3645
8697
6735
4042
172
8932
3876
9189
9264
7372
7143
9492
3498
1912
2449
2941
3632
2146
1714
6115
4974
7280
39
9432
1721
326
708
8232
8008
1753
7873
3169
6303
3182
7409
8631
1135
3973
192
7324
4941
4721
7263
9240
2911
7561
7399
3671
3643
8030
3078
8631
9390
6146
3599
3304
288
288
1659
381
9286
3882
1475
9704
7939
8419
7314
197
7123
9273
7212
8463
6232
2725
814
1227
2995
7618
8958
1184
3277
9125
8141
7799
7952
9743
7514
5008
4000
4280
7440
4280
4540
7879
1874
5461
8315
9613
5886
5108
872
2508
3995
1681
7778
8703
8725
208
979
6366
1805
3526
4511
2965
3758
4457
2375
3782
2618
2886
3488
5026
9708
5394
9989
446
446
7221
5328
2678
696
7943
8718
6354
59
7673
7945
4718
6732
6476
5241
9235
6742
1761
4866
9894
3930
4291
6274
354
6294
2957
4950
457
7203
5821
9651
788
2465
1906
6333
5330
9570
2515
5040
34
2321
388
1284
4701
4088
7204
9235
9146
7639
8917
4116
5236
6369
9052
9165
5480
7167
9608
1112
8037
9590
210
1121
876
4132
6873
8672
7354
2608
7846
2544
9386
9409
3069
8899
4406
623
1237
5308
7526
7563
9222
2637
8206
4276
3489
3792
8442
2737
1399
477
8964
550
2114
6687
3522
5195
1540
5683
7073
2481
6501
7578
1914
4529
4708
6434
496
9428
2120
6388
1905
3631
1429
770
1732
8266
7990
3652
4896
4643
4023
8034
1848
4590
2665
119
624
1346
2686
5639
8249
7190
4113
8900
2146
5055
2849
721
1076
5020
4926
8540
630
9966
7443
1847
2414
5355
4728
5351
1613
7807
577
9206
1614
1843
550
4336
4394
2843
5842
8053
1501
6164
4109
5133
8425
4185
1762
6363
5218
1230
8236
4463
2594
5130
1999
3616
9029
2659
146
4007
8851
5371
6495
9553
9935
7613
7657
4729
8668
9107
9504
4199
1923
3208
5243
7643
9502
4774
7829
9762
2828
5986
1094
143
7876
4775
5509
7829
5774
4208
9857
2486
3231
7000
3396
5351
1797
824
5855
1596
98
5396
5985
5628
8781
209
9433
283
7972
7084
7100
8300
381
3868
269
954
4814
6799
9681
4483
1505
1782
2122
3972
3023
3736
8293
4148
5087
2320
2060
745
4039
2147
2712
7217
4110
8736
5336
6065
4019
7687
8734
1777
5485
7393
2187
6201
4383
4604
3758
5174
9026
8792
8791
2104
4197
3315
8797
3958
1337
9709
1693
3044
6475
3852
8902
8142
4372
5706
2720
8818
6768
4028
5155
7246
9941
7446
4811
8375
2800
3936
8416
4555
4756
312
7492
3415
7069
7467
6118
3936
4633
3430
5576
5626
1436
6429
9064
1888
1105
2277
672
6634
5671
7809
5908
6593
6801
1786
9652
7023
4989
5192
3226
4259
1571
4220
307
4805
4798
2761
6397
617
8789
7163
7509
608
4091
21
2797
7491
1357
5114
1186
4250
7482
1062
930
1215
2866
3756
5135
5928
3558
6178
2356
1841
3648
8171
1830
8467
383
2718
212
4761
8220
1597
5861
6478
3326
244
1004
486
9725
1747
2783
6636
1387
7339
5768
5650
1371
8240
3964
590
1393
7289
3692
4256
6900
5376
4100
4007
8176
7205
7260
2336
2937
2122
7400
5888
8069
1441
6548
3534
6170
642
9810
9532
1191
7785
2176
5107
8514
1778
2234
295
9694
6019
5134
9705
6220
9588
7039
4301
6223
1512
872
6641
9628
6184
4037
948
8404
2871
4665
2480
4468
5209
1219
1667
6493
1057
6616
7776
5076
7767
8959
6252
6111
7240
7840
5222
9486
3472
1105
7589
7874
4592
1822
1960
613
8544
3652
3901
4465
8810
8618
6977
9905
6758
4571
5921
5993
2062
769
3644
9439
6554
9257
516
8837
319
3267
7321
735
8004
6107
5598
9562
2718
153
6128
2210
4277
7989
2115
9912
5952
8962
5056
6687
295
5397
230
6126
9571
5213
8090
9030
8604
4883
907
6523
4961
4454
7795
4033
5067
4107
5947
7139
7678
1483
69
3104
7023
573
6103
9237
7390
1246
4643
2157
6710
5142
3071
2261
4995
7215
3615
9251
2657
5359
6305
6154
2661
7451
3887
9675
1071
1278
4927
909
7259
9179
3586
5644
7212
1088
7071
3088
7269
4317
3634
6317
755
9535
4023
6960
6265
4114
8745
736
1159
2842
7134
4258
7038
2167
7038
3644
1517
3130
348
769
7674
9761
7511
63
5834
9262
8090
4039
1746
1319
7831
6650
266
3286
9142
7946
1325
7571
3987
1484
8325
1504
5425
7654
333
9382
7595
8840
5822
359
5798
4915
4992
2863
8311
7942
8623
8401
8419
7007
1950
7840
1641
2244
3483
1060
6360
6749
2849
8491
1501
3442
1051
4733
1308
3992
4215
9702
3676
2098
2621
5146
7931
1713
1198
423
4792
9439
7242
1080
4568
859
2832
9667
9245
1663
7266
5413
7367
9651
9772
548
5875
6794
2143
6864
894
2641
5056
2832
8745
5928
1737
9951
7056
6497
8835
1478
2317
9483
2362
3822
2155
1766
8791
4498
586
354
2127
1572
8501
2280
3354
3465
9898
8969
7239
4722
7317
1236
3571
2606
1058
7398
8185
44
7483
7561
7048
3149
9008
1060
8744
5314
8549
2757
5740
457
5139
5774
8996
6817
4454
8273
7332
1717
9388
8074
6009
3825
9723
392
8941
5511
8187
5615
7333
4306
9981
3166
277
7063
7625
5483
7884
5830
9137
6229
2413
4197
370
142
459
4670
1786
2934
6808
3805
2012
7837
5754
5323
290
6151
6266
1810
7136
6292
3780
2117
4709
3213
3083
7794
6497
6269
7928
9330
5754
9040
8945
892
1209
2862
6582
7343
1021
9119
1689
8960
5293
560
9086
5045
318
5493
9744
3053
4102
245
1787
2159
9205
7482
7299
2097
461
3472
8021
9017
9175
1385
8702
6466
9186
42
8968
4658
457
139
2762
9773
9348
6388
5728
5085
3308
3575
5695
1875
2296
5744
2037
7654
9047
3234
976
4367
3783
8657
7352
8056
2861
3575
7446
247
5273
9191
4175
9460
4068
8104
6850
5191
3551
8287
3285
2
5297
2458
4162
8952
4419
1330
2768
2866
9762
4696
7707
2005
282
7367
3643
7527
2877
1476
8584
2363
5655
5627
3594
5622
6148
3204
3026
228
1169
5302
1328
1150
3917
1705
506
2138
1699
8483
1822
4006
1177
8413
5888
4234
357
3987
4382
1327
2896
6766
4429
5862
2731
895
8747
3588
3055
7175
7226
2592
2649
6403
8391
5877
8942
2011
1956
429
7052
2154
4437
7331
6591
5932
1877
2790
9038
8577
3862
3973
7160
226
7414
89
5591
4929
9876
3006
4154
7837
7853
8015
8778
7950
441
8864
7551
8792
5544
927
5358
1974
5654
9380
857
3752
5081
6227
2153
2354
7632
508
6736
2616
910
3667
1173
161
2024
241
4267
52
8541
3335
414
9066
6561
1678
5182
252
4885
3756
3353
4235
3706
4239
86
7504
4017
5260
3677
1714
7999
6624
2087
7177
1009
6232
5423
2846
5891
7439
435
8196
7347
9077
968
6542
2286
5893
7801
8517
3266
9767
3793
4869
3601
8725
707
5511
4088
1981
8316
7477
3078
5808
3094
6992
3206
1518
1707
9759
5828
9477
8909
9249
999
4208
9353
9087
4046
2231
3375
4975
5337
4559
8762
5223
8123
2907
3880
2030
7236
9382
2520
2393
426
2651
3257
7535
9971
5476
9104
5920
1877
5089
7462
8943
3019
8417
9398
7675
9051
9305
584
2521
8532
6819
3091
6614
4491
8968
8889
1411
4255
8148
8940
9006
1073
4443
4292
7922
5410
9518
7208
9163
7224
2360
7441
7955
8174
2850
7863
4798
4118
6417
66
7040
1560
1733
5953
3908
5979
2147
2771
7695
6725
6939
2397
766
5992
3460
2086
6610
6004
7273
4343
2819
1989
9617
4077
6572
3714
7787
2814
436
5890
2545
8894
1302
644
2761
8528
1320
2361
5254
1871
7867
3356
731
2572
7081
9662
7383
3331
1353
4334
6589
4563
9336
317
906
6581
5589
3869
1804
5061
6723
3773
4585
9129
159
9137
4236
9727
1134
2909
3332
7811
9880
9788
3556
5299
4873
1175
56
4747
7787
4743
2869
1474
2475
3179
1789
1374
6891
3581
8016
9164
2070
4933
7839
8095
1153
2125
6717
9299
1818
6421
2496
5575
1761
761
6694
8421
5724
3062
1110
3865
3107
6559
1204
3548
2234
8330
1599
3705
1272
801
6582
8448
9458
5261
4176
3332
6222
1865
425
4657
5267
1300
3269
2694
253
79
7018
4210
5285
9897
3526
6711
9991
435
962
567
5782
6749
9755
7698
9552
6018
6891
9552
2059
2127
3187
2465
1046
4632
1316
5144
1060
4628
7258
5058
3825
7436
3288
9082
8809
7041
6184
430
7005
2035
322
388
6252
4671
1726
4364
8767
4081
4932
4511
1106
1097
2033
8194
1466
8086
5418
4861
5246
3791
7199
2576
5035
7375
6358
3553
2692
3749
7765
1019
8721
2146
7245
790
2698
2924
7689
6314
8768
6189
4876
4112
8372
8059
9704
1045
8564
9604
111
7410
2500
4923
6439
2244
1691
9961
404
17
8368
6154
8432
8153
3916
7035
8966
6918
7418
7426
6549
1782
3857
7330
33
7255
1981
5108
6273
9320
6939
8677
9801
3493
5711
6153
6081
2044
4432
1260
5275
353
9404
4465
3362
9701
9379
5827
6029
2639
975
3124
6228
3122
5487
1811
4866
2090
6399
1044
4440
2128
4203
508
2146
7567
3199
8417
1950
9174
6368
5745
596
793
8597
4784
5887
3446
5195
2997
3690
6915
1056
7875
5413
5285
8174
1522
2514
6549
4637
4625
9337
8267
4658
6169
7053
5932
9814
1528
7765
9894
7855
4160
8039
4657
3913
4078
9403
588
7667
56
374
8861
3448
6210
5484
8990
1156
587
6250
1157
2494
1059
1259
4041
2586
5434
4332
1473
17
6910
5022
241
3720
6985
1436
9856
8291
12
2264
9371
5001
9524
2892
9401
4912
1808
4614
7853
3514
4536
8798
7344
3417
7435
3237
850
1949
975
1740
4602
3574
7052
7376
1892
313
9869
631
9864
5158
8879
693
5633
5072
5070
9520
9482
4128
1906
1463
1976
5271
2946
3576
3470
8211
9276
7899
265
1597
7709
271
126
7851
5315
7014
3941
4133
2173
5585
2871
8565
5247
4261
6323
4435
7870
7316
334
1479
3171
8425
9250
3737
6867
4729
2277
5777
5033
2563
1788
8956
9575
5078
2010
8321
9785
3833
8784
3448
9892
9689
8368
4542
7321
5799
4821
4115
2972
2339
6623
5813
8836
3776
2759
7500
8763
4857
5671
3929
3244
7907
4279
7245
6040
5198
4759
7360
8244
9475
5263
4542
1545
6167
40
1555
642
1746
7368
3602
6938
7656
6430
7235
4792
461
7637
98
3493
5486
8095
2217
4516
893
8834
9305
820
7935
1079
4279
3899
8768
4120
6939
1836
8402
6302
3251
9613
4134
5540
1087
7450
8034
2093
9643
5085
9220
9428
676
5033
1257
5597
5264
1090
3967
2272
2503
5727
7018
6061
6167
4435
2202
4820
1160
5427
6049
6162
2184
4960
3173
779
7558
2831
4534
1572
3913
2034
5620
4984
7036
828
2819
8849
5674
3340
9464
4060
7075
1681
8171
3772
4760
2380
4958
6651
7855
1213
9624
5896
7845
4988
5323
568
312
6553
510
551
8986
8514
9123
1165
8451
5401
8972
2729
1101
6021
5129
8098
8232
7758
1412
9445
4621
96
7842
6861
6586
3703
5263
6849
9911
5323
7762
4665
6382
9533
2086
4063
2735
6531
7635
9948
8121
8640
1784
588
7746
6113
8857
3944
4995
9001
8304
3555
8727
6185
4325
897
2459
4961
1097
4732
1526
6347
4194
7001
8190
1086
4443
1584
3970
8018
1714
8742
3135
1717
8821
2622
7406
1769
6339
3267
9001
275
1605
3797
7167
3575
1279
441
9759
6965
5336
7426
8675
7598
6238
8407
3402
2281
3124
9467
8272
5435
1327
3290
680
5003
7046
1366
525
2966
7104
9347
2097
3674
5237
2034
7721
681
1142
8811
4009
7384
2584
7257
5188
6161
8745
4665
6321
2747
8695
453
3570
8644
7296
9026
4190
7517
8586
4118
2852
5596
2119
5950
2278
4298
4992
9922
5668
7233
317
8772
2265
2996
9983
8669
8429
6054
1520
2675
9851
9474
3048
965
5146
6786
7433
2300
7371
5143
5395
3842
6556
3810
2238
3753
1350
3458
4513
6668
7405
6674
3631
6518
8985
1984
6639
2924
7788
2025
1414
824
4619
634
7196
1694
485
3443
1399
6554
7398
4493
6763
6036
3486
6180
5851
2220
3013
1339
9503
685
3223
4940
8754
8093
2394
6130
3059
4219
6626
2403
5699
9620
4422
3030
6991
4956
6426
4055
3329
5484
4322
8013
7439
7818
637
6186
4666
7825
4385
4339
9570
7316
2618
8531
8489
7355
4222
4679
485
1421
3954
3982
3140
8711
1953
410
9637
736
4690
5211
2362
5726
1887
625
1724
7
9768
7505
6843
6456
8009
9077
4694
1259
5720
6552
1002
9610
1956
2629
3054
1690
2929
1045
1396
1535
621
4970
7200
8022
1382
8357
4928
7194
563
4771
6897
4191
8619
1341
8708
9809
5310
6695
5590
9398
812
7211
173
2348
2743
8692
5086
4044
7661
8628
9681
3174
4307
1754
5190
7253
9610
9619
3521
940
3348
8629
8613
9114
697
7374
4002
8441
6650
7971
6017
1527
23
763
5405
9919
2484
159
1424
7492
6596
1758
1591
7141
6979
8256
1166
7229
1184
9642
4796
9680
9235
7741
3142
5840
9809
5576
5210
7827
9524
9965
8014
6739
9626
8371
7349
3370
3770
5692
1934
3549
5655
5489
7789
3435
9225
5191
6488
5824
7788
880
7372
4319
2226
3771
6036
4745
8346
2635
1571
7455
552
3776
518
7741
2967
4495
3937
4244
2142
2316
8736
8539
5917
1337
5239
6327
8033
5410
5172
7053
746
6716
2869
5550
2992
9251
8208
6217
3106
691
5254
7364
1759
9314
6676
2474
2763
2238
5208
5774
2555
7997
6194
397
7633
4099
7333
6268
9735
139
5394
6572
2610
8020
2993
8076
7201
1347
3280
6319
8921
6653
5796
686
1629
759
6570
7192
6214
1909
8214
1448
6180
2642
1883
3100
686
9659
8519
8310
2716
3145
6768
318
6756
9330
1880
2483
9447
6913
7768
9338
694
1950
6715
5298
9727
8393
9016
2420
9501
207
9387
6475
6131
8912
4789
4738
4351
7771
8853
6856
3830
3615
1781
7343
6273
4771
6024
4660
8617
9879
7798
4178
2998
8686
3067
3527
9376
5488
3557
6755
2358
8668
39
1144
9768
8778
6294
3674
1147
6815
367
5278
625
937
2837
1242
6462
5651
9917
85
3675
2390
3576
8268
5606
8264
4201
2970
3977
1007
6890
699
1340
8740
8291
7729
6962
9820
6423
7197
5233
7176
2077
2134
7145
5947
9706
1733
754
4287
7497
8520
5043
7828
2733
716
5344
1990
6818
9684
2031
4614
8620
1445
6407
2371
1867
8244
8710
1828
3175
7613
2773
5575
3651
795
9863
2043
1873
2417
8850
81
6369
4132
1214
1728
3324
2142
8655
7337
8749
6204
9157
3922
4043
8971
8112
3001
9994
6775
2111
1311
7981
7861
6677
1559
3043
8569
14
484
9081
9626
5186
4519
9284
2881
3029
7992
1465
4434
5016
9545
134
4137
692
7731
830
3318
6348
1415
2294
3968
7820
5825
6087
9595
1805
9480
2027
1537
689
8192
9518
426
5219
984
5710
3584
887
3117
7207
7751
3341
6154
7495
6080
247
3475
8837
8370
9318
9093
3585
8589
2157
1877
3077
2267
7051
3038
5171
307
4932
5445
6404
4936
6523
477
126
2204
2345
4273
2486
1080
9907
5457
7079
7202
8150
6853
8216
5083
4110
9385
2933
9532
2830
1202
9653
3511
6497
7388
3948
3343
492
4407
9898
2734
3621
2696
9738
3547
4093
629
2592
5692
193
1865
631
3970
50
9431
1042
5769
1800
4491
1891
749
9273
53
1642
4113
1692
2049
4384
7741
5224
4294
7652
9100
817
5528
2175
8194
8203
4546
821
7918
4404
3842
4241
5794
1734
8261
4894
1961
4299
4344
91
9370
4667
9447
9124
114
9821
6046
8413
9687
8451
8009
743
3809
1963
7974
6898
1876
2792
7997
3116
1927
431
6642
2290
5611
4490
8104
2097
9628
3548
3500
2947
5363
6618
6906
9948
4753
5148
3632
5843
4422
590
9011
962
7896
7975
4234
7138
1387
6503
2549
1317
8848
8318
3748
9024
8986
1133
5254
6238
1526
2237
2026
6630
1918
8022
9821
4703
2087
7646
9980
713
7911
3729
4793
3538
5815
4615
7099
4683
9826
9416
9992
8022
9892
110
4883
4347
9143
8805
1034
6378
5782
2309
7161
8604
400
6650
7131
8282
3772
4360
8318
5453
4084
6791
8846
2333
4860
2982
6489
1652
2897
7679
9850
546
174
907
5749
5112
5278
8891
779
931
7454
2071
3665
9666
203
1248
211
2814
6077
1695
6711
5149
8988
1390
4081
2626
2844
1020
2476
919
3729
3043
4089
8267
3221
1346
4351
3840
7804
7511
3721
2207
8017
6816
3949
5303
3430
6544
1473
9069
5905
9602
2746
5377
8022
1923
3810
8112
2714
2663
4396
5814
7429
3197
4055
4724
6125
7634
3894
5327
3494
2875
8988
7486
3879
6391
1069
1646
6618
7104
878
9685
527
8351
120
423
2817
4518
9408
2689
5051
910
2281
1225
8628
2823
1528
9612
6399
435
1844
488
81
1145
4766
8900
8747
8202
8108
5384
9587
6476
502
2277
6442
2315
6687
1968
9613
7974
7980
8444
9356
8011
5844
2848
6263
8909
9390
7871
8437
5259
552
2478
7677
3256
2809
3519
9064
7678
3583
7866
998
2945
887
8894
2729
4357
1233
4897
5464
917
8809
4330
9896
6222
3860
4689
7671
4440
8153
3597
234
8123
5970
9427
9589
4554
4091
4110
7806
4057
2882
3531
7400
1208
7719
3283
4268
4872
5312
9521
4510
1518
9746
4613
700
925
4873
7335
5630
3238
1183
8671
9408
5830
2660
6072
5920
958
2361
9956
3418
8459
5472
8608
3259
5764
6306
778
9031
2665
6863
3948
1562
7354
984
7026
3128
6182
9917
9049
3771
9635
5102
7884
7129
8271
3337
529
5438
7436
6757
6934
7962
4610
1063
7056
4413
5105
6409
1647
533
8710
4122
5689
9499
1624
8301
6143
5068
971
1725
5151
3924
689
9028
9111
555
2615
6767
387
3184
7554
1362
7998
2614
4939
5186
2862
699
9140
9235
6943
5799
6966
5230
5510
1393
3846
2957
409
9667
2356
8010
1443
632
4278
1330
6483
5854
9198
8114
7413
9066
5035
9639
90
7040
1493
2991
9662
7880
3968
2051
5237
2683
4633
8293
8971
9732
293
5052
9740
1766
9958
1784
1208
9887
3602
9997
3945
5829
7478
1114
9114
8925
9437
3077
7203
8349
1869
5648
8239
82
9663
8314
950
8986
2094
4918
6567
8510
7038
8012
2022
2913
9125
3027
4277
4323
841
1609
7021
895
749
8249
1483
4262
9441
5902
785
3425
7546
7069
9208
2600
1030
8887
1598
2603
7697
2486
1907
449
1181
6181
1187
6938
8711
1088
3835
6139
3145
1292
5211
8558
4482
9908
4799
1488
5364
2446
5360
611
9489
5240
6301
7483
8498
6099
7796
1187
740
9011
1115
6484
200
6337
5189
767
4853
7875
2326
535
8756
9892
8563
2301
8370
4300
9366
4563
8060
8295
7605
9496
7935
7183
1257
5782
6562
2397
2845
3265
9714
797
7635
5369
4992
3478
2648
2479
9955
3103
5060
8163
8877
1112
9636
8651
4593
3534
6754
4787
2444
7999
8014
435
3872
3587
5039
7437
6629
4028
2879
1026
5010
2336
5446
1448
7085
7275
1835
8361
7387
6151
8691
5894
1676
2930
3396
1003
6200
4920
6382
3615
3115
5374
831
3120
6586
3968
7802
4060
3537
6927
657
1517
8303
2587
1037
7775
7812
5903
9632
5831
4313
5695
804
4275
7072
5997
1799
1487
5127
9349
6464
3051
7200
607
6778
1822
2330
5328
4668
4013
6261
4787
5750
9454
1541
6871
3841
5965
7817
1453
5581
22
3245
9661
2602
4831
8030
3660
6865
1708
2317
1297
5004
1681
9552
5332
2452
9747
6537
29
715
4798
8712
4192
2853
5699
8171
9736
2204
3206
5255
4536
9613
2722
6857
4191
9895
6936
2861
6575
619
3700
6289
1694
7119
6419
2838
5801
3322
2653
5158
5993
140
6527
6903
8093
3522
2513
5314
1830
4667
9459
1805
9674
8892
4166
4438
816
8424
9759
6259
6503
8320
1967
3086
9872
4503
1112
1131
2287
2332
6357
3220
5986
7831
3830
7215
8865
8926
5483
7869
4910
6094
5559
5371
4464
5909
966
1089
2259
3103
3403
9917
9098
3490
7905
1389
1694
3293
2611
468
892
3234
2014
5180
8950
4426
8340
5006
2983
3757
4679
5141
3339
3033
1567
2809
5274
3975
4295
993
2167
4964
2459
2560
6716
5350
9868
7707
9859
8503
8221
287
8531
4784
3160
6544
4333
5829
438
9128
8328
7599
5844
9226
491
3589
7076
5834
9593
4845
31
8239
1672
5850
846
8693
9667
4095
3248
5745
2575
3965
9667
1583
1633
914
8987
4458
289
1913
2303
1806
5971
8214
5731
9360
8737
4921
1034
9215
7088
838
5040
7958
7948
6528
8717
6465
5662
9652
9650
2424
6958
9962
2285
2179
1225
5259
106
5947
1284
2680
3790
4062
3850
6350
6115
1871
868
7305
311
114
9688
3268
548
1957
3755
8797
5854
2802
8844
36
8601
2463
5655
8965
1774
1577
9397
2661
6488
3979
2881
2144
4703
8021
4167
8280
8326
6509
3840
4228
7739
7953
5776
5972
3185
4923
1109
5635
8402
205
7797
5890
6993
284
5814
5008
9895
3150
9151
8087
9645
5888
3104
3985
2291
1530
2059
3630
2953
6701
3020
6248
2950
5600
8907
5873
659
4722
4488
7416
3571
4302
5118
3197
7926
5523
6087
8364
9622
5932
3079
742
7348
8039
1894
7201
5338
7661
6023
8240
9119
1541
2888
5607
3855
6673
6194
9368
5114
9698
8328
8297
4893
5198
3237
9618
9632
9352
3438
2097
5761
8357
5409
5297
3736
8673
3785
1269
8316
4119
960
712
2283
1321
1157
826
2584
1924
5918
9099
594
9377
4966
46
174
4385
448
5287
1460
7998
4691
763
6181
5433
7832
1212
9079
6060
3097
7002
4250
7748
7634
8681
4362
7391
3455
4411
598
1073
5438
936
8991
9569
7281
4337
2113
2547
8200
4448
6862
9166
1272
8077
2790
8972
5497
4108
4429
2758
1156
3708
2933
3210
2522
6973
150
8545
2811
5646
2890
3020
6455
1847
1402
123
9087
2678
9116
1013
6716
7507
3775
7632
6620
7372
8994
8283
570
922
6845
7810
3852
1895
8286
4130
5146
2194
2369
2424
9898
6151
1412
2059
7976
8143
7963
7577
774
5945
2223
6709
2861
2405
952
4450
5649
7479
221
9098
5517
3408
4598
8764
764
3578
3350
3615
7016
5545
5484
2255
9238
9276
4592
7306
3873
2971
2542
1015
757
1456
9345
5252
3772
8384
8319
4981
2223
1795
3536
4921
1518
5603
9835
4975
5585
9212
5968
2450
2746
3574
5177
3755
695
4101
8039
742
3993
3664
356
9256
7110
1247
8444
3840
9376
2982
683
5455
1782
799
1867
7372
7248
9576
9848
6286
9049
501
7124
5386
8113
2895
2753
5630
1272
4788
9543
118
3107
438
6973
5398
8974
5394
4236
8571
9382
5330
2814
9059
903
6380
8415
8476
5341
1804
7067
3090
9314
51
1352
5934
9012
516
5491
8735
9736
6062
4068
1502
7934
8285
5450
1082
6795
5314
9918
106
486
1593
1380
7031
8960
2157
1652
5194
6219
829
4412
370
7643
7159
4571
9489
5178
6922
1510
5805
1549
5295
7712
1580
7595
6363
835
2778
6375
7218
7644
6868
5159
2682
4833
5589
3681
413
2963
6296
9889
3558
3095
8254
778
5681
3970
5812
4323
5472
1663
7173
9624
4559
4649
5755
5697
3358
2658
9749
1537
2704
1189
608
4678
4492
7384
8806
2667
2149
9554
2267
3988
5521
4905
5602
718
4215
6021
1360
6384
7720
2158
8523
8711
2862
8960
1784
6080
5472
3116
3504
5514
2207
6371
4541
734
9564
5828
9210
3283
900
3010
1842
8122
3418
2433
2029
7477
6743
9050
2251
8260
4149
1235
1365
7400
5150
1086
8063
3167
83
8081
6334
7586
6358
8630
8274
957
1663
847
2338
7798
323
8494
7490
801
2289
1911
3433
3502
381
3141
6332
229
7401
6113
6585
9865
2269
241
4525
925
8141
1687
1596
7556
6890
9967
5714
2296
3254
1860
9883
2788
6542
6832
3916
8304
8623
1239
944
7966
9991
1241
2174
3022
6558
7193
378
1846
7171
6275
6576
3006
7407
9354
4459
6048
2561
9234
1236
8234
2225
4715
1578
6177
5151
3888
3179
7784
8834
4967
1980
1086
1624
3327
7665
6682
1866
333
6932
5304
4185
4554
672
7745
8593
5105
5975
4824
3342
699
4343
3680
6230
427
1397
44
9600
9502
1681
163
9063
7379
5154
4094
6950
8724
1596
7877
3037
5758
8392
4252
549
3192
7927
250
8691
8787
9690
7301
7573
2636
7373
6095
7155
894
6448
5983
2643
3135
9850
4571
9037
8867
3826
307
1497
1309
3515
5481
4100
7757
1742
5815
8197
2429
7693
6582
8405
5386
3808
3650
2432
6740
5742
8
9852
2729
2559
6131
5438
5499
8909
1514
1025
1479
4431
6987
5912
8029
1100
4527
5067
5151
1107
2146
4453
6893
2831
6010
9345
3530
7189
6638
9852
8468
3700
662
9086
173
312
4840
7561
4879
8730
3097
1958
372
4502
8855
1326
6303
6084
9843
5683
8195
4597
7868
7774
9203
9309
6206
164
6730
1079
5640
7249
7581
3298
3421
4582
2139
8187
1420
3847
1818
8036
6178
5602
2235
8284
7678
1108
4476
1899
130
1102
6308
6262
9646
9220
3957
8685
6508
7496
6331
4609
2647
7301
7944
6091
469
8270
6962
9230
7327
5487
3995
8945
8278
3986
3417
2555
9570
6917
6748
9425
6315
6997
3647
1529
3447
5003
2930
3200
3775
4540
2979
6577
8089
8866
747
5083
5451
7303
8687
973
524
4666
5440
9697
3477
6932
3605
2605
316
1049
693
9641
8825
8672
9339
5266
8079
6606
7484
9820
4101
2338
1283
3464
1454
760
5341
7956
5613
1053
4137
6172
8214
2833
5089
8229
3427
952
9441
8368
428
9501
6820
2159
3895
3478
4048
6826
5519
1307
1318
9870
7858
8728
5739
4945
769
5830
5878
8342
4478
9583
8920
135
269
1889
1608
8010
2576
7268
9208
7313
5102
4056
2419
503
3871
3247
3015
4837
4551
8801
8660
1206
2484
6732
7662
7529
3125
7950
6665
2071
8829
3031
588
2434
9970
381
3114
9646
1789
4115
6689
9359
1125
4937
8590
3450
7142
6592
2459
1550
9661
6137
2405
3497
8811
4629
6009
6945
1796
7272
689
7686
5753
1004
8626
5752
5709
9600
5357
2268
2113
8169
452
5166
4325
1740
9948
3684
8430
4568
443
8945
6895
7860
6748
8882
4349
28
9180
3710
9518
2911
4688
5608
759
9544
2445
7187
7080
302
3456
973
5909
9489
9764
3532
6912
5943
7341
2960
9360
6896
4096
8722
9308
617
7115
3869
4550
7722
8577
887
2762
5759
7643
7349
888
5008
2301
7745
944
8942
86
4076
9437
8930
7813
2777
500
954
2645
6149
314
5720
9765
358
9166
8525
657
4764
5051
3576
7547
5339
2456
5501
9414
8500
500
4673
2274
6418
3647
3839
5820
2793
8233
7432
7787
8213
9877
1351
3291
1556
8864
4443
5622
7106
7875
9041
8109
4678
6989
4098
9963
9824
6697
8881
2113
6129
2065
3565
8196
2078
8946
926
9831
2927
1085
5176
9402
7616
833
2182
8841
2551
4385
8627
5826
6599
7047
432
4380
5691
8192
1254
1835
9482
5741
1064
2757
6137
4417
7979
6955
218
9152
3504
1465
4035
4207
6954
5517
8231
5698
733
4982
1444
8128
8681
1560
2875
1198
3609
6696
3152
4074
3662
8030
8607
1347
873
208
2093
5808
6480
4978
5350
1676
1875
9293
2389
8528
7179
6534
7899
6631
7715
5338
125
842
4955
1564
5703
5423
9453
2811
3953
8358
7655
8416
6928
1040
6124
2742
6178
8004
9944
4905
8627
4189
4332
7480
6614
8161
7013
5957
8193
6970
8142
6961
7301
1319
505
9185
7185
9343
5324
5500
7701
8193
4091
2037
3907
2286
5539
8599
7020
5932
4000
5802
1521
3655
6865
9948
7649
5913
7629
5449
1010
6025
5042
2736
8950
6911
5295
7419
2029
4280
9345
2682
5615
980
7077
2690
9334
5230
9828
1825
5627
3641
2686
4486
2679
6632
8605
6926
2605
310
1324
3225
773
5141
2073
471
3306
7427
5359
5601
1927
8605
6776
706
8768
8358
4449
9288
3158
8112
3958
319
1870
1382
4485
1702
8219
3546
9670
5326
9427
3004
7034
7359
9787
2855
3494
9215
8197
7431
2858
9108
4663
3273
1836
6353
2522
3841
4717
3270
8701
9394
9838
1882
3878
8994
9154
3784
9792
9021
2312
4508
9441
1678
6829
8194
3679
3844
8307
3746
6880
3599
3204
6638
721
1114
34
9909
6059
1748
8080
6300
9308
7962
7998
1840
8438
1169
6943
5334
3807
3927
4005
6012
4340
9102
3965
3632
3802
3943
8076
4658
193
4572
6706
3755
4006
8409
6962
7307
1685
4887
9568
4977
3452
7820
9709
8614
9946
3922
3108
9385
9175
1402
7803
2491
7771
5407
2327
3079
9675
7558
5944
9948
2910
5912
6134
423
1310
7193
386
913
6153
5687
2945
4673
6096
6423
8844
7909
5676
1073
7492
8176
8379
1364
9463
878
3126
3316
9688
7630
2038
8724
6375
1998
2059
3272
4316
8710
8247
5912
6071
1118
7395
1339
4032
806
8845
8465
8661
7687
6609
4318
5266
9156
5971
8184
150
5854
9639
9599
3339
506
6758
994
4675
4112
6744
2823
4487
3601
4983
3803
9287
6389
5037
5434
4687
2720
2370
4900
9493
798
3223
7311
3091
520
3736
4739
3086
1503
2281
7248
4534
2094
4419
587
4484
899
3773
4811
759
2398
5221
514
7504
644
8554
5649
8276
1644
9222
269
9610
2743
9608
7815
9219
5743
9242
5683
6421
3396
6528
51
4271
3085
3399
9839
5707
9145
9840
747
4676
1954
6887
6120
2339
4947
1857
850
1712
6271
687
4114
6666
6454
9432
1323
4928
9530
1311
6913
6625
5075
1926
5157
4402
1046
7678
3922
9584
3090
6882
373
653
9390
6855
9481
9395
1865
5546
681
2472
4179
2417
3810
2928
3922
244
925
3722
4455
1587
480
340
5208
1576
2644
5009
2925
2662
5303
5290
9007
546
3737
647
7249
9740
7907
9759
4532
6263
530
593
7204
9615
2774
4335
7316
4293
8458
3586
9165
8781
84
3140
2997
6493
6696
3540
1733
1652
2813
7274
2356
3862
1792
1166
8270
610
6511
1946
5913
2899
1649
8223
4892
8308
3298
2113
2842
642
1474
8293
4268
6771
1096
759
8265
9297
8279
7079
4532
2017
9375
5010
2782
2762
4265
4912
817
507
8869
2980
6137
144
9849
1664
6730
5728
6971
4486
5469
1005
4891
2619
3557
611
7099
3612
7517
4338
994
7383
5563
6003
5430
2280
8862
2904
1104
3925
7362
9489
9385
1805
1274
8400
1202
1059
9178
2630
3408
5019
6502
4825
9022
249
1388
912
5214
4132
4563
6464
3020
3232
6402
7626
5546
8733
6194
3867
2373
1686
6312
9050
6368
2175
8214
8994
6072
742
4656
9682
3143
7524
5090
7467
3172
9007
3417
8494
6699
2124
1483
4025
1760
9356
2303
7354
696
5988
3762
8129
4417
9156
207
3109
6329
1437
829
6275
5718
6557
1517
7942
7315
7847
352
994
8434
3358
6991
6010
8953
8523
6301
9706
7781
9918
9673
6972
6271
5298
9122
4848
5990
9294
3369
6026
1346
1312
2444
8031
7537
641
3151
8999
8867
8224
9469
3585
3703
1137
8593
4454
7323
5141
5467
1094
230
6546
2379
7056
7024
6803
1929
4623
2104
4525
8867
5010
2835
7859
2085
9572
5788
1655
5569
6101
1511
9650
314
1377
933
1300
3286
7409
5386
709
848
3955
5502
9583
3770
407
8511
5546
9756
2935
5521
5911
612
1658
7417
9920
6045
4283
9173
4800
9290
9644
1240
9088
4365
8337
9243
9758
27
5425
4923
4482
1287
6247
2327
1291
6051
492
5271
3066
6043
16
7911
6381
9131
5932
2447
1189
2
8273
2778
6032
8080
5888
9507
8939
6900
5706
4604
4703
6732
2653
8457
2535
1597
2479
3680
3125
799
4095
5260
1969
9370
3829
9042
8842
8336
6575
1684
4472
6688
9613
1674
3018
5487
3405
8563
1153
6783
8791
7609
8144
8187
428
2506
6428
8503
8039
4266
7337
3628
1254
6674
7820
352
1297
1918
991
6530
6622
1543
6550
7225
9544
9953
6739
3203
5223
9022
199
5247
4318
1577
2000
8820
7485
1767
4149
3723
3987
5971
7135
8672
7958
936
6947
296
6664
5447
1682
2586
1654
600
814
358
835
1724
6156
2304
7261
5530
706
4533
7794
4100
2463
4197
2790
9845
9126
9631
1357
2635
5532
3513
6093
6786
4074
6659
1418
5799
5197
2748
329
8592
6435
4949
6037
773
7795
705
7361
5538
404
354
6001
7747
9726
3030
785
6319
8353
2428
75
2301
6594
9221
2156
4559
7372
4913
9871
6785
7274
586
6361
7304
1950
230
6517
6182
7105
3533
5149
5755
121
8120
7556
8108
9636
5238
5745
7746
2457
4979
2993
5504
9277
5500
981
6969
4040
9912
1357
9091
4109
9133
5279
7248
5540
7651
1374
631
828
2513
4605
3029
3558
9347
9769
3862
7308
8416
1255
816
8130
64
8217
1528
7992
1291
632
9012
2858
2119
1755
3454
7846
682
3732
7171
9234
2030
221
3768
6652
4519
7483
8701
5698
9118
9513
5798
9855
9366
8819
7423
2226
1355
9566
4335
7567
5371
4172
2430
8582
6010
8043
3851
8572
5421
3037
244
6798
1671
7128
4761
4263
3498
185
4246
4465
5342
4586
7741
2097
2794
4736
8889
9875
3670
3169
9259
9079
1290
2206
3830
957
2571
1733
6898
7491
1886
5506
8796
3798
9791
2730
8892
7092
5202
6513
8754
2379
5598
9912
1270
4967
7621
8729
2546
9409
8484
1060
7554
9856
4568
6104
7862
1374
9159
9393
1579
8472
6405
3574
4281
4619
8610
5882
6725
3957
6350
5322
6121
6558
1228
3450
789
1104
6689
3541
23
3774
9752
1680
107
6777
9207
8497
4110
5736
3011
6694
8790
204
6689
541
1479
6703
2080
6299
1319
1819
4909
5106
6687
4612
8636
6098
8685
2421
259
1087
5294
5318
1392
7320
6252
3100
1327
624
7655
9449
852
7612
3297
3244
3729
5705
3876
5165
6250
6648
679
4246
63
7465
2590
1597
3050
2651
4617
7306
381
8221
8306
6970
3138
9050
1692
8750
7339
8060
7497
6813
3383
7891
5649
2939
4202
3619
6164
9832
7114
395
5865
2562
8335
8293
4994
5866
8915
3742
7501
9118
3861
5156
8727
4093
6787
4053
1402
8367
8622
8027
1908
6132
4245
1482
5830
4310
2128
7262
9518
8275
7213
3592
9057
7750
9271
411
9774
9345
2530
6503
7008
5741
55
7163
1692
1047
5382
4612
3808
9796
7869
2871
3299
594
437
9977
6632
9735
1981
9843
9021
6896
8315
5802
7811
7980
5356
3741
5756
2959
1230
4534
6046
3376
9210
3841
8114
4377
4462
1709
7010
1712
3498
6951
9545
9353
1021
5205
7137
3651
8700
5620
2007
2856
9109
8708
2299
8410
5567
7917
3942
2240
8363
1932
8733
4470
5625
6522
4642
3845
3058
4517
9427
2298
1917
7307
1612
6505
1122
685
7566
5168
9283
2728
8314
9470
6987
5914
4719
1510
4701
1083
7384
6282
738
2636
9753
6497
3839
6768
6798
6218
272
2174
4313
1136
56
6986
8732
232
5418
7284
4934
9076
5242
2697
4379
817
3035
4313
3594
9504
2040
2810
9733
7313
3761
4593
629
9301
2821
7568
2009
8788
1546
5748
7761
3860
620
1932
1499
6338
8592
6229
8177
6041
7222
8846
7934
5538
8240
4319
446
5129
9241
8848
8775
6583
4963
5455
8780
9251
4672
6507
7802
5517
8689
9393
9163
9036
9792
9528
7354
892
7469
4463
4513
9844
4382
3508
3008
3367
4461
2951
8955
4752
4974
6666
7025
8836
1637
6934
888
4868
3759
1385
5135
5228
4612
6760
9171
8085
3537
347
1667
1348
1245
9697
7434
4520
3326
779
5215
2905
6120
8286
5747
2792
2780
9493
178
8363
1254
2151
2459
3108
4503
3735
435
1797
5810
8325
5976
6681
4369
9961
3181
9062
9782
810
7337
3775
2145
1568
5448
8352
6887
5217
3090
4669
4061
4736
9691
2297
3427
5883
6508
6406
6433
6410
4383
9417
159
8471
18
4615
1042
6930
109
4671
302
8420
7003
7411
6709
544
212
9197
9739
8657
684
2227
2273
804
2373
2628
1046
7325
3445
4544
8037
5419
6183
3595
3433
4861
8521
2425
2296
3865
9075
1532
4754
3949
6850
2831
3314
5609
7738
2980
3403
1911
196
9338
7393
8138
2115
4851
2406
2079
9776
5194
4594
9647
9408
5658
7909
9735
5947
8063
955
5481
4280
9461
5337
90
331
3528
5093
5236
1997
794
2192
5584
610
5879
3920
3008
3967
3406
6161
2864
7253
4515
1388
5630
9884
6489
3119
5173
1091
755
6392
3485
5869
4273
879
9554
8148
6831
8156
2731
6104
5963
4736
4038
9851
4536
584
1422
3664
1072
2029
50
2370
2019
8534
8243
7301
429
573
830
4387
9353
2522
937
7088
9782
5559
4848
1595
99
6233
6422
5879
1238
6848
3697
6460
3238
9309
8437
1683
7079
5010
1924
3733
5577
1979
6229
2274
5534
1811
449
3868
4494
3189
8586
2165
7408
435
3735
3662
8294
8378
1585
3604
7212
487
1416
6901
3689
2425
7833
177
7893
7094
4167
8746
2196
7038
7223
8627
2493
6366
4474
8126
8365
6303
8735
7094
5940
4664
5445
9532
1048
5802
5814
6038
4497
1268
1782
6330
4549
1085
6957
8393
6539
7814
1048
5606
6
4713
5047
6252
3155
5108
3196
4272
4653
9020
4037
6233
7648
6583
3259
5021
6805
925
2214
8197
5547
1561
7650
5998
6090
425
4099
8031
6001
1289
9707
9938
707
7413
7803
5497
2626
6344
3926
5415
372
2034
6463
8524
5797
5144
4062
8671
9532
8537
2505
7513
8444
1629
9487
5880
233
3410
4802
7697
6010
3774
2209
9196
3603
602
655
8952
5063
274
8825
7263
8428
6815
6319
3585
6168
6589
765
6606
7552
4698
2009
4031
5951
310
8165
5587
8025
5694
8852
5241
5548
305
8930
4004
1792
2309
6722
4261
2903
5000
2861
9551
8046
5609
3036
6297
601
1277
6976
9991
2011
1040
5636
6008
1916
3337
8365
5638
8768
4126
2810
9888
6841
4786
4340
9998
7746
1004
4209
4758
4496
6986
9247
1787
4508
6165
4969
8051
3330
567
8887
2787
6920
2930
5899
1544
6670
4616
9017
524
586
459
2668
1187
7572
7497
9483
7273
8329
9863
3994
8679
959
3895
5299
6245
3074
7987
662
2456
7548
8121
5325
6561
3426
9648
409
7807
2916
5705
8443
2781
4622
136
4339
602
9887
8149
2596
8698
1278
6343
3096
8046
4361
7277
4887
9935
6514
6817
5493
1180
2382
4108
7135
5037
3787
6181
1556
7691
3681
2876
9482
9231
8020
3464
5339
7275
328
2646
1589
6561
8472
2829
6183
7402
9488
3646
7411
4809
823
1398
1831
5603
4028
9205
8696
7622
1753
4049
7547
1288
6234
9295
4215
5010
8420
1275
8253
2840
7224
4698
7177
6123
3598
8945
8361
7280
4424
3514
7114
7013
1175
1582
8586
1537
9045
7304
4659
5417
3316
4242
7544
6414
9151
4366
4551
1259
8927
704
7634
3372
1129
7174
5058
90
6862
1680
2848
1442
3605
5166
7614
5569
7888
2138
24
8777
702
4342
9047
8277
7653
7894
1857
9197
1901
4925
9882
1365
9676
3433
9563
8348
4539
3502
5320
8362
4819
8988
9652
3851
9089
6490
9607
5130
4450
8781
3165
8997
9072
5948
4332
6568
5180
5228
6656
1178
4172
5495
3996
6152
9161
811
8125
3849
5702
6282
5204
9398
1714
4235
2561
2933
7911
5454
2355
6123
5417
5972
6679
1744
3306
9502
8682
8798
2487
5426
3140
2106
5812
7112
1663
3704
5345
7873
732
6297
4574
4596
5814
9028
4545
4438
6439
5656
1698
4735
6507
6539
3647
5518
2551
4724
8614
653
9498
7509
3968
3643
8062
5564
8817
7198
4172
6680
3021
1039
3863
6034
6371
6559
7639
8804
8073
3564
3278
3090
8075
262
942
5792
2951
763
2189
2361
9042
6993
5454
1496
838
9006
3633
7703
1935
4873
5936
839
1518
9357
1956
6135
3429
4081
9758
3988
1566
6312
494
3575
6828
1981
1742
1314
5731
6934
9387
8915
8473
9948
9092
7992
9216
8398
821
4529
2933
2309
2768
1342
1572
5937
8210
6137
5046
4688
9775
6896
3773
9979
9968
4537
9905
6017
7143
2846
5251
756
371
1644
8747
858
6192
8711
3832
5570
8111
1092
9683
3930
189
4423
1736
5472
3942
1822
7977
4058
8371
5496
7410
392
440
5971
1945
3810
4325
2202
241
3477
2204
1083
7684
1114
7023
4206
2511
8720
3554
507
2697
5134
5117
5430
8478
2252
7545
928
7153
723
1369
4768
1560
125
2692
14
6
8505
9055
3432
1242
9317
9274
7862
4762
5150
8774
6981
3948
1554
5686
3302
7419
79
1284
388
8154
6698
5669
5665
2336
154
1844
9915
7958
7207
3706
3113
5133
4735
5769
1597
1461
2629
6864
328
7417
9182
2246
8458
3456
7626
9750
2696
7252
4353
3364
642
6328
9862
1913
4673
5151
4773
7852
6445
9865
7740
6659
7460
7228
5514
4399
7726
8653
5178
5472
6505
3227
5723
3985
5978
2940
4697
888
326
6447
5928
7652
4159
9606
3637
3244
2233
4939
3046
6049
8585
9082
8518
7774
6242
3233
8497
2222
64
9768
3247
9733
8989
1200
3846
6538
6870
8933
2342
8730
4709
6718
9602
2904
1258
271
70
5280
3955
436
2945
3152
6931
6492
4952
8174
9757
2710
1271
7585
355
2146
5279
4053
6687
3002
1968
1623
3378
1344
9098
6825
2976
4980
2574
7618
3477
9932
9449
4874
4641
1514
3848
5846
329
7143
2268
6105
1776
1747
9834
2021
3456
9568
6350
521
5196
7676
4829
6229
7292
2549
9051
3568
1571
4890
7482
8546
7685
6519
1248
1521
3950
6056
4844
9499
2746
7608
183
173
2925
5492
8936
4610
4819
6152
1623
25
5319
158
5827
2102
1373
7340
2025
4231
2462
3472
774
2015
5924
8128
2740
2692
9641
7126
4718
788
8730
9433
8831
8585
2859
6200
4844
2161
197
8545
2711
3547
7257
9765
2272
356
5569
8560
7109
7086
6944
9991
471
5843
409
4386
9043
1814
7123
7443
6028
7600
8790
8237
8738
1438
8437
3602
7630
6167
6419
3721
6044
2012
1683
5228
2058
6434
67
5256
7964
1969
7169
2352
2886
5335
5963
79
8692
6910
3526
3681
6091
1311
5699
731
3694
9088
4300
9960
2878
7389
6293
7794
946
2428
149
4344
7318
1656
3955
9025
3622
9190
2800
8149
6201
4642
1433
7948
6924
7985
5801
3334
1524
3944
6245
4436
1445
5384
4321
2602
7962
9410
9433
9555
5189
3089
6618
3844
224
6713
1394
9296
2727
1978
3707
1479
4406
1820
2314
8497
7104
2665
1758
7701
1455
7151
828
9890
4235
7023
5933
1985
5013
6169
7647
4067
6547
8260
9210
1015
1894
8175
4305
9491
3002
6994
850
7788
3092
2161
2930
969
8153
8915
7448
4927
9962
4154
7327
7655
5378
6825
3291
2117
4686
5646
2364
6138
93
7698
6986
1037
9670
4576
7790
6221
4304
8745
6136
5883
6011
8278
1563
7451
7740
912
5716
2880
2382
4070
8616
3934
6942
2636
3170
119
8666
4432
2975
1519
2776
1898
8741
1166
2808
4020
6771
2914
5562
4871
2516
5855
5078
2994
3463
7824
7360
3283
4377
4035
2467
2595
3881
2652
7229
9853
2807
3446
9499
5679
6251
7971
921
2889
2632
7839
7061
1064
7932
4677
2395
3135
5351
8877
1549
9860
1562
6466
4628
5280
4251
8089
335
1235
1403
6487
5125
935
5868
8859
6641
5960
9577
2786
5972
7242
9733
7511
6697
3136
9211
3066
9521
4005
8995
2068
2018
1445
6242
456
1250
8032
1683
3089
6933
6830
8936
3018
1237
7187
9731
7595
5235
9228
9820
6765
123
4915
3026
8017
5112
6153
986
3217
5883
377
5159
1640
133
2546
915
7177
815
7625
2356
1832
5822
8952
8923
3188
8933
9721
9724
3440
1459
2048
3436
9277
8357
770
1837
6376
7942
3273
4586
2093
6542
8786
8637
3481
1552
8344
2512
687
2154
6239
257
7705
3071
8835
1573
2229
6088
8529
8187
4158
707
7397
1204
9647
735
9467
386
8625
7690
865
1181
8903
1305
5285
2177
9918
3219
1048
6000
9656
6485
1869
9823
8880
3116
8560
9429
7220
3245
3414
468
8073
7656
3051
4159
8218
9988
5526
3305
8521
5138
4617
7884
1329
5119
1317
1240
5104
2820
767
7052
3970
3239
3200
5222
1833
2155
2149
173
2529
6643
4007
7597
7091
355
4381
891
9055
1715
7522
5526
3534
5612
4617
8135
5615
699
1948
2071
8547
9929
7814
3697
6052
5223
5498
8887
4229
8792
9752
3504
1400
1123
6567
7603
1060
5010
1075
8303
8709
4777
7553
8231
2543
6439
5932
2590
232
1804
1646
6547
1257
6757
2222
9186
6120
7256
2963
9260
2196
635
6472
5067
5425
4497
7452
5325
2653
1103
5008
5586
1361
5760
8688
2050
8369
2210
4822
11
4904
7675
9404
5548
885
6512
1501
1192
7631
3029
6774
4887
2282
758
9893
1943
1536
5972
2530
3630
8914
2224
6355
5277
6274
1424
756
5511
9270
3077
9509
9924
9025
2206
531
3110
2424
8987
2659
976
612
9664
6970
6788
7513
2569
7896
6827
5180
1434
7763
9996
1248
4666
3595
2381
7647
9854
1379
9348
299
700
4702
1957
5792
9279
3085
3963
2930
7699
7367
1562
4653
8913
1905
1368
1454
3046
2074
241
1335
7920
487
767
4730
3546
1474
9105
2562
8171
3441
5075
3969
5969
403
8270
2556
8677
9591
8152
5713
6860
7000
2437
6280
4302
7220
4215
6649
9849
5232
4850
5942
2216
9339
9223
6701
8784
4950
3339
8240
8357
4554
3390
799
135
5573
1302
2170
5060
3163
8678
4995
5565
1853
8825
2326
5665
872
7088
5119
3212
766
7469
7766
8466
6002
1846
190
6490
6893
1337
2157
7718
2199
7662
6653
9620
2068
7892
3849
4300
35
9330
7968
8140
7114
2213
1807
1082
1471
4512
9058
451
2085
5126
892
2637
4185
4562
3904
1760
9685
6927
7870
7742
5538
9871
3737
2685
4537
6222
7751
9405
8907
8062
5029
7783
722
1854
9119
7825
4995
6001
9248
7847
4451
6559
3396
4180
8413
4607
720
1486
6351
3141
3205
5851
926
8460
6965
7656
3470
4625
2633
6783
6774
3563
20
4406
767
5121
1422
9179
26
5012
7083
230
4847
3585
847
2821
2711
4347
9471
4570
1145
1204
7391
4458
6827
5770
8571
6911
2307
6760
9927
3080
5278
5286
2769
5983
5343
6454
1531
2937
2634
8069
9711
3962
2382
5717
1630
5695
1879
6999
8747
1763
8081
2924
70
531
239
5885
3410
9595
4084
2439
332
3342
7080
2360
8628
5044
5030
6201
417
6946
3229
3952
3506
5943
6904
9127
5963
1394
8007
5844
5580
8474
8386
9004
8252
5179
1977
8174
1110
1196
8985
2987
8376
67
4795
7757
8971
550
1633
821
9718
8887
7242
3270
4466
9955
2022
7164
9684
7904
5670
6180
7955
6385
4524
9851
7005
9859
5726
76
4500
2980
5181
4342
1024
7174
4352
9399
270
3017
8854
7636
9715
7457
540
6403
3952
2895
5851
5173
5252
859
1676
5477
9388
3478
5837
5759
8519
8818
1150
3462
2817
5275
2870
7701
8550
6848
727
1944
7471
9154
491
4667
2319
3714
8206
5121
6603
7992
8650
1387
2857
916
7234
9859
8468
5986
1106
6257
2300
7380
202
3105
4948
8913
3945
8943
6454
1930
1902
7447
975
4912
1532
5058
957
1933
8017
617
5157
3596
2590
360
5540
8441
4856
7009
5964
9685
2347
8892
5204
8956
6206
3502
2273
5083
8077
7303
4512
4338
1527
7696
1518
4251
284
2643
204
2425
3231
4443
2497
602
3881
2356
2051
6290
5971
2785
9287
2257
4161
4095
7866
6813
7974
8017
6690
2360
6411
6294
3474
1114
6712
8257
4723
1326
5394
6136
4879
6467
4627
198
9997
1280
6185
9916
3735
8425
4456
6938
795
9422
8531
7377
9305
8888
343
3929
7862
2429
7711
7781
14
5929
3529
9755
6903
3484
3777
3428
68
291
8658
5490
4402
4711
3955
5521
2174
2412
280
6923
9964
1996
7929
23
3466
228
97
7140
5455
8710
6233
3822
2614
1592
6894
2394
9253
2489
9758
2811
4494
1920
5753
9921
425
8717
8382
3465
5317
5174
8255
8503
2079
9043
9645
9920
4604
8525
3693
5398
3703
8217
2187
740
4506
3985
2525
7060
319
3475
8756
3912
5115
5811
1806
7058
1389
2760
9038
3825
5728
7617
6359
8649
5974
1433
8540
7921
2054
4222
5859
7086
3246
9326
1135
8859
9188
3036
475
3884
6349
5441
8074
8883
4485
5546
1777
5911
2111
2709
519
7366
8899
7197
6583
8681
8941
8989
3880
9021
4965
2989
8717
16
1179
7332
6488
423
6663
1916
4658
7572
9773
531
6199
9728
7194
8358
5404
8547
3360
4761
5795
1555
9598
1148
4134
2872
699
6221
3854
1003
1588
3000
4617
3404
4261
86
2990
4404
9879
1807
2052
5101
3140
9971
8685
5585
8677
9031
1637
3443
3454
6407
8417
1026
9314
6713
5913
7119
3423
9344
2057
5052
501
2980
9228
1237
8768
1117
933
5241
7964
9356
9930
2326
9139
6711
6325
2639
8340
9725
5090
9663
4439
3760
5485
4284
2672
9140
4921
30
9371
6289
467
2541
5781
5249
6071
8393
2380
6541
4472
9714
4070
9984
5406
8732
8854
4847
490
9607
6248
7757
4753
4595
1408
5677
5642
6701
4055
5846
2756
4043
4017
2092
1148
9306
1795
2801
5284
1194
5458
8841
8569
9639
5269
7186
7959
8162
199
6261
6133
4004
7564
5162
4722
8811
513
2114
7164
1654
5660
3450
722
3474
6350
748
2815
7627
7861
7236
3107
1720
1825
7553
4865
5766
3321
5702
5672
7499
9690
820
833
8159
1223
9578
7025
4966
1544
3550
2687
2813
8387
5708
5538
1628
6965
2216
599
389
9714
4416
5630
3019
3488
9852
4675
4936
3364
5774
3384
9874
8757
9158
8000
7256
4774
9387
8154
1226
2134
514
518
4621
8799
7012
2929
2852
7039
625
5635
5429
7093
3727
8805
1087
1510
4955
2003
2511
1185
1797
8544
7331
7904
7222
7108
598
8526
9367
9104
1589
5561
1484
5432
983
7245
2073
2127
4888
6652
3665
572
4775
8796
6755
9706
3863
5055
4773
6031
3116
6344
5129
1920
7661
6958
4870
5977
7816
169
7118
4120
6061
8642
6452
4918
8325
7791
586
217
3749
1088
7605
7982
2282
6946
2708
955
1953
8363
3127
8628
6392
8832
6763
3089
1200
7532
4633
7122
5130
6973
5589
5623
1189
4687
1008
1626
7207
3617
7445
6512
6899
2613
7576
1680
1425
546
8319
666
6433
3535
782
9707
2956
8534
4235
8691
4461
5030
9787
5590
2399
9459
840
6069
400
6829
7325
5922
771
3233
2677
3569
9478
1075
179
728
3798
618
4450
88
3628
1513
6409
2730
3005
3004
6532
5545
7825
4724
4589
3414
4591
8240
9336
9361
7656
1693
2588
7287
7192
3584
1845
9044
9307
1100
9464
8697
3288
3693
2237
1891
658
7556
5593
670
264
6570
7852
6923
8786
9736
5439
8558
8527
4858
2061
4260
5607
1575
8704
2917
74
3804
2867
9342
1561
8488
2769
5651
9959
8368
7422
3073
9750
4085
1743
5924
1762
6710
5998
4481
187
1790
789
7282
7781
551
2977
4898
6635
8186
9956
5858
5896
2611
1118
2647
8050
2131
588
7726
3564
206
9006
7533
3219
3578
1118
448
366
7749
6145
5352
6696
5678
34
1826
8337
6856
3420
4513
3661
1957
5470
9689
5179
4178
4518
4497
1574
3879
3389
1719
39
2269
9293
1710
1676
5493
9491
741
8650
4000
7966
3870
2154
7255
6523
1933
6146
2713
9582
8928
5596
1837
5896
8834
1671
6805
9269
7522
7807
5241
3882
8154
4277
1525
1314
6398
3482
3339
7275
8675
3539
6951
394
652
7201
963
9785
3993
626
1004
6797
7212
8295
7999
8860
2579
7479
1061
9677
8473
5752
7374
9247
8552
5652
3271
4950
5893
1650
1453
3065
4113
909
9029
3481
2740
9102
9153
939
719
9324
7895
8662
4562
7394
685
7200
5192
6679
9123
293
8886
7335
9830
5534
8918
813
8661
4017
9581
4299
2946
4005
1522
7227
7103
5848
6675
8872
3007
9959
3196
7057
5491
5768
5892
1540
2367
8654
7731
2547
6004
7889
8690
1511
6768
8214
8431
1679
4975
9462
4396
2347
677
5837
6074
2627
2196
5757
9937
3897
630
7957
432
2858
8058
8281
3242
609
7521
5791
7630
9597
9148
5210
1204
69
4766
342
1097
9756
6056
9062
3087
2514
4508
1904
8619
3512
7565
4100
1676
9926
8596
6226
5175
7769
9785
6718
8484
1334
8648
9619
747
8230
5424
6487
4277
6645
3149
6908
8107
4519
8915
7853
2112
9660
2788
4676
5178
340
3826
7411
8898
5238
3521
6462
7645
6490
99
6684
2939
3815
881
6819
358
8853
3096
3582
8487
447
8541
8289
1500
744
2733
1915
9062
2858
2608
9664
4731
1442
3111
2519
5470
4369
139
6483
7923
3230
9906
480
4456
9022
2397
5137
4162
4828
8545
3146
7874
8835
5613
6332
6281
2330
5152
1629
3454
5946
2427
9724
153
1654
2954
5850
2989
8528
375
9599
217
3339
2911
7472
3410
23
1311
5162
7367
6216
3563
8980
1376
9509
5761
9690
1591
1607
9814
6054
2725
2795
9384
6749
6725
3525
1796
6250
8096
4333
6077
7387
604
3201
4208
8957
1968
1507
5452
8616
6978
4152
425
6197
1413
9460
9259
9571
3272
23
3342
8981
8349
920
7929
4851
2105
7912
966
7491
3568
7365
367
6721
8327
3121
3449
543
3044
3651
7703
2647
9607
633
5206
6161
6464
419
7420
2856
8424
6570
1783
3133
4512
7923
7834
7446
7930
2500
1094
4562
5056
7520
9430
4945
1828
6930
3586
7253
6564
9126
6291
2746
8681
8637
1027
2465
6787
8341
7451
3306
4349
6526
8804
849
3922
504
2648
1945
4052
5806
1491
33
467
9022
340
2180
5211
6716
4025
8836
4133
8023
8094
4927
5444
9793
1017
2595
3871
6
1290
4711
8696
6810
9704
2369
5243
3806
6627
7777
6403
4523
1826
2887
5360
7487
7189
8241
2988
5548
2275
2792
8630
4896
4601
8802
284
841
9248
3378
1276
2176
4512
6207
2669
8324
5026
3531
4027
8936
7840
356
3705
2119
3604
4103
5269
3564
4696
4442
6421
9167
2694
2591
5772
412
6388
7887
6344
8772
5306
1668
7163
5078
5102
6394
9382
1259
4806
7878
9820
449
1118
8844
3111
2549
7787
870
7903
3148
9519
4932
5238
3589
409
3300
439
7718
4959
7897
3454
3250
8766
491
67
2709
9820
7190
878
9923
2801
6692
1624
4373
6705
956
9602
3289
8901
7461
1655
685
716
6316
2181
1566
1964
3964
1168
283
6171
468
246
6130
904
1468
9787
1604
3846
8269
3050
763
7915
8251
3188
3255
3504
9747
4859
3817
8948
2665
8968
1856
3809
1248
180
9006
8393
9432
2542
8253
6184
4472
3842
8420
5957
3661
4913
2142
6600
2088
9738
4469
2071
5401
6654
777
8408
5324
6374
6086
9734
5716
4399
9009
6251
4012
3580
3359
4714
1987
5251
2484
3658
8877
3718
8265
6143
3311
8180
9231
1718
9465
1021
9235
831
5422
7619
9566
7596
5425
748
2588
7560
3952
9378
6023
9574
6648
1404
4496
1436
2269
3292
479
1277
9474
610
1010
7322
532
6162
5844
8229
8474
4301
6823
5763
9971
2536
6733
8689
5389
5869
7233
8036
9134
3824
3364
6653
3012
6118
8444
2740
1348
3051
4599
2473
8642
870
7636
7154
6145
1780
9324
9700
1175
557
2503
5484
635
1823
1554
764
849
3906
4032
4713
6323
6047
2838
7563
7554
2060
7742
5670
3460
4031
4620
7297
8468
6297
328
2886
7023
223
829
3614
9340
7532
9831
8349
8358
5089
1879
9091
7826
3062
9104
542
6656
8963
9046
5213
7822
501
9894
2380
6942
8345
5220
385
7532
3803
2030
3209
7461
465
2746
2794
7050
2391
8656
1402
226
8500
8107
3928
5250
724
6688
3928
3147
5370
5504
5602
9504
7821
7861
7558
3408
5711
9194
3978
7444
369
1707
3852
6580
8081
6798
3307
8585
7610
7936
6564
342
1190
6585
2109
5774
2459
400
8953
1916
9502
5414
5027
893
9533
5175
9268
9045
1362
8934
9313
6718
6532
5146
5886
3425
5375
110
9674
6435
7918
7181
7408
8104
2831
6994
5854
1211
8419
1708
8004
8229
4276
8687
6383
5124
8514
7862
2221
1723
4088
1479
6862
5539
5824
1195
3471
2247
9898
3369
9691
1449
7181
6641
9997
8760
1861
2615
7395
4470
8561
2690
7512
8214
2202
5280
3385
6547
6957
9061
6054
6742
1427
4612
472
9329
1280
5047
6521
6228
3399
2468
1510
2406
8126
9769
5357
1388
5059
8628
3317
854
250
8601
3844
5953
4403
3214
3423
5631
3
9039
7015
7594
819
6952
962
4980
9353
2960
3834
2955
761
5193
7275
4944
1174
7349
8705
7230
1596
7274
1537
1876
5409
2444
8480
9707
29
757
2951
4258
9726
3025
8183
2858
4828
1745
3510
7791
6108
7768
2406
1166
2600
5386
6050
7641
3190
8226
9926
1518
8680
5556
9169
3459
9708
5688
376
8937
8818
5060
3085
7660
8204
9642
2934
442
432
6665
513
6277
8627
1961
3381
628
9711
3047
3486
1150
6908
1830
2136
7229
6890
5897
3112
2864
353
5551
673
346
5158
8622
4250
1398
7442
7340
5485
5604
3610
8158
5106
9702
5385
7918
1905
2298
8307
6234
2469
4312
3318
7703
8511
7443
9383
9297
551
8896
4921
4590
3305
2133
144
4162
6575
2358
2211
7794
71
5721
7404
3933
8791
446
9954
7242
8563
2822
4888
5474
8517
8708
603
9059
9741
298
6368
1312
9338
3918
466
4856
8825
1458
9386
8270
5703
4774
201
5615
7957
751
8733
9453
2878
3356
197
515
4034
9756
9305
842
1009
1460
3829
8156
1210
8343
4172
2279
7651
8042
9276
596
7947
7028
3138
6519
7041
2445
5817
7245
2347
5362
3100
7725
5214
7266
9036
6720
2775
8877
1743
9015
5950
7611
9780
9227
2688
8303
2543
7222
4245
1612
5400
6664
9211
3140
2818
2189
8978
6320
5723
7527
4269
5019
6857
1160
9044
3620
367
5000
7843
7013
8987
6812
1304
2622
701
262
6168
1518
7854
4710
6642
6060
5152
8105
5644
7452
9902
1120
2657
4982
2302
3671
7356
6641
2082
7091
1964
6379
1913
5759
4578
5836
442
772
4858
3591
3068
5372
1365
2628
9028
759
7124
1311
8609
3066
1427
1723
4522
4747
6699
2120
5932
8404
5049
4978
6124
7575
5730
339
7756
7332
9701
7138
4668
1229
3059
518
3492
6452
5686
2867
730
365
7114
5073
9224
4115
4897
8945
2432
9826
9073
394
4373
2658
7896
3113
1292
4582
5990
1833
4079
1047
8356
9018
7875
6139
7359
6518
1724
7308
3921
8435
5046
5554
804
7315
1694
9586
7457
9825
9827
5643
2843
520
2817
6641
7031
8855
8837
3618
7932
3830
5197
7445
9082
4921
7401
6509
8410
6419
6721
1155
8656
4097
5931
5288
2187
1690
4966
7344
8531
6384
9228
4356
1563
7512
156
2517
9709
1633
5773
4060
7704
9769
7041
1220
9288
3308
462
9410
1472
684
7365
8878
609
9654
7025
3293
8142
4322
8676
9720
3022
9967
47
3493
2760
9661
883
5872
5839
5339
331
6519
4812
8354
9611
8404
3921
4533
2859
4479
1694
6412
4273
3559
7305
9992
7562
683
3400
2589
7036
9590
1119
9333
4589
2110
7206
6868
5468
3237
2695
180
8343
9514
985
8314
3715
42
9326
8258
1498
5650
4247
7113
3142
1810
2019
1510
6203
1209
9818
7670
410
9833
7350
730
9311
9156
5656
3461
189
4079
3600
5586
4186
914
7799
4773
5871
1892
1171
3243
4645
1336
326
9083
6698
7467
6969
678
4544
8685
7886
9782
8125
7029
9072
9891
7503
4284
56
5126
7075
3464
3801
3924
3177
7357
7163
6619
4294
3078
633
7905
5337
9823
7321
7168
1205
9296
2505
7738
2408
3455
7867
8526
6273
8589
2857
798
1488
1626
9956
7548
7716
3086
2683
7531
5027
8159
5634
2513
8223
4866
9549
3191
2236
9676
5191
8749
7074
5471
7967
7755
4418
9750
5800
3586
8377
8268
4698
2252
478
617
4110
2779
3671
6299
5202
1150
5516
9097
1089
6863
5361
7054
1931
230
2850
2321
1451
5919
2261
5059
940
5876
260
1261
8207
5555
4893
9236
1833
4900
7488
7487
5574
9117
6525
9398
3136
9768
1360
6112
5820
8961
6566
3255
2395
4010
1628
3862
9273
2043
1458
8959
1958
977
8233
2681
9551
7166
4060
7074
6289
1636
103
8350
9220
2488
807
3538
1893
4017
4914
4918
2214
4018
6537
4510
985
390
6928
5136
6936
2814
8726
6277
4690
7549
5764
6777
7484
5941
8242
2938
3437
6666
314
4282
7256
7324
7660
20
4849
8422
1000
5709
4026
2833
6581
5885
7667
3390
8651
8325
6929
3122
8539
3454
5233
2294
2834
361
6909
4093
4562
1928
3265
2424
2880
7550
666
1402
8579
6807
3827
418
7370
4602
4728
7012
7453
6557
1625
4610
6745
857
7214
6886
6811
2818
6754
1201
4218
4269
4908
1064
3035
2219
7475
3721
4823
2164
1298
9531
7827
5734
2346
5871
3608
5
5839
7614
5954
5685
3574
9675
7453
9797
2504
7854
5537
4197
9091
2964
7033
6306
5423
7236
7683
8725
4802
6831
5384
6301
5301
3682
9695
9805
4671
8228
1420
8753
4245
7815
3349
1673
9190
9213
4000
7074
8187
5921
9037
8662
9384
4686
1081
367
6886
6915
5503
3375
1312
6050
5344
1696
1763
3240
2633
4857
2428
2304
693
4361
8280
2489
170
7386
8317
9721
811
7522
4125
597
4505
3841
3115
128
1749
5778
7613
2444
9751
4933
8070
5204
436
5840
1513
715
5286
718
7980
3707
3763
5235
8366
229
4292
9860
5737
7863
5395
4382
8147
4454
9288
6037
7633
3533
619
5916
3560
9670
4033
9760
4938
5745
6020
8826
504
6668
6537
5168
6145
3504
5145
7939
3790
6874
6753
9701
8913
2591
1343
6250
4122
506
3772
2251
2396
7056
4484
3287
3988
617
1262
7317
2376
4744
3819
6865
3051
7535
1407
8908
8237
9235
660
2151
9420
532
6981
834
1787
6120
4513
3431
7458
5105
6124
6060
511
4158
5447
2019
9039
9587
769
4757
2748
889
2484
386
7299
8552
4199
1447
821
7361
1947
4954
5100
2745
1569
386
9924
3114
4246
5464
300
6521
2456
6308
2733
8117
4501
8243
1682
5746
4921
4815
4492
3751
8087
2560
687
2356
2503
671
9604
370
4995
5187
576
1426
2171
3044
6272
2417
3529
5362
8071
3757
6171
6919
888
2382
9797
8269
2322
6049
1697
8802
5312
4562
5241
2302
9426
3802
1305
3119
9573
4770
2021
5950
9462
1646
1192
5055
9085
7039
6664
1389
2905
7029
2216
7807
7771
2981
2179
9930
7273
9551
6502
8116
5702
2560
4808
9945
4690
4475
7359
4738
8383
3495
1874
4022
6130
9791
967
1294
5586
582
7122
956
5103
979
3659
2757
8344
6781
3097
1204
2062
1286
3123
8809
9700
341
8412
1208
2470
4284
2141
4231
4311
3601
4758
8275
5835
5310
1551
7010
7018
1146
1006
5733
2273
8498
1032
2507
3053
9360
2398
2662
303
2796
4215
3106
932
9290
9316
3718
3990
4941
947
7416
2719
5236
1577
2781
813
5023
9492
7098
579
2215
628
8856
1828
9249
8800
8193
4639
2135
8921
6629
8045
6457
4207
5383
6366
3183
6369
5074
3525
5804
7842
9421
5677
5672
9882
29
7999
4149
5403
9322
1783
2011
9553
4560
9411
528
8385
9753
7252
4158
6804
8532
8965
6687
545
4938
4653
6212
8217
8339
1672
2320
9270
3851
2862
3025
4809
5555
1520
1675
933
6163
9485
9015
7864
5219
2412
4419
4948
9697
8440
9459
8232
5776
5829
283
7097
2010
5361
948
7184
3916
8068
8914
1856
3289
8314
3371
9695
8541
5432
3650
1164
6098
3238
4412
6893
2708
8422
8282
3478
3454
1332
4002
78
2674
8576
4371
8024
9358
1459
1048
2522
8351
1448
2841
578
4190
3063
2689
9889
6053
9584
7126
5869
4765
3649
451
6368
8392
9748
280
1559
4876
4318
2902
7288
6439
6334
4816
3256
7088
1610
8484
5913
2751
3567
8067
8770
3574
4952
7073
3733
6115
5726
4574
2370
963
4420
8913
8581
3854
5973
2153
7547
1836
9674
5994
6781
376
3366
8977
9845
8002
2093
2000
6811
7516
3956
1115
9174
8829
9313
6669
8837
2119
8180
5607
4441
8508
7795
3327
9707
9050
586
3426
5488
1540
7560
6647
9366
6011
3190
8799
8290
5187
2658
8651
2924
9381
1405
5462
9454
1170
5275
4647
323
7465
5608
3792
6745
2038
2788
4691
795
9683
509
5533
3517
3068
1567
3928
3195
5864
2995
8971
4642
9095
9265
5085
2015
6179
3900
2412
790
9383
9551
4103
9524
4999
9067
8451
6320
3796
8690
8721
1535
47
4016
1803
5466
454
3150
3628
8650
1595
1775
7442
8804
7955
5860
7597
9413
2887
2347
4305
4440
9561
5694
6185
127
5229
6879
6353
5214
5508
4088
1228
8819
7427
8630
6075
6971
9669
1103
8644
5373
4768
9071
6095
3967
3751
9640
3299
7426
2646
6964
4442
86
2554
1172
4811
1707
6046
2696
7795
8240
7360
5640
9518
4903
6271
2782
2367
4830
9115
7663
6667
6382
2264
3511
3722
586
982
2841
3388
4453
848
3287
6918
6638
431
6038
9134
6684
8631
9890
9722
729
9051
679
6295
8899
1140
181
5753
4806
4246
6160
2082
6757
9921
426
2012
4967
9562
9135
6373
8874
5084
4428
9176
8
6403
9267
305
9191
8236
6082
3133
8902
4572
5131
2466
389
69
254
6281
9781
5118
7970
2546
9332
8963
4947
6472
5235
4805
8891
1222
4652
2453
7050
8497
8038
7240
2583
2419
2083
4985
32
7577
5243
438
5182
5454
5413
8404
922
656
2649
9382
9329
8773
3462
7134
7960
3832
5028
8083
6335
5230
1444
4780
2149
1080
9374
6737
6569
4492
5266
7635
7989
7782
9990
8696
2697
9588
3235
6953
4465
7275
7731
6991
4771
6765
2158
4301
2810
6868
2209
7023
5243
9600
9549
4666
6316
3619
7513
3751
4448
2409
813
6002
61
4312
9191
7945
4984
6332
3809
1569
720
2498
9585
4982
1525
1554
7778
957
2797
1706
2473
6089
1078
2742
1202
2868
2467
7726
3984
9422
4630
8773
6594
266
5937
5106
4622
9085
997
4817
8055
3487
7411
3499
543
8153
7135
6390
5046
6141
658
7135
5538
5036
1119
421
3184
3481
9193
5459
6383
9369
6322
2627
4131
7429
456
7265
4303
4010
6893
848
6777
4460
9524
9859
3987
7616
8388
7680
6682
3715
9169
551
3210
7699
349
9836
3895
7062
2570
3139
6449
1763
4183
3948
1170
2233
4430
152
7832
7237
8134
3942
4541
9561
8806
2052
8784
2676
3994
725
2818
2815
659
800
6731
6132
8354
5471
5769
4324
4179
6826
4938
6128
9713
7955
588
9472
5344
6024
1326
8434
3898
7700
5561
5567
3726
491
9806
7729
6334
5326
5640
5575
7814
3546
5837
3773
9153
699
5830
7954
8335
1113
2647
7659
1259
7927
9015
8272
5031
1260
8891
269
1409
6306
2564
1794
2551
3913
6818
5857
7383
8189
7325
2219
6949
1318
3954
3733
4123
7083
2944
9969
9046
3848
5327
7033
961
4554
3724
4544
9536
8519
8023
7434
846
6725
7297
5711
2969
5356
7061
1551
362
6661
6325
1153
5775
3991
4421
5368
4835
8148
6518
1068
8836
9831
9041
5804
7246
7491
2368
7093
2050
8585
7621
5836
1844
7382
9372
1355
843
6876
3482
7238
935
4324
7587
8397
8792
2610
6215
2055
8578
255
2398
4748
9963
1240
6205
2576
8385
6142
4678
5768
2410
2492
2384
1668
5501
8847
2004
7159
5867
5224
5371
3004
2121
2746
4911
5349
6021
464
1246
2395
9574
4618
7980
2463
6969
3862
8425
3902
1446
7687
3714
20
5231
2511
5076
4068
4367
1004
2304
9357
1055
8932
2870
7753
7527
5948
1104
3722
8481
4740
7344
9017
42
2139
6046
5837
2191
4004
7904
4970
2497
2973
164
5143
5452
8791
7140
7669
1146
34
2266
2825
3350
96
8333
7775
8748
4946
7304
4519
2704
5259
4918
2767
3894
6376
8716
2472
292
9084
5822
1553
1819
1904
387
302
1140
8126
9297
6481
5618
4397
6742
6019
3245
3964
1471
4456
912
6524
4770
4988
3009
7223
5426
1151
8993
3983
5827
6973
645
4966
1950
2313
2061
6019
8101
5085
5261
4837
4714
9320
3319
9185
4092
4142
2155
1736
79
9030
6599
4077
5477
1090
5259
1701
6222
1243
5682
9680
7389
9335
5060
9218
7248
539
7328
4346
2307
5416
5599
8030
7277
8103
3185
8749
6820
7221
3391
9548
2319
2280
2852
3363
2008
8372
8649
6601
5581
1218
1200
9615
4360
6582
9793
6075
3986
5663
9250
5358
9023
5202
2469
6202
6301
1023
8888
9318
423
5844
7494
4714
3239
8525
4080
133
1863
3836
1287
5166
6106
9758
4826
9286
6528
654
5145
1977
4066
4038
5270
742
7460
3500
8732
368
4161
7121
9965
5054
5537
4874
7778
6102
4096
3398
5403
404
8935
2532
6421
6043
7121
7550
8361
9563
3912
459
170
6151
8691
1706
6332
5132
9268
5211
6315
7579
8288
1369
5907
7929
4252
7015
3258
2176
5589
5733
7582
5350
9076
8225
931
8619
5544
483
5694
8847
4551
7441
8751
801
850
1072
1797
9838
9563
9623
2478
4341
1
2644
3209
3621
9675
4398
9932
2979
1943
5385
750
6674
4507
7047
1818
6837
9408
6559
4166
8699
412
1378
8790
5247
4143
2269
2449
2649
6211
9544
4558
5600
8409
9118
2527
8925
752
4483
8941
4664
6632
2005
3693
8443
8923
5827
5893
4243
1207
4271
3278
2525
7763
3097
2050
7605
2941
3042
404
2958
3656
7876
9126
7331
714
656
2737
5601
6472
3793
3761
4901
1959
4362
3660
5386
5651
6429
4304
9796
1522
5301
7711
3018
9536
7084
398
1871
3776
6036
421
6878
4921
5046
6914
3087
8425
3363
6317
6966
8433
7818
2215
1146
1759
6519
5911
1056
6556
3444
9789
663
3593
5954
3497
7887
5419
9966
645
4023
6727
5335
4854
4763
6833
9115
865
7321
5771
5797
7429
745
8546
8886
4515
2842
1330
4145
5235
285
6815
7127
8694
8587
1095
8151
3698
1931
4671
3123
1868
8867
460
5184
8363
354
6618
6513
9965
6728
7337
918
2159
9605
4425
2339
7977
5053
1245
951
2119
9676
8668
4157
8892
1864
4431
6233
3640
4665
1099
2595
8614
9097
5181
9878
7694
4198
1976
7080
5570
2726
2037
9929
4671
3941
9053
8594
3391
2725
457
2704
7315
9244
2434
1446
1994
6386
153
5924
6334
1832
4317
7068
5847
1825
7809
7853
8265
6677
4116
7869
9290
8974
4054
851
1679
372
9744
5033
7069
1567
4988
9449
1044
1482
3342
2772
5526
3539
3932
3611
8766
3528
145
8605
4483
5234
4831
6595
9774
4625
8153
8555
5079
4747
9389
7315
868
8632
7303
325
1830
1374
4289
1563
5091
4698
1812
5579
7173
4417
210
7594
3848
4780
7586
9498
9073
4415
7021
6525
9398
5439
7406
3161
1137
4305
2039
8297
3472
2023
2324
7429
1877
2616
320
2535
1655
3920
4979
3598
288
6480
8328
5797
4713
5104
5574
3098
9344
6851
7067
389
849
1002
6763
8981
9375
1306
4532
8759
3109
1941
4173
8048
8291
7858
9329
8733
4206
5552
5204
9306
3412
6953
4053
5258
3651
3401
7754
6583
7539
5544
5323
2133
8624
7705
2897
4454
3628
2485
2134
4270
862
2920
526
8951
3772
5337
7476
1144
8811
7277
7751
338
729
1055
2648
2746
648
6233
2615
226
2077
5500
5024
2968
9150
8875
8834
3904
2451
3756
8198
5777
8953
5352
1560
7215
6871
3089
5190
2707
4770
5336
1430
8701
299
2938
7586
6286
553
2482
8056
6556
4901
3247
1236
8
4763
2593
1507
1554
9163
695
1249
7518
4584
6355
7685
7920
9495
5368
5650
7385
9737
2439
3981
6918
6932
1908
9259
1026
4292
3959
62
3759
5666
138
810
9184
9913
4736
6299
1281
5441
8933
8133
1197
5435
3581
2056
2376
592
3096
1041
3181
9109
2381
7448
5814
2324
1283
8661
9145
8614
5769
2308
3402
9603
811
7512
6143
9807
6052
4280
1267
7581
1371
8471
4558
4606
5000
7862
4080
6692
9861
7174
6993
5565
7835
1306
5216
5814
1339
9843
6899
5112
8499
3588
3578
9098
142
5226
1569
80
4289
2108
3675
5387
2898
7764
2968
4872
8907
6986
76
6509
490
3772
5821
6398
9532
2419
7548
8535
2363
5293
5051
0
3444
1497
7547
545
5679
234
3015
5797
679
2173
9997
1546
7484
9050
1267
6836
7198
7680
2672
7580
425
5702
1377
5573
1486
3251
8637
3382
7892
8357
7696
1975
433
2760
8204
7373
614
4556
227
4087
3200
2602
1233
3626
6954
5127
4464
400
9325
4955
8718
6508
7113
7434
1373
8391
658
6379
2816
5875
1240
511
6810
3821
159
4979
4918
9363
4525
6737
7825
7891
6272
9681
9220
5052
7321
4190
2355
6505
1347
4077
2825
1115
7347
106
9309
1113
421
9593
9552
7506
7609
7826
146
4815
1804
8134
5142
4284
3144
9746
6145
3391
6477
9506
2448
6395
6206
9451
8576
7773
2028
2534
20
3237
4753
5460
2767
8144
4802
217
5172
7328
8769
8275
8768
9760
6131
8077
8727
1880
8733
2117
3927
7018
7944
6310
9434
7467
7728
4151
544
4311
3133
8477
1775
4308
7350
6059
6299
479
8612
5448
1915
3598
5965
7746
3977
2280
4876
2283
9229
4744
4449
9761
5384
5827
7988
5510
6625
3351
351
3366
4075
1702
5787
9225
5263
6663
6090
8190
502
376
4127
8882
1792
1011
1664
2615
9633
4777
584
9547
6812
3056
3657
2490
8919
4463
615
9067
8353
5429
2792
5770
4421
7737
9433
6357
8649
5193
4383
9096
577
7973
2736
5950
1442
3528
6282
8995
8543
4204
4829
8892
2394
5647
6773
156
5523
5554
7183
3062
649
4267
514
9946
8121
7079
1468
7731
1058
1460
4705
4801
4106
879
6919
8302
4287
5154
1691
9236
9905
1526
6053
9499
2589
5141
1514
1997
3484
3415
8276
1196
5665
7495
9026
2403
7923
8687
4404
5488
5427
9790
835
349
9574
3410
5035
1533
3982
8669
4070
3233
192
1508
8353
9229
2888
9220
6994
342
1845
8964
6335
978
759
1419
8219
3877
8582
8041
2816
9323
7624
2501
7165
5669
522
3799
9584
6997
3860
3906
9695
926
4778
4030
2686
9815
5676
636
5679
444
8023
114
5124
5818
1686
2961
662
4202
6779
6138
7696
8820
1666
2540
8422
437
9974
2235
5736
6059
6774
1349
9351
4932
7943
2890
7735
9497
9379
5169
2850
9673
9828
6520
3061
8746
6014
4196
5385
9733
4894
4076
2689
9928
8342
4767
6069
3727
8311
9694
4751
5516
8892
9804
9872
8115
1448
2793
6334
392
7936
3730
9401
9256
3959
434
309
5095
9127
1238
7076
2370
9619
1667
8004
3863
1366
8791
705
4849
4154
3445
5206
5171
1417
8513
581
6017
2333
4809
5960
3395
4065
8655
2715
1230
7949
6027
4794
2540
3347
3409
2857
5119
8685
8058
8356
2963
294
3661
9135
8407
9695
805
8851
6813
3638
3998
1500
5135
5910
7150
191
674
8332
7348
3602
2305
947
5692
6927
4283
6771
9286
4360
522
6805
530
5036
5039
1331
6544
7989
2408
2033
8528
4725
3769
6597
9522
3127
3864
3086
452
1904
8697
6577
905
8280
4802
7834
7877
7179
3586
5856
5444
3745
6783
9626
7729
2019
1911
4712
6056
3050
5403
6012
2452
1274
2005
2374
2280
9427
4815
2828
7723
5979
9775
5417
4110
6878
6024
8794
4026
807
7401
9845
7977
5463
9547
3808
3697
3132
3545
2442
3329
2532
2126
4124
570
9821
647
3533
5222
765
3187
2367
9425
9174
3444
302
3903
3722
3920
9701
9899
3155
47
3790
9026
3324
3704
7223
7768
7148
467
3509
3803
9742
3805
9763
9036
6221
9230
1968
7656
8306
9601
70
7715
5864
289
3807
5908
6639
5187
8433
954
3070
2466
4991
2211
8384
2340
7864
6575
1086
5620
2726
1699
7317
4513
3431
9112
3118
5695
4849
7788
4456
8713
880
2694
8284
2170
421
3100
9453
5424
2367
1013
7030
33
6597
6482
9189
9076
4008
7695
5056
4784
7141
2322
4111
7636
8711
2831
9852
2227
772
4044
2108
7658
8625
6181
5080
4193
4439
3213
6651
2836
3671
7196
8708
9254
5391
5709
5928
4689
6682
6299
9871
4617
9243
5543
3115
6882
6508
5992
9179
6740
7448
2963
3154
4520
534
2886
3418
6922
5778
2494
4311
7420
6949
8600
7123
3792
1822
1612
4352
1566
670
7707
3551
9092
3648
9033
4449
5060
1095
8204
2858
1025
9040
8537
6196
1148
9390
8996
8430
1656
9016
4229
6681
4412
9917
2177
3017
1138
3164
8867
3857
7112
3422
1683
4700
5154
8096
6179
6939
6961
9860
1145
9310
3225
2339
3232
7975
3855
4366
5325
2486
1626
901
6263
7913
3050
3636
6132
1091
9644
6209
3068
9663
863
5272
8170
177
5864
5569
7657
7196
4149
6656
8045
3289
3027
1961
3806
8470
2567
803
472
6599
4643
3967
7974
9214
4941
3450
1062
5383
3356
7434
3893
1438
8083
7903
4248
2316
6761
5306
4046
7650
9815
1174
3115
9576
8969
2754
9567
6545
6922
2931
5748
3615
6888
7388
4391
1289
2429
4179
453
114
2170
8754
6080
1885
4983
8038
9166
9794
1334
6896
865
2940
5561
9189
2785
7633
6992
1000
8937
927
9420
1793
814
6464
3442
8494
4200
6378
1039
8901
4400
6120
1911
4948
1084
2000
8472
8230
3843
8340
7752
9158
284
6071
7144
8795
3936
9432
8935
9782
5593
9446
7370
2401
6228
5555
6501
2411
4726
9932
3474
6126
1743
9060
3842
2376
3506
3814
3321
1081
1874
6034
2025
4313
2680
5095
3921
6609
1142
4189
5643
1498
257
5725
128
6385
3804
8229
7465
1860
9899
354
5510
7009
278
6326
960
9518
9239
5913
8416
5338
4853
3180
2115
97
7880
6376
4255
6262
9676
7508
1176
9418
9479
1414
310
2597
4208
5841
5569
3322
9320
1177
2709
8167
1882
9290
2576
5702
9490
5326
769
749
5974
9232
6055
3432
6876
9796
892
6724
423
6460
4587
2179
998
7782
6927
476
126
5451
8161
6043
956
5142
2565
1307
6990
465
3232
2756
3089
1620
5760
515
9150
7329
7603
1579
5864
4470
6981
8594
9768
4163
2541
5727
2962
6554
4858
6120
6311
2820
8832
6758
2920
3784
3401
4709
7566
9343
6016
6992
7369
5636
4373
3904
4186
904
6312
6667
6655
5801
8923
4859
1819
8597
4099
4079
1133
5331
8805
9682
2378
1879
9171
1452
4125
7388
144
3765
591
3713
2314
7756
4492
9779
7569
36
6403
3413
8373
8009
8397
5642
325
4799
38
8892
626
1819
4797
7611
7202
875
9872
2803
1926
5912
1546
5646
1614
8153
3908
180
4537
8996
6410
9213
6401
9988
9305
4066
9801
5678
5175
3004
1001
5265
3224
6654
1930
8996
8511
4553
8121
3033
3020
7863
7685
9812
7943
1619
2494
6512
6035
6332
3438
1729
1507
2395
1231
9858
661
4831
9723
5730
6037
9166
4885
2285
2867
92
5593
5463
1475
6717
8647
995
2482
2589
5100
9598
2303
4278
7566
7954
1836
1185
8012
3908
8382
7418
2046
4192
4399
233
9372
4244
7406
7756
1482
5094
5314
6183
9700
2752
6587
2860
2781
3011
8376
4458
1834
3998
2001
8722
3730
1101
282
9276
3070
5730
4914
9029
5990
8468
9390
5058
6264
7992
6414
7812
7719
5013
9529
5488
9278
7897
563
5828
833
8435
7975
3513
4512
6719
5757
7089
2502
3208
5531
1598
8959
7208
1355
250
5913
3029
8630
7085
4733
6658
766
968
4165
5119
1782
7245
2618
5534
4806
6607
9831
7366
6343
6703
879
5979
9263
6901
7192
5648
4108
683
3781
6737
1086
6716
3236
7405
6334
2050
5709
683
4709
1666
564
7452
4091
7027
4197
7732
7761
3956
4863
3434
4958
1859
6887
24
3379
1707
7905
5494
5305
6105
5638
347
7726
9105
2481
8135
7269
624
5215
2731
4881
212
4395
8078
6505
7480
864
4577
3558
689
7879
4618
7515
7341
4343
2359
1435
9659
4860
4749
3118
3940
6867
9138
9684
9417
6783
8348
7128
7309
7146
4987
879
3924
8660
4568
452
6199
3259
7469
2653
3180
6220
2691
3251
6332
3557
6359
8084
7397
6068
3741
94
5863
5238
4467
8495
472
7239
4754
4882
3565
380
7743
1003
3284
3224
4632
2234
1867
2495
8587
207
969
1514
5858
1538
6544
3088
7576
2950
5195
231
6784
9696
4751
6650
1022
5947
4743
7188
7570
9213
8916
6602
6001
4528
1241
4714
2326
3777
5562
8193
4111
7491
5552
8530
4839
2027
9035
6678
8321
3410
9796
5242
4983
7420
564
7166
4620
9175
7408
1893
3796
3367
3333
4092
8297
2569
1501
8221
8721
3179
2063
9610
4132
5255
3590
9345
8779
6809
8100
9880
6504
6173
1151
5973
5499
6052
4666
2811
1937
1880
3610
6521
4444
9531
2832
6727
2225
8415
1215
5434
9403
9980
3896
1383
3269
5971
3076
3665
7704
8161
5300
3506
9267
35
712
6278
7302
4256
9785
7918
8403
6215
1057
4636
6422
861
5050
4113
4763
6068
9975
8066
5476
3837
9064
2100
2567
4892
4927
6314
7041
8063
6981
1679
3781
6630
3332
7187
4905
8016
5950
7967
3350
2613
7958
5988
6163
7212
782
6110
2694
1390
1308
4778
6752
9953
9207
5962
9920
6885
8105
9512
4390
3374
3645
4256
5339
9616
5146
2647
7520
7600
4436
7882
3195
5575
2954
3989
3888
5878
5428
4559
4948
1643
9830
7352
7213
3656
8573
4456
7429
7749
4274
1386
5812
4543
8996
6816
4118
2297
8578
6083
7618
6863
2468
6868
2685
5490
7098
4744
7771
5474
3173
3411
2634
5318
5514
2520
4183
2967
6771
4397
4970
1898
1016
5825
7577
2361
8589
5892
2120
1193
2155
3206
7499
1079
3025
7052
5467
5871
3278
2025
9366
3708
581
3529
1795
7326
932
2905
1142
8015
5228
8856
8319
2780
1955
4752
9426
3136
6364
3876
280
8866
4410
4363
2482
1182
6553
1088
2803
3971
2082
8289
7504
5958
505
4610
3677
7179
9683
985
4404
9096
376
4439
4666
2474
1307
7034
1084
6900
9014
6571
7970
1906
1150
222
5967
694
7100
1412
144
2167
849
283
7020
9612
2834
7453
4886
5269
4883
4317
2562
845
1508
2901
1678
9108
6876
3827
9825
9853
7111
1001
8386
724
315
5256
2363
5639
6997
1780
6401
264
890
7320
8197
2772
8983
3044
5743
4625
1586
5342
9268
5055
156
8131
289
9313
4107
7744
7905
4843
9439
6052
3431
5066
9038
2379
5779
6944
6158
1219
7863
2857
8054
2042
145
7445
881
7045
5874
2992
6860
1767
629
8593
390
1853
6024
3129
9241
1920
3603
2510
9118
9457
9932
5651
7100
2612
4585
7617
5217
439
6332
1669
1100
1258
8443
2811
1805
2243
19
6810
3187
4785
1616
2340
7078
1894
7019
8006
4953
194
5597
8381
680
1914
6132
7170
546
3853
8019
8150
8871
2849
1099
4574
4793
1378
6794
7639
5683
686
4306
9684
4005
9711
6479
8942
6103
9860
3874
3790
3807
4684
6492
7505
986
6524
6601
42
8194
3574
8031
6052
8484
1065
3352
8445
8223
2590
590
6290
7911
5228
829
8592
4729
5821
3214
8946
6309
2271
5474
6992
5693
9257
2482
8939
1845
5063
8438
9059
9990
4845
1972
4840
5652
2132
2726
2560
6825
3818
8653
3453
4776
7085
6077
9305
7671
5444
4344
8924
3878
2224
483
9327
7607
9928
6069
7984
12
8159
742
3370
8217
1647
5542
7571
3395
2761
2751
4334
8631
4258
1897
5890
2396
5045
6973
9463
5824
6052
9621
4619
3623
1693
3313
1503
7706
1453
105
2759
4707
2212
3799
3493
3744
3365
1228
6380
862
9091
7665
4583
3091
8877
8624
7060
6876
5085
7935
1842
7372
8585
6651
6590
6407
1922
5729
8355
6347
7167
8053
6786
3136
3851
7774
8022
3280
1312
8495
6275
728
5289
4321
1751
533
7954
7406
4841
2117
6402
4573
8686
9390
2290
2242
9208
3782
320
975
8903
4244
5903
170
2370
9104
4795
5333
2737
5290
9917
7801
7278
2283
1129
9245
7886
291
8069
3808
9756
8475
3173
5528
8428
8033
86
7885
9232
1190
8666
7578
7862
7995
1941
4407
2953
6999
2773
5819
657
575
7230
9788
5536
2217
6582
5644
4512
4978
4275
9642
2202
855
9805
5751
6951
9389
46
4277
2897
8128
9400
4572
7709
964
3219
1110
3001
2753
7108
4769
2058
5976
8994
2146
1246
6741
3664
1409
6789
823
66
6951
3159
2470
8209
5586
4217
7522
3390
5689
7736
6551
2092
2265
8586
1406
9593
1382
650
334
1057
4889
6422
7368
6092
5451
5146
401
1727
5813
3966
1623
7696
3611
8112
7949
1779
8169
3567
1500
3074
4874
3431
9310
2681
3647
5519
540
4056
1594
4848
9178
1975
8107
7509
3047
8043
6971
369
3240
1212
614
1308
5849
8075
1647
9068
7540
4913
9886
8286
4224
2355
9323
2963
9946
1805
4444
7072
1315
433
3389
2867
3790
586
9180
87
564
2269
9223
3199
5315
2662
5300
8137
4697
754
4556
8334
3961
4392
9558
8289
7783
248
3353
3465
7463
3991
4149
275
9829
5179
4181
6706
9192
4087
1383
7716
4152
9666
5583
961
337
6604
2983
4894
242
6384
7256
134
8072
9494
2083
2481
5618
2967
7684
546
9136
3038
31
2548
9963
1004
3921
3854
6537
8057
2164
2007
594
3616
2366
7997
4540
1340
5198
9425
3692
8968
9173
9458
7961
627
7358
5387
3454
6035
8792
7256
8690
3222
8498
3153
5248
2239
8988
1159
8335
7857
4339
741
6248
3978
2382
6844
2662
3635
9566
5491
132
6206
6074
5757
3836
2508
4733
3803
4684
4061
533
8846
8123
8778
3010
1750
8933
6819
6286
115
9764
2960
5236
6315
8342
1345
2792
1893
2671
3417
5028
4898
0
7731
8905
746
737
2212
2916
6912
896
3941
5955
2513
6053
9402
5105
8923
1756
7895
8985
4658
1545
5443
3130
1780
6627
9250
5996
8604
133
6989
2878
5355
1171
5788
1557
7532
7054
4074
787
2889
2108
6699
6219
7717
5368
3702
189
4833
9591
6118
8380
8544
9636
8394
7963
3476
3215
1473
5727
6190
9825
1948
5212
5847
6830
9371
3565
8676
2554
2458
7071
4083
8890
3138
9146
1401
262
5162
3413
806
3044
3759
5403
597
3957
9223
3457
8149
7226
5440
1639
8884
7354
5893
378
2601
9686
4119
9347
2856
6843
8002
6218
630
7432
8161
7092
7124
2106
9525
6134
5793
5957
6183
4477
9439
8524
4829
7386
609
9161
2778
9862
1145
8303
8187
2201
6183
8113
2433
2168
2819
719
1755
3526
2022
8692
8022
4373
1415
6972
3007
9110
9605
1258
7029
2774
829
216
7237
7547
9725
8731
1594
7649
8443
5280
7648
3999
2459
7450
6743
7006
7445
7792
9713
4669
7809
2539
4882
4686
3260
9066
7534
8228
7283
6495
5909
360
3596
6953
9425
3632
945
475
9477
73
5032
9857
8422
9710
4186
3352
3700
6552
5536
4453
9100
2209
5718
7091
9367
6880
7667
6466
7440
8482
7068
5262
641
4169
1904
830
9174
6999
404
3583
3819
7599
1539
4980
1795
9741
4668
3148
9275
466
3044
807
7878
8718
2978
2211
7469
8572
503
9897
3356
8045
9888
1109
200
6092
796
6074
6711
5597
1801
6912
1685
8090
3809
757
3448
6128
1977
671
5954
1355
5976
6307
5472
8725
1189
511
8925
9979
6473
5667
3558
2394
6471
1104
5337
9889
2954
2339
1442
7611
7101
6981
7754
9704
3615
4929
2065
4292
5248
6419
9090
9749
8761
7566
9509
3166
2676
9783
6987
7995
7692
5401
6104
4120
4704
7723
660
8585
9210
7551
734
327
6374
1183
4834
3542
7116
5865
6413
7054
4475
2916
6733
3887
8020
1285
3320
3614
265
1552
8645
83
6716
9793
6038
3484
2628
8890
1899
7787
7039
7159
9594
8922
804
5321
1819
1149
1981
8233
1706
7223
8947
5172
8306
8452
9117
7508
1091
175
8588
1537
3472
7422
6799
4114
8975
8284
955
6049
7691
8160
9566
9526
365
9195
6973
8002
11
7729
690
9841
4821
3064
4966
1060
5618
7615
4337
2352
8263
8617
4385
4580
6418
9799
5384
263
3519
2864
8603
7186
273
495
8714
6495
4052
4281
1411
7561
3352
286
2581
7951
5680
2300
7198
903
8021
9874
6848
3710
6890
4455
8593
5790
2542
8887
2185
8319
2681
6934
3054
1694
3663
8262
6990
2304
9022
5931
4628
4207
8232
2635
5340
5809
7271
5879
9153
5605
355
8362
4400
7205
7388
4724
6820
1446
6431
4510
9772
6755
3362
6282
8587
7348
8230
2927
360
3366
8573
2690
3265
2133
5026
5644
1720
7443
6514
1595
2505
171
3536
9782
6851
3268
5886
5273
4270
6588
6034
680
372
6511
3446
4021
6775
2844
5117
619
3312
4188
2143
914
2853
7807
7854
1321
2402
9133
9736
6863
4480
2438
3670
7943
6268
6266
7815
5834
3616
5103
8501
724
2933
5227
6406
4171
4694
1296
4947
1174
374
8004
8558
9349
9684
5468
3401
8744
4757
3035
9691
9193
3274
6803
782
9360
9026
5727
5689
3814
7032
3697
8192
4364
4489
2811
9641
8939
8430
6429
3077
3560
3981
2352
4574
3506
4870
9196
5810
2629
6052
7467
749
1639
3018
4252
7904
3791
3145
9689
4849
945
7829
3926
5
7133
9610
5353
3630
1322
9037
7294
3293
1067
4814
8903
3735
9639
4282
4561
9805
6691
3167
2787
9644
3409
8323
7251
7049
3055
1779
3389
8151
2964
4486
3941
6801
7980
1201
3178
2457
523
1689
6131
1059
3638
7013
1264
2875
1537
1714
1442
7287
6
9877
4541
9920
3403
6564
3882
7411
2163
5023
3127
8181
3520
5382
146
3993
3900
9575
5365
4324
7941
2012
1341
2636
1606
3501
3864
3688
6434
4736
3391
5440
2388
9837
2639
8658
260
8731
9110
593
2395
9131
3626
5655
37
3657
1829
3583
9223
5409
766
4920
7428
7373
6645
7842
6863
7729
6452
7244
6420
1913
9954
6240
269
1293
8253
9533
3000
5861
2467
8712
1267
305
7234
977
21
2643
3967
2445
4701
4130
2190
9595
1477
3220
7790
8786
8377
2596
4786
6939
5625
2393
3047
3275
8491
8501
2507
629
732
8791
9563
3199
1541
4353
653
2737
5093
7317
9061
6202
6911
3171
5538
184
2585
2485
1580
4451
8824
5944
9704
6387
8185
6285
741
8694
5251
4713
2977
3853
68
9782
2698
4635
3319
627
4165
6016
802
4708
1114
6849
8516
3452
9787
5550
1472
3989
8398
2817
1702
3867
8844
2510
6107
1365
5691
9864
1876
5200
304
6052
2768
5586
8185
2531
5369
6918
4108
1264
7227
6910
7140
2437
1985
8528
5403
9084
3053
8785
9612
9478
9979
2543
7683
3688
65
5513
4021
6656
751
2506
246
6463
8487
7592
2409
956
7785
1780
9099
4275
7983
7616
6611
3091
2881
5622
6443
4445
3000
3245
7748
5357
6155
7712
2067
7404
9979
407
8878
931
1730
158
7082
8387
2610
9298
3127
4379
8503
8638
3784
5105
9642
3694
7839
9143
7403
8076
8120
9580
5457
9853
7973
2722
3842
719
6624
162
6313
4068
6597
3140
5670
1217
7950
457
2245
7637
4553
7208
9856
2935
8819
7432
3435
4398
7622
1923
9301
553
699
6518
2983
5628
2900
9989
8842
8791
8227
6881
6382
8656
8233
9273
6325
8990
2946
9269
6101
5391
8576
8172
4565
5384
8255
2965
3708
3195
2837
933
7132
9613
3549
8506
644
3059
2831
9490
7493
371
3986
2298
4153
4721
9820
5497
493
1848
5939
5342
6167
2328
1248
7832
9575
7514
453
5268
3736
4287
7685
1207
3577
9704
4280
9838
6768
7204
644
1627
1382
1709
8344
492
2876
7841
4538
3659
270
1161
1653
6797
9110
2559
9886
6347
8573
6704
1675
3014
5641
98
96
8390
7818
8156
2832
3026
1558
7505
9878
5642
1656
714
5902
3068
6798
8519
6575
7407
6217
5554
422
9315
2149
5066
2842
9334
6583
7591
9737
9724
1069
1077
4740
2738
4058
2516
5667
3782
1006
2219
6251
5814
824
6387
9602
5193
1915
7354
6518
5064
68
7233
6778
7418
6491
4564
2169
4973
2152
9072
2414
9005
2233
449
7684
9740
6941
68
3114
8537
9515
1715
1182
8043
1498
2041
6401
2769
1479
4169
7177
2819
4832
3429
7715
3542
2467
5096
5009
6022
3809
1546
3117
4805
3813
9179
8907
9092
3876
3903
4231
3165
6553
5357
918
3275
5079
9042
1710
2793
9680
5955
7427
1987
9491
7826
6028
8623
3904
5933
2799
9747
7202
3896
9493
580
5673
4885
8894
2243
2216
2160
2448
7222
2240
6427
56
9986
6003
5757
8045
3834
7517
7463
5262
2627
6705
8382
2607
3181
4293
1317
2778
3468
1450
3891
5955
6662
5130
3415
1275
7355
4908
6466
8705
9843
4521
985
8173
9766
3690
2947
2283
4784
9485
9208
3734
6271
5595
7835
786
283
2815
8588
586
2937
2036
4871
8159
8506
6979
3277
879
1779
834
3370
2346
3603
9186
3888
6220
9833
5337
5841
6634
631
1405
4204
1907
164
6723
7474
3607
1625
9524
2421
7798
8182
3034
6682
8297
670
6394
4512
9987
101
5459
5853
959
6893
2109
2711
4272
111
739
7070
7017
8614
1664
7418
1652
6932
9569
9408
7456
9215
2489
1463
1121
9528
4395
7721
1377
9730
9443
5017
2050
9270
5502
1431
3959
721
2871
7060
6333
4869
5366
3277
232
9108
1552
9286
568
4722
9560
7419
8228
3945
9432
6658
7934
9677
742
7707
1398
3287
1344
3781
758
2098
4521
4950
4204
9229
8399
5627
5362
112
2992
9609
1389
9774
984
5956
9028
3424
1061
3212
1917
782
3604
3088
8428
8188
6552
2264
6971
5751
620
1204
1466
6993
9447
7320
1216
9040
1658
2717
7624
6658
2583
5762
6721
8217
1106
1390
608
3986
2818
3205
8021
6532
7886
1003
3490
2755
1067
7981
5662
1391
6672
1594
6825
2354
2991
915
415
8436
4298
1972
1969
2507
5642
3279
87
5552
9684
6717
1721
8587
605
2503
362
5838
32
490
5190
3238
9091
4089
8684
3163
5109
4689
4200
35
8977
567
8218
9991
5126
2425
309
7425
3442
7740
2917
2902
1771
9475
9213
3108
8866
6367
7004
4928
4531
7244
1463
4232
2904
9538
9942
7874
4310
2320
786
3849
7751
692
9123
9044
7102
7109
7511
1707
6928
272
5736
1635
4727
2590
6356
2038
4492
1815
6044
4731
7439
2636
1289
8155
5468
1311
7682
9055
6697
4962
967
6962
5909
9645
1470
6568
8301
3459
5780
428
2668
3003
6452
6297
4457
9871
7385
4254
9925
7891
3786
9009
1767
3006
552
8210
9237
9292
862
5396
1944
1261
1860
165
2454
7348
3380
7411
6616
2033
2603
5713
5634
419
3000
4693
8285
4249
773
2288
637
3520
6620
7292
6359
5074
8044
4756
5059
5154
4444
6252
7597
1069
1473
4332
6924
4491
130
380
3834
7940
8405
4117
3928
567
8085
9026
594
6235
9354
3726
620
3670
7928
1660
2080
7956
3967
5614
7957
756
7931
2871
4667
7665
8596
8192
8268
1669
8897
6232
4794
3123
1876
2877
4303
5163
3356
9978
633
1936
4256
8690
3623
2601
1036
9133
4989
1856
2353
1284
4478
4221
4877
9237
6032
7299
7377
5283
1974
3913
9438
9149
5653
1385
2365
6494
7151
9373
142
653
4081
5125
5025
3591
3671
6987
2014
7366
1676
4574
8224
7120
7730
6190
6328
476
9202
9866
3759
2238
8123
3525
7402
4698
4547
3873
8133
9060
4361
8773
179
6437
8928
9702
4944
8118
3160
4547
4792
3601
2220
751
1839
2543
6842
585
1474
1735
4935
270
4116
3067
6888
1692
2007
2573
7572
5150
571
8161
7469
3493
1165
7078
9546
5791
6565
3192
2701
1235
9049
7123
5264
5800
8988
3267
5824
4154
1216
1010
2401
4090
7647
1230
6436
567
3049
3404
2320
9884
7660
6742
8289
8740
9632
5132
374
6734
6023
9372
1027
9108
8832
2910
4134
9888
4218
3695
7162
2924
4466
8135
8485
5665
5161
6002
155
8975
6686
9985
4542
4463
1233
1360
6062
7166
6227
3231
7283
6568
6666
9856
3223
1285
3124
8353
4396
9426
2957
4302
225
648
1325
8561
3784
750
9022
6796
4178
1905
4071
3343
1943
6022
2001
7993
8593
6909
914
5543
2672
846
6974
6473
7987
3443
1909
3837
6077
4753
3424
1436
1274
6530
5912
1097
8785
9529
9839
4821
7970
6304
679
2523
8357
5388
86
2184
2047
9078
199
6464
5514
8944
9627
9719
607
200
1771
4157
5527
2599
2111
9390
5814
5562
7237
7552
2692
4449
3598
461
6148
4521
7290
5356
2127
9943
1839
1969
6438
8128
5946
8797
4508
6939
5194
1337
4453
7037
4115
2152
3987
331
8916
1590
6171
5219
5134
8344
5667
3110
3822
3855
9847
6911
4414
3620
419
9479
8757
3100
1003
4998
9295
7223
9622
2858
7047
2204
3682
2813
2570
3710
5179
8555
3276
4194
4652
7749
3465
4412
919
5581
9106
1016
1647
334
9775
3293
2298
2854
1933
2649
9558
9666
8565
767
5904
8573
5056
4063
7609
7702
3866
4336
3461
9341
9132
7986
6965
602
6350
796
8194
3429
2856
5566
3822
1238
2432
6859
1190
7907
9162
2011
278
607
2523
6111
1511
2073
240
2547
625
6979
1745
3201
1494
1705
6000
7511
2630
9804
7896
22
7047
6439
3893
8931
6535
5661
506
474
7958
4295
2719
73
9517
8034
9267
6042
1530
8622
8676
5567
4790
4594
2202
6315
1824
388
5384
9934
5818
6459
2591
4844
1763
5775
9120
5503
3297
7332
2894
1290
2603
4998
2601
6876
6381
8082
4147
1588
45
2235
76
9749
2547
6713
3144
9956
3848
2739
618
5093
9422
9718
799
967
9013
6647
5761
4035
1362
5713
292
4476
4233
6511
6125
2028
6104
3003
4936
1382
2748
2399
7867
1933
4799
5512
6709
9330
6715
309
7342
921
8275
5616
2278
147
3130
7670
8261
3765
9983
489
7304
2378
8304
5466
3722
280
4304
6460
5533
5853
8338
1574
1121
3982
210
4944
5266
1156
8332
6478
4835
5610
8590
2167
3056
9482
6950
819
5919
9933
7280
3676
6682
1433
3471
3072
8255
5824
12
5088
8979
6305
3895
5320
2630
6883
3290
2312
7313
6997
6112
2043
8294
1639
6079
4615
6894
6923
891
4431
1875
9576
6904
428
6218
5554
4524
2025
1138
6746
3194
8582
8923
1786
1953
9020
4067
4242
6453
2044
975
402
398
2240
148
8658
8420
2088
5524
5524
3254
5638
929
1891
5745
4977
83
4326
7017
8604
7850
7150
3547
8225
3601
5427
5831
2612
4779
1825
2282
9999
4040
4129
7568
1786
9666
404
63
1881
8255
4231
5827
9810
7025
2481
758
3708
4423
2033
2131
7202
6635
3493
7455
4408
6916
4092
8421
135
1317
9124
7199
7285
3825
4618
2722
9171
85
5130
2206
9059
5461
5460
8741
1693
9435
8405
1785
8760
6763
5917
8785
8185
1048
9378
5814
5624
7682
2488
4903
6170
5005
6747
1363
4284
3573
8256
6250
9690
9743
3731
3863
1089
6905
1507
3459
101
5311
2434
5571
4926
6317
3585
7843
1342
8429
9025
6218
7893
9641
4185
7847
2049
2490
2941
9077
946
6329
9585
9169
7131
1214
987
5852
1950
7147
5360
9375
1296
4908
6010
369
8684
1178
9459
829
9657
2934
3737
2306
3364
5502
1324
4844
5021
9610
5253
687
9810
4001
7768
8679
385
2452
1931
2260
365
9912
1721
3332
7558
5257
8715
5482
5811
3023
4815
7395
8137
2257
5146
1500
7218
5467
7990
2482
335
4994
6613
2886
737
1080
7727
7001
5549
4687
8999
4997
6626
4788
8990
6708
2906
8734
7186
6367
1181
8590
4119
673
636
1957
5029
1843
62
3217
3447
3425
5121
6320
5730
6278
4959
1398
2893
6687
2901
4325
3880
7621
3950
9790
2471
6952
2200
8458
5205
9998
3880
6827
9802
3388
9375
3898
3386
925
1721
3456
9467
3139
5470
9715
8391
6722
5652
6277
1939
3413
2730
7769
9563
3159
1361
593
5586
3584
9177
6562
7238
180
4312
2205
5386
6557
7590
5012
4991
1167
67
337
5931
2424
1921
1060
195
6772
2375
38
7249
4709
3511
7162
2659
5679
2464
1669
4157
2175
5984
1838
6933
902
9195
1045
8017
8506
3799
2965
4018
3847
4057
7238
246
5973
5887
6489
4798
3838
6228
7656
5835
4067
6773
1123
2252
3415
5566
677
1327
8995
8996
5639
2740
3489
5418
6504
3655
9460
5728
9889
6526
3375
5191
8721
1739
1939
4411
1365
109
854
2995
8920
6503
4960
716
4759
8321
3604
9844
2529
6004
2338
2861
8505
7421
328
2340
5708
6681
9920
922
5776
2672
7928
9586
5528
1137
3131
9881
4542
4723
1887
9628
223
6390
391
7438
7973
9953
5862
4071
2922
8133
2929
9721
5485
7051
401
3497
4170
1489
811
5860
5670
1285
4721
1086
397
710
6649
4395
2091
2526
1334
1353
3166
3477
710
3458
1378
6136
3322
3030
4485
813
2693
3916
3061
6315
894
7956
9403
9149
5155
1710
7687
3750
9206
6838
7164
1942
8927
4668
6245
9711
7554
3594
9222
9145
4642
6223
7061
9638
9261
6591
2299
8794
9002
2837
191
1949
5361
2459
9127
5552
2099
6280
3687
8120
9960
8816
650
3712
6756
2763
4470
132
7705
5308
5472
2630
7310
9715
9507
8959
8464
9708
325
3968
1280
8284
7828
4702
5185
4432
5121
9964
1568
6579
1532
7091
3144
3892
7017
240
7513
5542
7265
6796
3133
1098
9055
8253
7568
7857
1898
8560
3817
4325
282
7060
3452
1960
2382
9520
5033
4725
9428
7759
8337
880
5816
8146
7126
9699
9940
3771
3926
3109
5414
6055
1534
7120
6441
11
4462
8588
9157
4447
2085
4128
6922
2097
3995
284
2398
4413
446
9328
7538
3084
1059
3544
8307
740
7296
488
5932
3358
4042
4739
509
4942
7807
217
8744
2859
9006
1159
3971
8051
7220
9694
6573
2922
1744
3148
8423
9587
5044
627
9743
5528
5502
9724
9353
650
25
8082
1892
796
3335
8718
6366
2744
9691
4888
4519
5912
4514
5042
4571
3414
4741
8079
5833
4828
2086
6293
4846
9066
5164
6531
8642
6049
2329
62
9562
7170
4453
2151
4639
4030
8926
2026
5540
1079
6014
6151
8409
8326
6970
3736
4228
6737
4629
8532
6496
5312
3535
6733
660
5562
9826
6280
1481
4330
3145
113
7707
9685
9119
3429
111
4754
4367
5189
5221
9136
9243
1272
8147
1315
5100
7146
3414
7890
2579
442
6227
678
7980
6042
5203
108
6485
5438
3429
253
4633
6638
8840
9757
7008
4375
2686
5918
5534
9816
184
6393
4851
2301
6121
6035
9874
1455
215
8129
9658
1959
9119
9204
1610
7623
265
3890
4734
9297
7075
2602
2484
413
8725
4974
5213
3559
6339
8733
5609
4557
4012
4881
6355
3830
1010
4930
1542
3447
9364
4302
5237
9685
2529
6259
1557
7606
3610
8785
2247
632
9720
7516
4248
4155
4471
6212
6526
5691
4394
2465
7944
491
4047
195
1238
9569
7255
1663
8528
7194
495
6988
9360
1358
6381
9346
1340
658
9777
1384
2265
5914
5784
8069
5449
252
7367
8521
7079
458
1285
1033
4563
6800
474
7354
1786
8560
1922
6714
3896
610
9837
1551
165
8882
104
5387
1255
1438
4134
9360
5034
7226
4573
231
9313
9287
9685
2164
5731
7381
8873
7549
1689
4836
2249
7628
5195
3606
8625
7647
3186
3201
4878
2262
6809
1998
6164
9702
903
1466
8620
334
7250
7578
2661
2571
6915
9969
3249
4729
8323
7523
832
3237
1810
8847
8827
8334
521
707
2148
6876
3303
6474
7218
3895
3975
2582
5703
4495
8987
7514
8623
426
5478
8577
4911
2211
2581
2755
8107
8850
9714
3462
9605
1418
2820
3381
9145
5675
4985
5513
930
5329
6428
5039
8764
1456
6337
649
2910
7599
5600
6975
2430
2821
8698
3639
5313
4085
9068
5901
9174
5680
984
703
6002
8416
5009
8334
6630
6622
6194
1579
7789
1137
7762
6333
8010
9384
9531
5941
1161
3319
9240
1793
4184
3340
5459
3197
1536
1177
9472
956
6014
4890
7557
201
1063
8513
6011
9639
5635
1414
9832
8359
8787
161
2435
7050
9023
2374
484
2003
7440
3637
1577
8264
8801
2860
307
3735
344
7259
9353
9937
9845
1439
6105
8160
5963
2006
756
3963
3276
9423
3930
7393
2647
3148
7933
647
299
3783
1844
5149
3841
3708
4721
7596
8103
6846
5666
4859
5067
8519
4421
9260
9141
6944
5527
1028
5122
9127
6485
3611
6097
7098
2147
1571
5393
6885
611
3721
7411
4313
7835
4439
3443
4159
4168
5179
9836
3664
5049
1980
3802
5222
218
1859
1022
1317
5992
835
2122
1769
4037
3173
5077
578
8868
4321
5549
8635
1013
2757
4527
4583
6087
899
8764
9594
7812
9972
4641
6067
3731
1399
1680
4007
4546
1334
936
5611
4302
8906
5390
1951
4254
2923
9131
56
8715
3985
3800
5170
7984
4389
4873
2946
4928
1032
9622
1090
5863
4511
641
824
5037
5340
7048
8479
5628
965
594
2638
865
7978
5613
3093
2053
7536
4320
828
7739
1523
6170
7365
7732
1953
8452
4005
2367
9826
7396
5843
1443
1518
1663
2482
9224
6373
1009
4995
987
357
1224
2760
5069
7288
4602
1011
8887
9519
6310
5487
5007
5496
2278
529
1105
7695
4574
9864
6513
1684
9550
8393
5752
8907
2170
6763
9483
6737
6696
4966
7247
971
9983
4667
8159
164
2528
1440
743
2758
3382
6429
6243
2649
6844
7366
3209
7433
8
5002
3461
3196
1715
7911
8737
5028
999
3418
8457
8897
5519
1178
652
5187
512
1075
4369
932
7497
2889
4202
7351
3342
8459
9702
6119
7644
3104
734
2621
1137
8487
7455
398
1245
7848
9919
9958
4615
4267
273
6007
2950
6734
4363
667
1550
8906
3124
2232
1224
7782
4102
5633
5336
2443
3517
3415
4703
2906
6000
2590
7073
1607
5773
5613
9279
6443
9975
1038
6778
8158
1955
7282
2347
9044
706
5688
6396
911
6223
1182
1588
6481
6067
2387
1402
8830
9371
7489
4102
6478
8345
8951
4389
7077
9356
8415
7544
1793
6489
8293
653
9851
4246
7807
6446
7552
8547
6549
3337
7624
6804
3568
2015
1224
1920
6932
5003
7618
96
3218
1321
4562
4999
696
4705
8175
5302
5000
8384
4699
6273
7872
9858
9072
2710
1040
7283
373
6553
5734
7233
9426
8337
8223
5892
3178
5113
3098
4835
5466
9919
3614
122
753
784
3313
3975
6738
8574
7830
1539
3855
2167
3490
5293
9119
6945
4419
2815
2143
6057
6337
1782
4192
6480
9461
8493
1686
732
4341
2690
5352
1851
6540
9150
222
1843
1449
4003
7508
2678
9254
1063
210
3562
5200
3271
1438
484
8366
98
8366
4861
6591
9909
1432
2331
5975
525
6580
6084
9934
1089
5050
7862
4764
8702
8972
8826
7942
3733
6166
576
3027
9697
3405
7947
47
987
7080
6759
972
4969
8540
6613
3087
2827
6442
146
4149
6489
5178
7203
5327
6999
4282
1532
5400
3376
7702
8678
927
3364
9455
2507
844
4202
4140
7633
5740
5308
130
3549
3319
2306
5896
6909
3752
9405
9093
6368
2819
8348
5534
8389
1468
4246
8370
8794
2413
8600
1652
2712
1945
7297
9946
6350
5348
1052
9586
4805
4286
5254
5036
9793
1443
1343
6706
5149
9157
4937
197
5177
1680
9888
6420
1096
5501
8064
843
6875
4022
7283
5248
268
2336
9583
2971
6101
2842
5676
8645
6987
3509
5917
7325
2299
5695
7785
3867
3332
9210
4226
4059
8216
5060
6567
9908
4830
8013
5802
2526
7062
4353
6596
3641
2293
7391
8029
8154
7278
62
292
860
2220
6982
1803
6076
8632
9945
5267
5340
7898
2208
4862
9848
3239
9633
754
210
9791
2210
9404
3711
2523
1803
8794
7431
8858
8035
2987
1497
4517
2373
3170
453
9001
8020
1240
2982
7324
8684
366
3213
1829
9522
3801
672
6094
2285
6765
3492
3531
6092
8629
8902
7774
6973
4503
6558
1910
5515
8023
9459
1232
4361
3785
6402
3400
7929
3659
6720
304
8468
8579
7102
3227
9230
8828
917
9939
5914
9698
6097
4780
4414
3570
6469
2770
3849
3203
1048
9116
7149
4035
3266
8879
1111
5365
4372
4975
2468
6638
5149
1210
7216
824
7833
4771
1896
7224
3846
2646
6680
2375
8817
9001
9519
7570
9847
7108
1237
4047
4867
756
9725
1648
5213
5533
1983
2187
5762
9518
9255
1764
4432
570
2548
9388
1525
9708
7992
5486
1501
9537
5766
8273
6678
4230
6305
5020
4982
6004
7148
6297
8589
4850
5232
8194
2111
2099
3260
2330
9177
9294
6926
6252
7661
1245
1072
621
1957
5049
3524
4419
8275
3396
4100
8800
680
3639
4411
3521
5943
2574
8999
6584
9835
1548
9991
9034
2194
1804
6997
9888
4652
5993
6582
7833
710
965
757
6508
2973
5054
9552
4316
4737
6180
16
7913
8727
6843
8798
726
2439
4627
9446
6066
8699
8605
9472
318
6834
7072
989
9218
6192
4253
969
5550
5080
3719
3937
7915
1476
490
2167
9311
4933
3886
886
1159
2173
3596
7385
5049
6177
9742
4877
531
9468
4588
1178
9855
2722
5388
7467
690
8380
43
382
5351
649
6776
184
7011
6397
4299
8792
205
8127
7288
197
1962
5350
9393
7307
2150
2540
1178
4532
1778
7951
6043
9323
7398
4531
7484
312
1373
9430
585
5781
9514
6802
87
3989
7330
9374
4038
2750
5943
9330
781
1575
715
193
7865
9323
9562
2775
1346
4293
151
2574
3613
2340
3298
7052
4571
7461
4924
5181
9417
5911
9439
7212
8885
8783
6363
5877
9947
423
330
2066
708
7920
6150
4690
3415
1302
7960
3287
5215
7310
316
7470
6407
2662
4385
2349
2998
2473
3928
8460
7502
6916
3738
2067
4747
6851
3733
8619
5145
2682
2260
8069
7327
9341
789
2730
6774
6172
698
2460
3546
8549
4318
7588
1934
3762
3535
8032
5907
2870
5585
1194
1214
8844
4181
7751
8712
8271
752
914
5391
5424
4850
3040
5480
4455
7105
312
9965
6059
1140
6045
8338
76
1611
6029
592
9998
8991
6766
2871
608
3509
831
2371
6810
7753
5170
7077
2115
810
6589
1957
1016
7083
4089
2820
4053
7843
3528
8561
5917
8652
704
3261
7613
6676
911
6854
1006
1532
4248
4129
4023
4534
541
3579
4813
2020
7705
4285
4660
7095
3873
8837
8982
9544
343
7725
9556
5958
2577
2170
8492
3259
2623
6882
1234
2126
3401
6616
7279
9999
8009
4729
8864
6449
8856
1652
956
2045
8994
5298
5930
1537
5046
4325
7013
5870
8965
2988
5611
8333
529
7710
9578
7886
5432
1482
7010
9885
5569
2965
8423
7139
8551
6869
4527
5085
6501
5452
8384
7196
3426
853
2689
4292
1988
4731
220
3741
2181
9072
3491
4040
2374
1507
4053
5618
9102
433
2315
6535
504
9116
8335
9621
3761
604
4705
5657
9740
8928
5754
7191
3749
3398
1809
2149
9736
6889
6049
3747
6852
5735
6986
3985
8379
9209
8626
5924
4234
1816
3406
6233
1440
6258
1551
825
9369
477
883
6634
5693
482
1233
6391
4285
4034
6934
4795
5672
3676
4851
2052
526
8089
2725
1162
1742
1336
1746
4673
3183
8207
3174
1409
8994
1008
5110
186
6133
8819
6028
3968
1091
2462
7352
2280
5679
312
1858
6193
336
5567
1236
5453
8169
1304
9616
782
6680
2360
746
7660
664
372
4886
3522
837
460
6624
2038
3201
2264
1047
3776
3603
2774
7331
1059
6959
4824
3647
9975
3987
676
1472
7697
8987
3024
3369
8705
893
7619
5811
8758
442
5294
3098
7627
2139
5358
3292
1655
9867
2884
3666
6467
5398
5358
7496
2750
2968
1186
8459
2331
6770
3962
6071
6887
6763
2993
1353
6387
9350
1921
2365
995
2606
7262
7308
9427
8593
9592
9670
7834
2314
6566
2367
4788
9440
9227
4650
2908
344
3052
6948
4739
6791
1556
5030
4011
2165
1346
6682
7947
599
9485
1676
8997
1533
9598
3252
3321
8980
433
2071
1415
8879
6137
6132
8503
4849
9611
6295
1765
578
5576
248
6683
2016
6422
1582
770
2136
6985
4795
7443
1693
2868
9750
7102
7896
9218
9227
2944
6478
2332
4939
4525
9528
3681
3998
9578
1281
7650
6969
4322
6065
8289
2600
1229
3253
7292
3967
2971
8133
1928
9126
8644
7340
2062
5836
4554
9971
5196
3865
1396
1760
5016
5829
361
8734
2055
1372
5991
9585
5013
6925
4177
1268
8962
234
8499
2762
1317
5639
9187
5697
233
3175
1403
6953
4259
6122
6401
2058
291
8377
3076
7687
4188
442
6513
9367
9722
8973
508
8160
5204
8474
3643
4519
5418
1763
2216
5370
4381
247
6708
2192
8600
5487
8253
7673
5394
2591
7662
8335
4833
2242
4862
36
2567
4232
8074
4557
8529
2570
7604
5650
2962
571
531
5789
803
9828
3905
8293
3529
6969
4022
7247
5068
8402
3281
6945
5219
9480
6368
452
9617
922
4828
5998
7543
6035
6843
8186
2443
1938
2163
3832
2681
1161
6703
610
3743
3677
7795
1077
3316
533
2693
5474
4371
5446
6289
6699
1868
6724
1208
2998
2727
7417
8651
9473
178
2923
2767
5935
2511
792
5076
2585
8153
2023
4793
8498
9519
6901
5993
1413
9667
445
3771
3738
9501
8572
6610
4282
2256
7305
2415
2919
926
1707
4582
9035
6095
2155
2987
6569
6622
7643
7896
8868
2000
6201
9566
7083
5306
7052
6437
6322
7148
1215
3336
4007
2541
8153
2049
3522
5827
3332
1305
6576
1525
6876
2620
8771
731
3735
1909
3034
3494
9054
6752
7641
9603
1758
19
9368
3477
6898
1067
8825
6424
654
2099
7217
6306
4413
224
4413
5140
2174
6734
9870
1849
461
4894
9950
5454
3249
9958
4290
3358
325
4876
3602
3342
8401
3192
1566
2694
6469
2506
1135
2412
6094
9983
6078
6083
8367
9881
3463
9847
8571
5329
52
2597
5935
3556
1086
8786
6648
4634
9998
783
2004
4478
9437
4363
8181
684
9414
584
5617
1722
2966
6168
8949
1038
3760
9128
7175
8716
5714
338
4291
9353
4550
8477
2281
6977
5670
4279
2617
7950
1442
6545
7237
5925
7471
6873
5390
5921
2252
1833
7202
8585
567
8200
6347
5568
1123
6476
1925
2263
15
5826
6300
5433
1048
6802
7329
7673
951
7916
3766
1475
1246
4392
2788
8848
7937
7734
9134
2526
9516
2521
6711
6709
1145
8904
9188
9661
380
2398
1139
9898
8681
5743
9907
7196
913
2185
5677
1133
6913
8208
3741
8456
6147
9393
1281
8614
7795
3354
6955
1611
5391
6416
3737
2950
3943
5710
3652
2651
3115
6914
1541
8296
7082
652
9713
6109
8659
6280
5288
4636
7573
8796
1034
695
7327
6723
4160
5159
254
8085
6333
2116
2278
2996
1353
3633
2699
8545
3116
8883
9474
8654
2412
1358
5373
9711
6285
1456
5283
8982
5904
7049
5903
5304
1295
4780
5421
1256
34
8807
6840
8370
3815
7215
1221
7273
3589
3053
7108
4432
5152
3539
7421
1180
8976
9196
6902
5203
1398
3411
8122
9880
5201
4421
5587
4927
5216
7240
6643
4116
2136
8143
4620
7377
7346
1564
9403
7212
3936
7415
891
9794
2746
2544
5113
4513
740
7866
4867
3680
674
2430
7430
9468
2097
3042
2713
2641
5788
1579
6796
3111
3574
4296
5109
2012
9079
3167
270
9117
6281
8488
7112
5314
2709
3005
6741
8546
3764
4060
332
9607
8380
1948
9148
2520
9380
3088
332
2655
5568
8091
8007
3698
8967
7556
847
50
8615
5995
6555
5192
1845
6733
2395
7052
9724
5886
667
3513
4804
2644
9324
7536
9
3466
7085
7573
6565
7669
6534
5601
3927
5913
7720
6993
9970
585
3427
3297
7995
8447
530
8855
7287
2081
295
6612
5414
1692
9371
7313
9842
4934
6483
7114
6757
9739
9847
8251
7891
8116
8633
114
7833
2929
5288
6297
6738
6207
7083
5745
2026
6992
444
6147
4872
775
7052
8947
7550
6648
2836
4091
2731
4311
2702
8581
394
5903
4068
370
625
974
9196
6322
7734
5070
6134
3938
553
2977
4640
5615
3422
3255
2961
3282
2482
4817
6948
5002
480
2344
2093
4014
1195
5398
6720
39
432
6731
7995
6422
6781
4118
1208
2324
4848
5253
6637
9603
7328
1307
8044
7474
8170
7742
8468
8779
8895
6080
9559
94
2906
8230
3455
4925
8487
47
4431
690
7689
9282
3358
3125
9493
847
9999
1521
676
3687
8149
2136
6626
4789
7096
1051
8809
9878
5431
9949
5533
1918
5590
9390
7646
8365
5923
7398
9128
9615
1823
6261
840
3245
2329
2645
2769
7289
4299
9391
8578
3240
6176
4142
7821
8873
4868
1076
8566
8064
4716
1507
5501
6553
9782
8010
1560
7185
3589
5507
9557
8727
7539
9999
2691
422
8312
4055
1033
4994
6549
1990
6516
9096
3235
6529
814
7656
920
1252
4582
8794
2276
3021
1691
2280
6659
5265
2098
5454
3699
4206
6297
428
5809
5136
7358
985
8412
8330
912
1636
712
8789
9353
66
5752
9410
2904
3064
9739
5494
3264
8872
4033
5458
3497
1762
4638
6435
6645
1605
5630
3297
8163
3917
759
3184
933
767
8701
1035
9604
3248
5024
3080
1560
5357
1790
1352
1395
8056
3339
9420
3629
3555
217
5269
6663
298
3997
930
4931
9397
9756
6012
1500
8035
9574
2691
2976
6734
9844
6402
4518
5152
3592
3685
6090
9564
533
3993
218
5283
7196
9744
9471
3431
9280
9669
5908
7926
2248
9751
8428
1545
489
7272
7321
624
1568
7278
6187
9344
2592
5670
7559
8183
3922
2635
7117
4083
9362
4713
2772
8829
682
6718
1736
4158
4312
8271
1568
9921
9834
4353
383
4816
6015
3087
8081
50
706
4736
5670
6527
8352
8510
9023
9080
9106
6785
3904
6912
6455
9489
9772
7709
5028
8269
4690
2712
1890
7767
9968
1490
1566
5939
7186
3860
3924
3148
7618
5053
9401
3716
461
5985
4625
7089
5551
8353
975
8516
4593
8750
7254
9665
3797
4541
5117
3664
6644
9006
6822
1211
7757
7874
8129
954
1536
3961
3339
3791
8922
6837
4893
9655
8437
3083
9878
6851
5221
4637
3129
3380
1552
227
1042
2053
2963
7
5142
183
9251
2107
8442
5191
7406
5059
5441
8654
1788
8465
2666
205
7633
6736
1748
3930
7109
6245
8559
5257
278
249
1179
3301
5594
9843
1203
9042
3021
9641
7525
2015
6738
9229
473
502
9011
4695
4624
5189
467
6555
6880
7019
1572
6686
2996
6849
366
8151
6872
6374
1032
4515
9959
9591
3272
8774
9994
4362
3778
8804
3200
6894
4177
7332
871
2108
674
3929
3250
2680
2820
9270
5006
7916
5443
9818
6821
7115
516
4926
8258
3854
660
152
1298
3189
9688
4251
1908
5262
4025
8410
2049
293
9348
6087
3030
3283
6261
9623
4816
4004
24
515
5544
4174
2833
4981
4581
5752
8048
649
15
2410
9122
9023
3
9513
2330
6258
9695
4691
4711
5295
5232
6133
4550
5744
8538
1808
8015
4101
8943
3370
3613
213
4322
6747
9545
2652
1728
3942
3409
9046
8445
5617
7902
5834
127
2789
1141
9153
1197
7139
3218
6403
2202
7832
1432
4606
7116
2223
563
2231
788
511
1820
9755
3207
2202
5950
5586
4108
7314
3063
1008
3149
6177
4436
1016
3173
3623
5128
7238
9713
7425
5704
711
8171
7031
2831
4724
1946
1633
9982
2665
1539
2035
7293
6992
5613
4523
8102
3816
8475
4468
967
9695
9628
5960
920
5620
4612
856
1689
8802
3330
5269
6264
8748
4926
4963
2122
9572
5063
3278
3974
7385
8152
1116
6691
2345
2355
4285
5258
5394
1956
9059
1532
4315
1235
727
5291
5283
9118
5201
8653
863
9651
7630
3199
1659
7128
5519
4515
1906
9948
8689
6782
198
3500
8778
793
6231
4471
7729
572
8938
5223
3288
5504
5544
7121
4994
8539
6956
6378
4373
292
3747
9040
4962
8901
9075
8449
2960
7525
9523
1335
9998
1583
5359
5470
6043
79
8020
5823
8581
4734
4141
630
8565
212
2348
6935
6296
1403
2691
4644
8246
6584
4314
8009
9103
3199
2741
8296
4336
9892
6509
1107
6195
6529
9348
9051
7017
3578
6806
6444
1781
6614
3420
3009
9725
9676
5507
8755
4788
1725
4542
1382
888
2340
1032
1431
3937
8696
7327
3817
1223
6772
2211
6834
2387
6966
1147
5625
7712
6599
3529
7162
2154
46
8883
3402
6195
1508
1795
8659
3292
9166
1099
9521
1189
9079
5022
5023
3499
6187
3258
1342
5828
8352
9076
6786
6106
2976
4598
2525
8786
884
1294
4021
5685
7812
6391
330
7296
6825
2927
7401
7150
2352
5859
4833
7627
4405
1990
4284
6329
8211
9292
2371
2992
4036
8072
160
5253
7702
6108
1780
1571
7488
5606
8600
6135
4438
2877
8519
3383
4171
6638
9364
2922
5924
8486
6558
7684
4214
6257
1694
4910
4410
8532
1116
225
2829
1421
5139
988
4439
7109
4303
9926
7266
5389
4929
2207
538
2448
1567
1146
9599
3541
4951
8747
6425
9046
1254
234
1824
6142
4483
3430
5253
5764
1876
6246
4547
5662
8222
1257
1005
6271
7126
7337
4795
4577
202
9292
8090
8734
5925
837
7
862
3475
1820
4458
6260
8011
453
4066
2878
2966
2429
2177
3693
3926
5404
2965
1723
6401
4874
2056
1794
388
3408
3935
9639
3194
8191
3246
118
4180
617
411
5034
9112
5599
1785
2289
6604
9230
5600
4523
2165
7878
6879
8343
6488
8439
4427
8508
2512
4916
1933
5811
5993
4928
8946
3717
3684
2511
5953
7503
2492
8865
1519
3329
7009
2848
7848
333
6743
9416
134
2052
5107
4318
7621
7304
3412
5046
3267
4309
7347
1675
7297
7068
1
4812
5256
853
6956
7079
8338
8193
8355
9844
8480
4809
378
1221
8224
6718
5812
64
8566
5299
6936
9636
45
8422
8080
2433
6634
3687
2280
3794
5663
9891
5480
1878
8525
4425
2778
4035
5258
613
7210
562
2774
3118
2315
2831
112
9122
5736
9173
8526
4945
7942
4475
5363
8902
2955
1503
2943
4243
8758
7472
7489
2985
1763
8930
907
9206
9391
7814
3402
2111
2346
8471
1786
5759
5968
7531
5464
1227
9507
6422
184
747
8834
8754
3858
688
4634
9419
3341
5917
2785
6047
4099
741
1081
4850
1277
1971
1104
8706
9718
2948
5034
2818
7321
7870
9304
6731
9930
4042
3162
5632
4695
7053
504
7310
5413
3104
5656
4204
1557
9491
2155
1069
630
5410
8733
4977
8548
8345
5509
2230
6796
921
1742
7980
5193
4227
7403
2170
4233
984
2591
580
4373
3639
2661
2302
9610
1716
444
8944
453
7378
6756
6050
5045
7959
5741
8469
9520
5291
2263
4168
7962
8935
3561
2197
8332
2397
3439
261
6224
1850
5745
7565
2767
808
4802
3491
8178
5285
6432
6472
922
9885
8631
4756
4586
242
170
2274
1932
4867
2439
3044
9813
7042
67
9440
6519
6601
2746
639
9082
9920
1817
66
2243
4196
4537
3012
972
765
6720
4569
1031
1466
585
5545
3646
4315
6105
3669
1617
6497
2107
3698
8362
6775
5599
1931
3375
2697
7603
9231
8297
9170
8391
8659
9751
2220
5155
6308
2535
6834
6948
4609
9680
1537
3633
9610
245
9800
680
4230
3771
7832
4606
1782
5364
3860
7915
3860
5673
4985
4102
3908
5254
8845
1542
1132
296
6665
2413
7128
8863
1868
3281
2080
2172
8138
3998
8833
7765
2013
6074
3422
911
6586
9573
9218
4493
3084
7551
659
1118
5420
7066
1231
9498
9726
8218
3112
2556
2757
1002
1654
38
8334
1698
9510
2024
3464
3124
9676
1491
800
8421
5741
2732
7380
4502
271
8761
7165
5190
511
8589
5629
458
5368
2844
9062
446
4568
5995
6107
7482
6892
9191
6379
7965
193
2279
1212
2401
1790
1084
2728
4416
3881
7933
648
1104
6301
4032
2451
3135
9257
3573
8576
4982
1947
8520
2615
9797
9735
8847
9947
2322
3442
4889
5769
3229
1494
588
8087
7051
6078
2627
4131
2920
6401
9617
9612
6544
1401
8069
3331
9893
1734
2463
730
2193
3006
7712
6007
2557
2585
8902
207
1713
293
6250
65
5789
2542
6820
9099
8064
46
2511
6458
4578
4786
5495
6385
11
3216
4244
6526
3812
4706
1074
7380
9295
6343
5919
5961
9854
922
7231
6892
2499
1087
909
3060
3351
1789
7087
6915
4108
6576
3308
873
9981
1486
3298
5428
4752
6702
1489
1023
3437
7258
1021
8923
8764
4486
2332
7974
7253
4429
7650
2814
6552
3588
280
3071
4879
6746
9547
5745
818
854
7369
9425
6796
8778
9031
7680
6001
9207
3029
1116
5781
2620
8522
6419
3786
751
4830
9627
7379
3070
7157
3450
6946
2984
1311
589
1852
8415
4592
3301
9103
330
6034
7990
8364
4671
1941
490
1886
1948
9969
2883
2471
2624
8468
4462
2798
1910
3156
6101
5922
7771
4892
378
9983
393
5703
9176
135
8564
8287
5382
4699
8427
5532
3020
9596
9430
6826
5239
587
2012
5610
6925
7616
4377
1209
3314
2011
2737
1689
4049
6451
119
702
2867
2718
9772
8709
7337
5509
8334
6201
9122
4627
250
5295
2148
4907
1263
9292
6105
8913
2820
7875
6706
5529
971
8397
856
9813
4504
9891
7931
9435
8254
58
7908
2025
606
1258
946
4928
3112
4524
1711
667
8958
509
9113
451
305
2840
1129
9796
7167
2348
3719
9534
9634
4304
9577
144
7128
9527
1411
8667
193
8495
5758
6148
5132
5484
7577
909
8814
7603
2618
9513
1296
4216
4161
9191
6567
8054
2573
1996
8346
4956
4162
2033
6273
5524
3890
9304
3463
9430
6960
2637
4505
5957
9893
8732
6145
9478
9905
8372
9976
9135
4725
7068
2790
2798
7055
1838
5450
4492
3484
9340
7005
1623
151
2617
6644
7649
2750
6611
2898
5882
557
3219
6372
3056
9205
9724
5794
2565
9972
569
8192
7405
6002
9660
2441
7154
3987
8206
9812
9893
158
3677
205
4017
8488
9570
2280
3555
9771
5466
9154
2532
4578
2995
7158
8558
5405
5841
7195
6768
1310
4069
6172
6147
9602
3489
1157
5190
9590
6671
1341
4954
8379
547
6307
9944
2968
5442
9588
7425
5541
3480
3471
6897
899
3967
6923
5831
7585
1285
4125
3571
3543
483
1025
9704
3133
2998
9393
4283
7163
8091
2866
4929
9264
5716
9492
3696
6047
6028
3461
3675
7446
8348
7779
3266
2746
8312
6835
3250
7081
4971
6575
3100
1947
1299
5193
8247
6245
3505
611
7143
9235
8355
3531
9419
1959
6798
2601
9451
9784
8105
6318
4605
3818
8146
6139
5800
992
2825
9021
7924
5867
2731
7853
5593
9855
9945
4259
5773
2905
9762
5698
9434
4240
8003
1596
156
7220
8694
6693
222
1001
7539
7502
3527
5406
6055
609
1437
4938
416
6963
1355
1332
2119
7790
6500
304
5505
6837
5636
8879
4479
8609
8226
3069
7627
3595
7364
57
8060
9006
3082
9083
1293
3371
8045
810
6382
3616
986
5308
1794
323
2035
3599
9310
1205
4617
3297
7737
646
7583
1567
3155
5636
6751
6776
5978
2131
7523
9118
5627
5634
7448
2191
4647
8096
5718
5338
1203
3928
7176
3098
5456
7011
4050
3438
5620
4553
2754
6790
8461
4200
1114
5339
3540
7782
6335
3945
2821
4349
8347
1937
8893
1157
9225
4111
4181
841
2050
7172
3333
6612
1700
9090
9602
292
9890
358
9118
2215
9232
6265
2011
205
4021
6968
4024
6672
1391
830
6198
4096
3988
6772
2405
1920
1978
1306
9019
6591
8961
1736
5165
5123
4508
5583
6531
4928
3285
3572
300
1448
474
8703
2510
8102
9719
7254
970
1905
9589
4377
5612
3824
5420
8679
9955
1642
3681
3799
6727
7139
1825
7272
8768
2321
6422
7140
3977
5050
7280
3115
3753
1804
3989
6159
6111
5726
1780
5075
8515
5011
2013
1721
4115
3586
9540
9937
9992
3042
9229
658
8590
2767
7642
1830
8451
3258
9238
2871
3840
1841
8176
939
9515
1391
7335
3523
194
8016
6951
9430
3452
5369
5986
2074
1059
2153
4248
6687
1544
2230
2897
9394
6593
8927
1629
1526
5970
9749
3816
9686
1517
7615
7102
3098
6884
7727
8658
1273
3083
4325
397
6431
5406
4435
8490
3891
7766
767
8288
7979
2365
6998
9215
8183
2183
7468
76
8478
4000
9279
5769
4480
9009
5304
8600
6598
2574
9356
5653
2995
6474
7003
4909
3828
9509
8073
6904
3859
4397
9595
2103
8805
2522
7470
889
4900
3781
2246
9641
8211
2590
8535
7022
5459
8688
5221
3976
9320
3255
5806
9794
3852
595
5615
3887
4460
2226
9264
3876
6786
7246
5957
6750
67
4308
8035
3013
6628
6055
8699
376
8561
2747
9010
6536
9485
5219
4373
6154
408
1665
1605
3174
6603
1887
6551
7563
8249
5010
5632
449
6708
8921
1752
6783
3322
5025
1934
5928
828
3341
3262
3408
4082
6252
435
125
4475
1154
1436
6178
8733
5623
4984
3464
5807
7600
5104
2884
2390
994
7493
722
4622
803
9853
9608
2941
2100
5547
6694
1183
6360
2074
1221
9474
2044
9673
8443
6923
711
3637
6669
393
4162
6270
6011
6991
1287
3558
7736
7595
1243
6702
950
1366
2327
931
549
9466
9585
9522
1874
128
8735
7198
3393
8085
2195
6015
5861
8824
3266
9831
7910
1735
6626
2563
2830
3853
9517
3817
3551
9921
8373
9058
7642
9230
3793
8698
7717
273
7835
2478
3781
7047
2512
3607
9276
5858
8818
1177
2210
7223
1793
9222
7409
6733
1336
6114
5477
8049
6664
5448
8314
2081
5713
5359
2538
3151
846
7849
2205
2238
4407
8359
4323
9712
7959
3585
1789
9754
4012
4155
7674
2427
4604
5935
6407
5341
7541
5633
9290
2866
8310
4957
1927
1425
7731
7120
288
6496
4515
8085
7415
4673
7600
2547
3742
5924
9996
2282
2079
5657
8416
5668
6550
9864
3495
6958
3648
5200
7934
1650
5201
1864
4311
903
8287
5380
838
4190
7439
4419
3487
7197
2302
9409
389
8706
1247
3614
9354
4197
1367
5656
4676
3424
2529
1800
1198
1293
8757
5841
3019
4965
5114
1737
1647
1756
7516
6912
4700
8431
2339
6371
7893
5027
912
1179
3770
7574
4634
1499
2845
2626
5201
3648
9410
4348
6184
1058
419
6009
7054
246
1063
9433
7259
7854
8043
3620
2441
6943
663
8364
2903
5658
4230
8751
68
2256
2561
313
9831
7223
286
3977
1785
6467
36
6519
4169
3157
9826
5689
6491
6732
1382
1297
1466
4287
1226
7095
4162
1472
4168
1198
6683
6808
6684
6221
9941
3627
257
2174
6558
1352
7007
2503
2795
2856
8578
8932
2726
5145
1469
3176
6351
4680
3792
3257
7103
5485
5819
2942
2835
5251
3078
6770
3327
8758
5130
6315
4644
1710
5650
1905
2854
3664
2072
7090
2469
1930
7830
6729
9348
9635
1921
7343
4506
8558
4925
3202
1173
3535
1900
4824
3401
4111
7102
8718
3698
6784
8332
7553
8152
4145
8298
2074
6062
367
8632
7617
2080
5488
591
4864
1821
8213
8673
4374
6725
4456
9396
8564
6988
8394
1293
6145
2148
7503
8533
6551
4221
6668
1817
4626
1265
1075
3421
458
2748
6103
6065
6500
8010
2605
9553
8061
4158
7481
6051
3560
2794
3075
9333
940
4412
930
7991
6155
8801
9236
9875
863
9539
4870
2231
3798
3602
4446
5642
5836
6862
1243
7719
2749
8819
7913
4520
9527
1555
9741
6857
3803
1321
363
6910
9671
8905
771
9862
2876
9280
1050
7255
223
9368
1756
2698
6537
1881
1582
3730
8236
423
6689
1392
9492
1945
8620
8790
6297
301
1792
4986
6075
2435
6948
1497
5741
1911
1852
8299
5425
2235
5945
6669
9351
6302
4472
4680
3419
4239
6205
1394
717
5728
1516
2802
7761
4229
5768
2909
9318
9027
5932
4560
3523
4149
6414
5006
3798
6602
1676
3553
3770
1765
3633
5158
9313
79
5254
9886
4530
6661
4073
1044
3966
7736
1291
7435
4969
893
8990
4114
9132
627
9503
413
9831
7149
8319
818
4778
4331
429
9692
9113
5586
3895
5298
6051
6659
1312
4528
5213
6343
8537
3285
5430
620
4115
6931
4461
511
455
9121
3864
3168
8494
7497
5569
4788
4017
3972
8387
3861
2158
9046
2382
3308
3925
5254
1660
6119
5618
5367
6751
4196
9116
5583
2802
3100
5426
6680
2414
4676
2927
9309
5749
5995
2782
6789
5078
9577
6660
6393
8632
8889
8860
8028
1595
426
5500
5936
6137
4596
8104
1432
387
7740
4058
5296
3199
7888
3732
1234
2891
135
1573
5808
7904
85
7066
4368
144
5846
2398
222
3409
8919
5624
52
3681
6086
7884
6861
9913
8061
6434
8715
3432
2344
970
249
4502
3304
7559
1044
9775
2724
6661
8898
8073
5598
4420
3094
7257
3064
2226
1609
7556
1891
2794
88
7045
509
9621
5078
5740
3456
3703
1369
4953
7384
7048
6923
9618
2788
6470
4354
7610
3335
40
4806
6225
7051
7329
9527
152
3956
5025
6005
5871
1381
6853
8621
7180
5708
6054
6363
7135
833
9835
9847
3572
2513
5690
515
1111
7709
4107
8651
4552
3045
6385
844
8218
9358
433
2076
4656
9399
3581
8548
3379
10
7730
7367
3939
6096
3948
9400
7215
9964
6241
271
9448
5526
4895
6656
304
6334
9746
7505
3202
5739
3040
5118
9276
7221
2465
843
9712
9581
8616
9943
8625
5359
195
9819
1926
9745
9385
3761
2593
9743
983
8010
5731
8072
9634
2039
197
8459
8321
2035
6206
248
7416
3146
2529
9800
7593
6720
1163
7829
4425
1168
903
2186
9921
6364
7923
8382
5227
3674
1073
8002
7304
5288
7153
6007
2186
8765
348
1613
2494
8059
8395
6836
6114
9741
9784
228
2144
2707
6156
5446
7613
9288
5242
9034
7366
1651
9025
9811
4282
1063
7637
5905
5259
5631
1910
6232
7899
3051
5941
5968
5837
4373
520
5917
193
7302
5913
7675
4182
5802
3599
1431
1825
2053
9291
9988
1750
3050
3856
2065
9262
1843
189
3156
4781
8074
6904
3706
2144
5745
2475
1673
528
4420
1390
6668
8602
6080
3846
348
4915
4609
849
1490
8289
4238
9949
6246
4214
8660
6099
2155
4523
1291
9673
9618
2363
5885
4632
5433
9839
7021
9614
1795
6293
3994
2830
1636
2517
1052
5256
7057
5364
2668
7348
5259
949
2519
9251
7917
677
1330
6433
8582
259
1989
9538
6280
3753
9119
3230
4775
3099
5773
4473
1130
284
9798
2080
4800
6944
8291
4620
8346
9431
4512
7657
5885
853
4003
3188
3146
8144
5548
4442
6264
7322
7125
5544
5264
4571
4562
9306
5569
9412
4556
554
4829
569
5993
3444
4651
7554
8352
8973
9284
5475
4626
4772
4653
8358
1696
1769
494
3024
4693
3472
7081
5920
7233
3671
2326
4817
5813
5875
2188
8295
9981
9591
3316
8336
9758
5138
8803
7660
5165
8542
9655
2610
5306
7342
7625
7366
4328
1811
1115
1085
8852
8843
9253
6798
9823
2695
4569
4655
9365
6811
6592
22
1139
2721
5831
9932
7763
466
3875
2791
6972
4533
4660
7916
2607
3031
4481
8794
9279
3229
4261
6486
141
7448
8081
6154
3564
5081
6402
6327
4326
2617
5474
7984
931
8690
5832
731
970
8322
7251
7156
4935
4815
5518
8008
419
692
1763
9950
3797
813
8615
495
9258
2495
3248
4328
9
3673
6690
3180
8734
2922
9035
4003
3538
202
3854
9580
6513
4390
9403
623
6935
7104
1175
7210
6316
190
9496
4407
4391
3863
4731
5589
5732
3567
7905
5372
5564
3157
1057
5769
7606
4222
308
7121
1031
6269
6127
7198
2766
5015
8360
2418
653
9572
4263
3426
7429
7553
7357
2904
758
5049
5325
2826
471
8163
6750
1668
331
9609
3115
9175
2297
7939
3440
951
7132
9880
4399
3645
7234
1117
4364
5900
2783
8911
8325
8839
1219
1467
940
9779
6232
8348
3162
712
6254
1352
9336
688
2174
6569
1158
4369
7133
6767
4117
470
2432
1766
1791
2554
350
3339
3988
4276
9652
7144
2998
458
4159
8419
6497
7959
9123
5908
7814
9228
2713
909
4139
8785
1825
1725
8879
8333
3233
8396
8608
7939
336
2533
2010
427
4521
7380
7653
8866
9153
411
1013
2652
5595
6842
3996
4266
654
1630
8792
7955
4453
1179
3699
7274
6756
771
3821
724
9732
1544
7543
3695
1345
6293
8811
7625
7184
1599
8915
6555
6050
5733
2769
3088
3130
933
4904
7917
8313
2166
8566
9831
9974
5950
4549
5159
512
9372
1367
5683
1586
2818
9643
2185
4623
5881
9347
6516
6868
4996
6258
533
5459
2250
2793
9877
345
4299
264
4205
9927
3604
9277
3091
2194
1575
7900
5004
6441
1162
5915
786
9019
3477
245
347
8212
13
9228
977
7517
2720
3477
3302
8646
9990
126
7321
8398
833
7199
1560
172
7281
939
4189
7309
1819
9618
548
4618
4024
1812
2230
8378
9861
